# Blender 4.2.0
# www.blender.org
mtllib Landscape.mtl
o Cube
v -7.581071 -0.210869 7.581071
v -7.581071 0.210869 7.581071
v -7.581071 -0.210869 -7.581071
v -7.581071 0.210869 -7.581071
v 7.581071 -0.210869 7.581071
v 7.581071 0.210869 7.581071
v 7.581071 -0.210869 -7.581071
v 7.581071 0.210869 -7.581071
v -7.658838 0.777204 -0.207373
v 0.000000 0.210869 -7.581071
v 7.581071 0.210869 0.000000
v 0.000000 0.210869 7.581071
v 0.010684 2.673515 -0.017370
v -7.581071 0.210869 -3.790536
v 3.790536 0.210869 -7.581071
v 7.581071 0.210869 3.790536
v -3.790536 0.210869 7.581071
v -7.581071 0.211167 3.790536
v -3.790536 0.210869 -7.581071
v 7.581071 0.210869 -3.790536
v 3.790536 0.210869 7.581071
v 0.000708 0.392589 3.789384
v 0.000000 1.106633 -3.790536
v 3.790536 0.210869 0.000000
v -3.789966 0.342255 -0.000927
v -3.790536 2.022753 -3.790536
v 3.790536 2.538406 -3.790536
v 3.790536 2.411236 3.790536
v -3.863396 1.833787 4.209075
v -7.581071 0.210869 -5.685803
v 5.685803 0.210869 -7.581071
v 7.581071 0.210869 5.685803
v -5.685803 0.210869 7.581071
v -7.597233 0.328563 1.852172
v -1.895273 0.268268 -7.581077
v 7.581071 0.210869 -1.895268
v 1.895268 0.210869 7.581071
v 0.252801 1.140741 5.861779
v 0.001893 0.647327 -1.898346
v 5.685803 0.897701 0.000000
v -1.885786 2.396505 -0.015416
v -7.581071 0.210869 -1.895268
v 1.895268 0.233734 -7.581071
v 7.581071 0.210869 1.895268
v -1.895268 0.210869 7.581071
v -7.581071 0.210869 5.685803
v -5.685803 0.210869 -7.581071
v 7.581071 0.210869 -5.685803
v 5.685803 0.210869 7.581071
v 0.010121 2.543855 1.878813
v 0.000000 0.531447 -5.685803
v 1.897710 0.773879 -0.003971
v -5.839884 1.332964 -0.410875
v -3.790536 1.166983 -1.895268
v -3.790536 0.210869 -5.685803
v -1.895268 0.277849 -3.790536
v -5.685803 0.289151 -3.790536
v 3.790536 1.323336 -1.895268
v 3.790536 2.236243 -5.685803
v 5.685803 0.516219 -3.790536
v 1.895268 2.665706 -3.790536
v 3.790536 2.325076 5.685803
v 3.790536 0.799007 1.895268
v 5.685803 1.410708 3.790536
v 1.895268 1.834963 3.790536
v -3.871192 1.986889 6.149126
v -3.790283 0.287736 1.894857
v -1.894771 0.334840 3.789728
v -5.690133 0.338512 3.815403
v -5.821241 1.216362 1.534106
v -1.885729 2.409634 1.879759
v -1.900932 0.335594 5.718341
v 1.897146 0.643893 1.892214
v 5.685803 0.210869 1.895268
v 5.685803 0.781125 5.685803
v 1.895268 2.470353 -5.685803
v 5.685803 0.272039 -5.685803
v 5.685803 0.310723 -1.895268
v -5.685803 0.210869 -5.685803
v -1.895385 1.438739 -5.685921
v -1.893908 0.524395 -1.897479
v -5.727471 0.514312 -2.006379
v 1.895268 1.719478 -1.895268
v 1.895268 1.090828 5.685803
v -5.692860 0.366249 5.726339
v -7.581071 0.210869 -6.633438
v 6.633438 0.210869 -7.581071
v 7.581071 0.210869 6.633438
v -6.633438 0.210869 7.581071
v -7.653264 0.736609 0.755125
v -0.947636 0.228862 -7.581073
v 7.581071 0.210869 -0.947634
v 0.947634 0.210869 7.581071
v 0.180156 0.873532 6.758844
v 0.009140 2.317556 -0.962493
v 6.633438 0.785471 0.000000
v -0.937424 2.564332 -0.016600
v -7.581071 0.210869 -2.842902
v 2.842902 0.258595 -7.581071
v 7.581071 0.210869 2.842902
v -2.842902 0.210869 7.581071
v -7.581071 0.210869 4.738170
v -4.738170 0.210869 -7.581071
v 7.581071 0.210869 -4.738170
v 4.738170 0.210869 7.581071
v 0.007543 1.949525 2.830639
v 0.000000 1.052067 -4.738170
v 2.842902 0.210869 0.000000
v -4.882435 1.261485 -0.384701
v -3.847899 0.628619 -1.100600
v -3.790536 1.646146 -4.738170
v -0.947634 0.210869 -3.790536
v -4.738170 1.683326 -3.790536
v 3.790536 0.267436 -0.947634
v 3.790536 2.681192 -4.738170
v 6.633438 0.210869 -3.790536
v 2.842902 2.731326 -3.790536
v 3.790536 0.920536 6.633438
v 3.790536 2.232722 2.842902
v 6.633438 0.244096 3.790536
v 2.842902 2.242812 3.790536
v -3.817762 0.810394 6.789839
v -3.805864 0.567381 2.930954
v -0.946591 0.467984 3.788840
v -4.796559 1.514473 4.125949
v -7.581071 0.210869 -4.738170
v 4.738170 0.210869 -7.581071
v 7.581071 0.210869 4.738170
v -4.738170 0.210869 7.581071
v -7.581071 0.211792 2.842902
v -2.842902 0.210869 -7.581071
v 7.581071 0.210869 -2.842902
v 2.842902 0.210869 7.581071
v 0.243692 1.107234 4.907804
v 0.000000 0.656474 -2.842902
v 4.738170 0.691206 0.000000
v -2.836062 1.787512 -0.011120
v -7.604408 0.380815 -1.009863
v 0.947634 0.210869 -7.581071
v 7.581071 0.210869 0.947634
v -0.947634 0.210869 7.581071
v -7.581071 0.210869 6.633438
v -6.633438 0.210869 -7.581071
v 7.581071 0.210869 -6.633438
v 6.633438 0.210869 7.581071
v 0.011174 2.786615 0.929467
v -0.000000 0.211097 -6.633438
v 0.955656 2.059898 -0.013042
v -6.777555 1.260413 -0.384309
v -3.790536 1.916492 -2.842902
v -3.790536 0.210869 -6.633438
v -2.842902 1.507890 -3.790536
v -6.633438 0.210869 -3.790536
v 3.790536 2.399368 -2.842902
v 3.790536 0.967010 -6.633438
v 4.738170 1.794141 -3.790536
v 0.947634 2.351497 -3.790536
v 3.790536 2.390606 4.738170
v 3.790536 0.210869 0.947634
v 4.738170 2.271989 3.790536
v 0.947724 0.307980 3.790390
v -3.880299 2.206204 5.253808
v -3.789824 0.392971 0.946478
v -2.916527 1.850625 4.213469
v -6.633438 0.228817 3.790536
v -5.713695 0.432796 2.768526
v -5.839351 1.347954 0.538180
v -4.864305 1.148473 1.558910
v -6.748009 1.063288 1.589749
v -1.889996 1.444874 2.834331
v -1.885173 2.537817 0.931221
v -0.936757 2.718021 1.877584
v -2.838022 1.355710 1.887334
v -1.859893 0.340987 6.658062
v -1.924475 0.872012 4.905951
v -0.714825 1.067204 5.847863
v -2.910077 1.690046 6.071686
v 1.895493 0.299630 2.842536
v 1.898541 0.965338 0.942312
v 2.842902 0.578159 1.895268
v 0.954251 1.736074 1.884510
v 5.685803 0.688778 2.842902
v 5.685803 0.354245 0.947634
v 6.633438 0.210869 1.895268
v 4.738170 0.467736 1.895268
v 5.685803 0.225001 6.633438
v 5.685803 1.361406 4.738170
v 6.633438 0.210869 5.685803
v 4.738170 1.951382 5.685803
v 1.895268 2.597569 -4.738170
v 1.895268 1.233201 -6.633438
v 2.842902 2.623597 -5.685803
v 0.947634 1.891991 -5.685803
v 5.685803 0.492353 -4.738170
v 5.685803 0.210869 -6.633438
v 6.633438 0.210869 -5.685803
v 4.738170 1.185737 -5.685803
v 5.685803 0.896655 -0.947634
v 5.685803 0.316035 -2.842902
v 6.633438 0.210869 -1.895268
v 4.738170 0.486073 -1.895268
v -5.685803 0.210869 -4.738170
v -5.685803 0.210869 -6.633438
v -4.738170 0.210869 -5.685803
v -6.633438 0.210869 -5.685803
v -1.895272 0.253773 -4.738173
v -1.895381 1.396263 -6.633551
v -0.947725 1.164838 -5.685894
v -2.842912 0.323421 -5.685814
v -1.887770 1.939195 -0.959824
v -1.895268 0.258097 -2.842902
v -0.944869 0.848214 -1.899763
v -2.842879 0.411922 -1.895304
v -5.824237 1.219018 -1.316785
v -5.685803 0.266528 -2.842902
v -4.738170 0.469149 -1.895268
v -6.648428 0.320041 -1.935243
v 1.895779 0.328652 -0.948465
v 1.895268 2.498585 -2.842902
v 2.842902 1.978736 -1.895268
v 0.948042 0.304929 -1.895931
v 1.895268 0.274467 6.633438
v 1.895268 1.862772 4.738170
v 2.842902 2.075408 5.685803
v 1.130376 0.893843 5.813011
v -5.685803 0.210869 6.633438
v -5.710626 0.774113 4.880761
v -4.818089 1.970683 6.144898
v -6.633438 0.210869 5.685803
v -6.633438 0.222955 4.738170
v -4.812473 1.865887 5.165000
v -4.747347 0.412955 6.686157
v 0.947634 0.365777 4.738170
v 2.842902 2.327225 4.738170
v 2.842902 0.761443 6.633438
v 0.947634 2.104588 -2.842902
v 2.842902 2.722557 -2.842902
v 2.842902 0.376745 -0.947634
v -6.633438 0.210869 -2.842902
v -4.738170 1.618196 -2.842902
v -4.868096 1.157061 -1.294099
v -2.842902 1.423406 -2.842902
v -0.947634 0.210869 -2.842902
v -0.938379 2.344206 -0.962681
v -2.842913 0.331051 -6.633449
v -0.947728 1.202904 -6.633532
v -0.947635 0.223397 -4.738171
v -6.633438 0.210869 -6.633438
v -4.738170 0.210869 -6.633438
v -4.738170 0.822366 -4.738170
v 4.738170 1.408473 -2.842902
v 6.633438 0.210869 -2.842902
v 6.633438 0.772285 -0.947634
v 4.738170 0.369855 -6.633438
v 6.633438 0.210869 -6.633438
v 6.633438 0.210869 -4.738170
v 0.947634 0.620629 -6.633438
v 2.842902 1.562074 -6.633438
v 2.842902 2.777397 -4.738170
v 4.738170 2.151473 4.738170
v 6.633438 0.252187 4.738170
v 6.633438 0.210869 6.633438
v 4.738170 0.210869 0.947634
v 6.633438 0.213156 0.947634
v 6.633438 0.210869 2.842902
v 0.957062 2.384020 0.932306
v 2.842902 0.210869 0.947634
v 2.842902 2.022532 2.842902
v -2.923182 1.997625 5.199335
v -0.698590 1.145151 4.911530
v -0.765814 0.879655 6.760003
v -2.835082 2.013432 0.934920
v -0.937216 2.612135 0.930697
v -0.939164 2.180242 2.829132
v -6.767078 1.185644 0.591263
v -4.888383 1.323264 0.547071
v -4.743044 0.336534 2.870906
v -6.642049 0.291317 2.819939
v -2.841315 0.586044 2.840322
v -2.850445 0.376965 6.676768
v 0.950897 0.963013 2.837597
v 4.738170 1.810810 2.842902
v 4.738170 0.597352 6.633438
v 0.947634 2.281696 -4.738170
v 4.738170 2.022140 -4.738170
v 4.738170 0.671889 -0.947634
v -6.633438 0.210869 -4.738170
v -2.842902 0.698922 -4.738170
v -2.840370 0.794418 -0.951750
v -6.752799 1.080124 -1.265927
v 0.952283 1.282491 -0.955192
v 0.982243 0.338171 6.657529
v -6.633438 0.210869 6.633438
v -7.581071 0.210869 -7.107255
v 7.107255 0.210869 -7.581071
v 7.581071 0.210869 7.107255
v -7.107255 0.210869 7.581071
v -7.665051 0.822451 0.249875
v -0.473817 0.210869 -7.581071
v 7.581071 0.210869 -0.473817
v 0.473817 0.210869 7.581071
v 0.041985 0.365302 7.136480
v 0.010054 2.528374 -0.490163
v 7.107255 0.339170 0.000000
v -0.463189 2.660663 -0.017279
v -7.581071 0.210869 -3.316719
v 3.316719 0.238941 -7.581071
v 7.581071 0.210869 3.316719
v -3.316719 0.210869 7.581071
v -7.581071 0.210869 4.264353
v -4.264353 0.210869 -7.581071
v 7.581071 0.210869 -4.264353
v 4.264353 0.210869 7.581071
v 0.003195 0.961811 3.311524
v 0.000000 1.142140 -4.264353
v 3.316719 0.210869 0.000000
v -4.395089 1.162961 -0.348625
v -3.835355 0.587469 -0.594240
v -3.790536 1.927715 -4.264353
v -0.473817 0.441363 -3.790536
v -4.264353 1.858270 -3.790536
v 3.790536 0.210869 -0.473817
v 3.790536 2.793132 -4.264353
v 7.107255 0.210869 -3.790536
v 3.316719 2.812719 -3.790536
v 3.790536 0.356055 7.107255
v 3.790536 2.382646 3.316719
v 7.107255 0.210869 3.790536
v 3.316719 2.319236 3.790536
v -3.792017 0.243479 7.115762
v -3.849379 1.525221 3.654741
v -0.472881 0.446578 3.789014
v -4.329477 1.663618 4.164639
v -7.581071 0.210869 -5.211987
v 5.211987 0.210869 -7.581071
v 7.581071 0.210869 5.211987
v -5.211987 0.210869 7.581071
v -7.581071 0.210869 2.369085
v -2.369085 0.210869 -7.581071
v 7.581071 0.210869 -2.369085
v 2.369085 0.210869 7.581071
v 0.257219 1.156992 5.391037
v 0.000245 0.267288 -2.369483
v 5.211987 0.865075 0.000000
v -2.360424 2.207259 -0.014081
v -7.584584 0.236453 -1.430819
v 1.421451 0.210869 -7.581071
v 7.581071 0.210869 1.421451
v -1.421451 0.210869 7.581071
v -7.581071 0.210869 6.159620
v -6.159620 0.210869 -7.581071
v 7.581071 0.210869 -6.159620
v 6.159620 0.210869 7.581071
v 0.010461 2.622169 1.404443
v 0.000000 0.311435 -6.159620
v 1.427245 1.546421 -0.009420
v -6.311033 1.313540 -0.403762
v -3.790536 1.769082 -2.369085
v -3.790536 0.210869 -6.159620
v -2.369085 1.035668 -3.790536
v -6.159620 0.210869 -3.790536
v 3.790536 2.158128 -2.369085
v 3.790536 1.867248 -6.159620
v 5.211987 1.123962 -3.790536
v 1.421451 2.575525 -3.790536
v 3.790536 2.441001 5.211987
v 3.790536 0.275068 1.421451
v 5.211987 2.029023 3.790536
v 1.421451 0.958447 3.790536
v -3.887761 2.365352 5.770492
v -3.789997 0.353415 1.420575
v -2.400806 0.946851 3.973220
v -6.159620 0.229537 3.790536
v -5.686514 0.245239 3.320799
v -5.834964 1.316311 1.023694
v -4.367449 0.980179 1.620349
v -6.289845 1.178321 1.548010
v -1.893068 0.735726 3.313142
v -1.885282 2.512618 1.405216
v -0.462910 2.724906 1.877536
v -2.360717 2.155350 1.881664
v -1.895268 0.210869 7.107255
v -1.918624 0.742238 5.346153
v -0.217453 1.153847 5.864259
v -2.407766 1.062613 5.908004
v 1.895268 1.545130 3.316719
v 1.898093 0.862112 1.416858
v 3.316719 0.714002 1.895268
v 1.426042 1.269053 1.887804
v 5.685803 1.058118 3.316719
v 5.685803 0.210869 1.421451
v 7.107255 0.210869 1.895268
v 5.211987 0.299867 1.895268
v 5.685803 0.210869 7.107255
v 5.685803 1.057804 5.211987
v 7.107255 0.210869 5.685803
v 5.211987 1.487789 5.685803
v 1.895268 2.709155 -4.264353
v 1.895268 2.249291 -6.159620
v 3.316719 2.523531 -5.685803
v 1.421451 2.263717 -5.685803
v 5.685803 0.539059 -4.264353
v 5.685803 0.210869 -6.159620
v 7.107255 0.210869 -5.685803
v 5.211987 0.616582 -5.685803
v 5.685803 0.878515 -0.473817
v 5.685803 0.227155 -2.369085
v 7.107255 0.210869 -1.895268
v 5.211987 0.262891 -1.895268
v -5.685803 0.228298 -4.264353
v -5.685803 0.210869 -6.159620
v -4.264353 0.210869 -5.685803
v -6.159620 0.210869 -5.685803
v -1.895268 0.223983 -4.264353
v -1.895407 1.671415 -6.159760
v -0.473817 0.244200 -5.685803
v -2.369181 1.224815 -5.685900
v -1.886698 2.186300 -0.487750
v -1.895193 0.228151 -2.369207
v -0.471309 0.788970 -1.899345
v -2.368571 0.329222 -1.896103
v -5.835593 1.301717 -0.873250
v -5.688514 0.233454 -2.376314
v -4.264353 0.850228 -1.895268
v -6.190821 0.438083 -1.978466
v 1.896684 0.537188 -0.476119
v 1.895268 2.293512 -2.369085
v 3.316719 1.807777 -1.895268
v 1.421451 1.269507 -1.895268
v 1.895268 0.210869 7.107255
v 1.895268 1.675781 5.211987
v 3.316719 2.133036 5.685803
v 1.421451 0.486795 5.685803
v -5.685803 0.210869 7.107255
v -5.700362 0.531452 5.295619
v -4.340408 1.885593 6.122700
v -6.159620 0.210869 5.685803
v -7.581071 0.210869 -6.159620
v 6.159620 0.210869 -7.581071
v 7.581071 0.210869 6.159620
v -6.159620 0.210869 7.581071
v -7.622750 0.514392 1.310310
v -1.421458 0.285915 -7.581079
v 7.581071 0.210869 -1.421451
v 1.421451 0.210869 7.581071
v 0.233821 1.070928 6.322384
v 0.006160 1.630824 -1.431466
v 6.159620 0.802785 0.000000
v -1.411560 2.490759 -0.016081
v -7.581071 0.210869 -2.369085
v 2.369085 0.256815 -7.581071
v 7.581071 0.210869 2.369085
v -2.369085 0.210869 7.581071
v -7.581071 0.210869 5.211987
v -5.211987 0.210869 -7.581071
v 7.581071 0.210869 -5.211987
v 5.211987 0.210869 7.581071
v 0.009064 2.300102 2.354349
v 0.000000 0.807739 -5.211987
v 2.369495 0.305502 -0.000667
v -5.364744 1.323331 -0.407347
v -3.790536 0.265707 -1.421451
v -3.790536 0.397907 -5.211987
v -1.421451 0.210869 -3.790536
v -5.211987 1.098216 -3.790536
v 3.790536 0.614314 -1.421451
v 3.790536 2.427542 -5.211987
v 6.159620 0.225953 -3.790536
v 2.369085 2.649150 -3.790536
v 3.790536 1.934946 6.159620
v 3.790536 1.875502 2.369085
v 6.159620 0.630687 3.790536
v 2.369085 2.058961 3.790536
v -3.867411 1.903656 6.601229
v -3.800086 0.304412 2.346483
v -1.420699 0.402775 3.789313
v -5.250479 1.077131 4.011653
v -7.581071 0.210869 -4.264353
v 4.264353 0.210869 -7.581071
v 7.581071 0.210869 4.264353
v -4.264353 0.210869 7.581071
v -7.581071 0.214721 3.316719
v -3.316719 0.210869 -7.581071
v 7.581071 0.210869 -3.316719
v 3.316719 0.210869 7.581071
v 0.240041 1.096924 4.431446
v 0.000000 0.947286 -3.316719
v 4.264353 0.241953 0.000000
v -3.313760 0.892808 -0.004810
v -7.634493 0.599912 -0.616272
v 0.473817 0.210869 -7.581071
v 7.581071 0.210869 0.473817
v -0.473817 0.210869 7.581071
v -7.581071 0.210869 7.107255
v -7.107255 0.210869 -7.581071
v 7.581071 0.210869 -7.107255
v 7.107255 0.210869 7.581071
v 0.010845 2.710727 0.456185
v 0.000000 0.210869 -7.107255
v 0.484062 2.572412 -0.016657
v -7.234171 1.135141 -0.338438
v -3.790536 1.998964 -3.316719
v -3.790536 0.210869 -7.107255
v -3.316719 1.776975 -3.790536
v -7.107255 0.210869 -3.790536
v 3.790536 2.565996 -3.316719
v 3.790536 0.420033 -7.107255
v 4.264353 2.070718 -3.790536
v 0.473817 2.036123 -3.790536
v 3.790536 2.433656 4.264353
v 3.790536 0.210869 0.473817
v 4.264353 2.430416 3.790536
v 0.474295 0.321954 3.789758
v -3.872770 2.040648 4.736742
v -3.789658 0.413596 0.472390
v -3.392141 1.890334 4.223795
v -7.107255 0.228668 3.790536
v -5.787027 0.967067 2.099160
v -5.823493 1.228529 0.106653
v -5.346254 1.207695 1.537227
v -7.177811 0.731146 1.707120
v -1.886984 2.137040 2.355617
v -1.885290 2.510840 0.457595
v -1.411247 2.562972 1.878678
v -3.314843 0.661592 1.892219
v -1.810765 0.545437 6.224394
v -1.908076 0.493988 4.337926
v -1.183423 1.086401 5.851495
v -3.390303 1.831167 6.108502
v 1.896216 0.429511 2.367543
v 1.898436 0.941143 0.468666
v 2.369360 0.274312 1.894820
v 0.482188 2.140402 1.881658
v 5.685803 0.353191 2.369085
v 5.685803 0.804724 0.473817
v 6.159620 0.210869 1.895268
v 4.264353 0.668910 1.895268
v 5.685803 0.406601 6.159620
v 5.685803 1.654487 4.264353
v 6.159620 0.330868 5.685803
v 4.264353 2.217762 5.685803
v 1.895268 2.558815 -5.211987
v 1.895268 0.525794 -7.107255
v 2.369085 2.585863 -5.685803
v 0.473817 1.102217 -5.685803
v 5.685803 0.386777 -5.211987
v 5.685803 0.210869 -7.107255
v 6.159620 0.210869 -5.685803
v 4.264353 1.837214 -5.685803
v 5.685803 0.784331 -1.421451
v 5.685803 0.433422 -3.316719
v 6.159620 0.276168 -1.895268
v 4.264353 0.864450 -1.895268
v -5.685803 0.210869 -5.211987
v -5.685803 0.210869 -7.107255
v -5.211987 0.210869 -5.685803
v -7.107255 0.210869 -5.685803
v -1.895346 1.032176 -5.212065
v -1.895365 1.228315 -7.107351
v -1.421568 1.443486 -5.685921
v -3.316719 0.210869 -5.685803
v -1.891230 1.141545 -1.428015
v -1.895268 0.300432 -3.316719
v -1.419143 0.742804 -1.899020
v -3.316719 0.860226 -1.895268
v -5.797658 1.025450 -1.719724
v -5.685803 0.314419 -3.316719
v -5.255508 0.549424 -2.011324
v -7.108831 0.222354 -1.899474
v 1.895268 0.844512 -1.421451
v 1.895268 2.660262 -3.316719
v 2.369085 1.853384 -1.895268
v 0.474981 0.479107 -1.897160
v 1.895268 0.578745 6.159620
v 1.895268 1.888867 4.264353
v 2.369085 1.833640 5.685803
v 0.710109 1.080018 5.850287
v -5.686846 0.233830 6.165610
v -5.702957 0.607512 4.362890
v -5.260293 1.274566 5.963297
v -7.107255 0.210869 5.685803
v -6.633438 0.210869 5.211987
v -6.633438 0.231202 4.264353
v -6.161024 0.258194 4.746230
v -7.107255 0.210869 4.738170
v -4.821386 2.052316 5.690017
v -4.804711 1.694629 4.646597
v -4.344857 2.002259 5.200623
v -5.272550 1.562542 5.086068
v -4.738170 0.210869 7.107255
v -4.785906 1.262003 6.433837
v -4.287330 0.716814 6.765427
v -5.213280 0.239356 6.640869
v 0.947634 0.291338 5.211987
v 0.947634 0.391836 4.264353
v 1.421451 1.002931 4.738170
v 0.714991 1.097974 4.906052
v 2.842902 2.239613 5.211987
v 2.842902 2.352952 4.264353
v 3.316719 2.294502 4.738170
v 2.369085 2.127444 4.738170
v 2.842902 0.281206 7.107255
v 2.842902 1.625141 6.159620
v 3.316719 0.927549 6.633438
v 2.369085 0.482756 6.633438
v 0.947634 1.529288 -2.369085
v 0.947634 2.260112 -3.316719
v 1.421451 2.395238 -2.842902
v 0.473817 1.367477 -2.842902
v 2.842902 2.510973 -2.369085
v 2.842902 2.797036 -3.316719
v 3.316719 2.636617 -2.842902
v 2.369085 2.624728 -2.842902
v 2.842902 0.210869 -0.473817
v 2.842902 0.933579 -1.421451
v 3.316719 0.333162 -0.947634
v 2.369085 0.375286 -0.947634
v -6.633438 0.210869 -2.369085
v -6.633438 0.210869 -3.316719
v -6.159620 0.210869 -2.842902
v -7.107255 0.210869 -2.842902
v -4.738170 1.455865 -2.369085
v -4.738170 1.761362 -3.316719
v -4.264353 1.913177 -2.842902
v -5.211987 1.057524 -2.842902
v -4.882614 1.262785 -0.858994
v -4.831270 0.888872 -1.669713
v -4.374062 1.009830 -1.240188
v -5.349380 1.211436 -1.314009
v -2.842902 1.209320 -2.369085
v -2.842902 1.489618 -3.316719
v -2.369085 0.912537 -2.842902
v -3.316719 1.746328 -2.842902
v -0.947218 0.306631 -2.369760
v -0.947634 0.210869 -3.316719
v -0.473817 0.275496 -2.842902
v -1.421451 0.210869 -2.842902
v -0.937724 2.495233 -0.489929
v -0.940646 1.821605 -1.432812
v -0.464408 2.379624 -0.962931
v -1.412873 2.188119 -0.961580
v -2.842924 0.441268 -6.159643
v -2.842902 0.215619 -7.107255
v -2.369186 1.278310 -6.633539
v -3.316719 0.210869 -6.633438
v -0.947731 1.228175 -6.159717
v -0.947699 0.894915 -7.107319
v -0.473861 0.672924 -6.633482
v -1.421576 1.525494 -6.633563
v -0.947634 0.210869 -4.264353
v -0.947690 0.803348 -5.212043
v -0.473817 0.413866 -4.738170
v -1.421457 0.278831 -4.738176
v -6.633438 0.210869 -6.159620
v -6.633438 0.210869 -7.107255
v -6.159620 0.210869 -6.633438
v -7.107255 0.210869 -6.633438
v -4.738170 0.210869 -6.159620
v -4.738170 0.210869 -7.107255
v -4.264353 0.210869 -6.633438
v -5.211987 0.210869 -6.633438
v -4.738170 1.680068 -4.264353
v -4.738170 0.238841 -5.211987
v -4.264353 1.444238 -4.738170
v -5.211987 0.278358 -4.738170
v 4.738170 0.917917 -2.369085
v 4.738170 1.659944 -3.316719
v 5.211987 0.736428 -2.842902
v 4.264353 2.073620 -2.842902
v 6.633438 0.210869 -2.369085
v 6.633438 0.210869 -3.316719
v 7.107255 0.210869 -2.842902
v 6.159620 0.210869 -2.842902
v 6.633438 0.825104 -0.473817
v 6.633438 0.466827 -1.421451
v 7.107255 0.324599 -0.947634
v 6.159620 0.879255 -0.947634
v 4.738170 0.738308 -6.159620
v 4.738170 0.210869 -7.107255
v 5.211987 0.215571 -6.633438
v 4.264353 0.642298 -6.633438
v 6.633438 0.210869 -6.159620
v 6.633438 0.210869 -7.107255
v 7.107255 0.210869 -6.633438
v 6.159620 0.210869 -6.633438
v 6.633438 0.210869 -4.264353
v 6.633438 0.210869 -5.211987
v 7.107255 0.210869 -4.738170
v 6.159620 0.216905 -4.738170
v 0.947634 1.172567 -6.159620
v 0.947634 0.269059 -7.107255
v 1.421451 0.989153 -6.633438
v 0.473817 0.328057 -6.633438
v 2.842902 2.367989 -6.159620
v 2.842902 0.649605 -7.107255
v 3.316719 1.273995 -6.633438
v 2.369085 1.551946 -6.633438
v 2.842902 2.802690 -4.264353
v 2.842902 2.765374 -5.211987
v 3.316719 2.798558 -4.738170
v 2.369085 2.691916 -4.738170
v 4.738170 2.143709 5.211987
v 4.738170 2.428647 4.264353
v 5.211987 1.732926 4.738170
v 4.264353 2.458265 4.738170
v 6.633438 0.217671 5.211987
v 6.633438 0.262775 4.264353
v 7.107255 0.210869 4.738170
v 6.159620 0.639274 4.738170
v 6.633438 0.210869 7.107255
v 6.633438 0.210869 6.159620
v 7.107255 0.210869 6.633438
v 6.159620 0.210869 6.633438
v 4.738170 0.212624 1.421451
v 4.738170 0.372232 0.473817
v 5.211987 0.274429 0.947634
v 4.264353 0.210869 0.947634
v 6.633438 0.210869 1.421451
v 6.633438 0.524599 0.473817
v 7.107255 0.210869 0.947634
v 6.159620 0.309048 0.947634
v 6.633438 0.210869 3.316719
v 6.633438 0.210869 2.369085
v 7.107255 0.210869 2.842902
v 6.159620 0.293466 2.842902
v 0.956280 2.203873 1.407394
v 0.956528 2.260898 0.459358
v 1.428635 1.866850 0.935954
v 0.484523 2.678742 0.930227
v 2.842902 0.232161 1.421451
v 2.842902 0.210869 0.473817
v 3.316719 0.210869 0.947634
v 2.369826 0.381646 0.946429
v 2.842902 2.150817 3.316719
v 2.842902 1.341095 2.369085
v 3.316719 2.180558 2.842902
v 2.369085 1.659050 2.842902
v -2.925510 2.045730 5.686525
v -2.920482 1.937997 4.710008
v -2.439660 1.783657 5.143583
v -3.411137 2.308228 5.280550
v -0.693130 1.161596 5.389147
v -0.713866 1.089024 4.427080
v -0.219962 1.146948 4.914879
v -1.362110 0.482217 4.788275
v -0.904539 0.369384 7.137253
v -0.713090 1.073586 6.322887
v -0.278996 0.927475 6.769053
v -1.297641 0.666276 6.719622
v -2.835815 1.859001 1.409929
v -2.835212 1.983307 0.461316
v -2.359988 2.307597 0.932845
v -3.312986 1.082051 0.941565
v -0.937053 2.649818 1.404248
v -0.937260 2.602134 0.456951
v -0.462867 2.734918 0.929831
v -1.411240 2.564438 0.931034
v -0.944204 1.020401 3.311142
v -0.937362 2.578691 2.352384
v -0.465309 2.179073 2.829069
v -1.414388 1.857466 2.831419
v -6.771082 1.228208 1.054403
v -6.779088 1.271568 0.085424
v -6.308531 1.309500 0.550545
v -7.228877 1.096590 0.623312
v -4.880691 1.268989 1.041400
v -4.890939 1.339553 0.066438
v -4.404306 1.248813 0.574431
v -5.365822 1.349243 0.537412
v -4.773769 1.013547 3.521217
v -4.817234 0.805472 2.158251
v -4.276183 0.490261 2.910860
v -5.231636 0.380468 2.794908
v -6.633438 0.227498 3.316719
v -6.689139 0.635369 2.220548
v -6.180105 0.377956 2.788277
v -7.107255 0.228970 2.842902
v -2.842642 0.286967 3.316297
v -2.839743 0.957400 2.363949
v -2.365656 1.018233 2.837327
v -3.316508 0.277562 2.842558
v -2.842902 0.210869 7.107255
v -2.883059 1.095119 6.390301
v -2.370255 0.236635 6.640160
v -3.334642 0.605530 6.736395
v 0.948724 0.462232 3.314946
v 0.953337 1.525569 2.359812
v 1.422804 0.522676 2.840703
v 0.479530 1.527774 2.833613
v 4.738170 2.175605 3.316719
v 4.738170 1.105824 2.369085
v 5.211987 1.285336 2.842902
v 4.264353 2.105819 2.842902
v 4.738170 0.251483 7.107255
v 4.738170 1.374912 6.159620
v 5.211987 0.369656 6.633438
v 4.264353 0.835800 6.633438
v 0.947634 2.375711 -4.264353
v 0.947634 2.138596 -5.211987
v 1.421451 2.481804 -4.738170
v 0.473817 1.984109 -4.738170
v 4.738170 2.171604 -4.264353
v 4.738170 1.682075 -5.211987
v 5.211987 1.112264 -4.738170
v 4.264353 2.440212 -4.738170
v 4.738170 0.757864 -0.473817
v 4.738170 0.254112 -1.421451
v 5.211987 0.843731 -0.947634
v 4.264353 0.235851 -0.947634
v -6.633438 0.210869 -4.264353
v -6.633438 0.210869 -5.211987
v -6.159620 0.210869 -4.738170
v -7.107255 0.210869 -4.738170
v -2.842902 1.354177 -4.264353
v -2.842902 0.235932 -5.211987
v -2.369085 0.270294 -4.738170
v -3.316719 1.389813 -4.738170
v -2.838225 1.288913 -0.481421
v -2.842062 0.404521 -1.422817
v -2.363865 1.414077 -0.956120
v -3.316066 0.361384 -0.948696
v -6.770130 1.206338 -0.838325
v -6.703910 0.724087 -1.609375
v -6.293092 1.182876 -1.303551
v -7.187367 0.794290 -1.161264
v 0.954870 1.878742 -0.485581
v 0.949622 0.669181 -1.424683
v 1.423592 0.704408 -0.951115
v 0.481585 2.001488 -0.960264
v 0.947634 0.210869 7.107255
v 1.076430 0.684618 6.249276
v 1.421451 0.210869 6.633438
v 0.594319 0.654108 6.717319
v -6.633438 0.210869 7.107255
v -6.633438 0.210869 6.159620
v -6.159620 0.210869 6.633438
v -7.107255 0.210869 6.633438
v -7.107255 0.210869 6.159620
v -6.159620 0.210869 6.159620
v -6.159620 0.210869 7.107255
v 0.683481 0.982072 6.305569
v 1.421451 0.274414 6.159620
v 1.421451 0.210869 7.107255
v 0.477709 1.107912 -1.427778
v 1.422117 0.364342 -1.422533
v 1.425360 1.112003 -0.480173
v -7.135227 0.414581 -1.496044
v -6.260885 0.948329 -1.691485
v -6.305996 1.276852 -0.864145
v -3.316664 0.237576 -1.421540
v -2.366718 0.756498 -1.425299
v -2.361155 2.038682 -0.486709
v -3.316719 0.344825 -5.211987
v -2.369118 0.565503 -5.212020
v -2.369085 0.604337 -4.264353
v -7.107255 0.210869 -5.211987
v -6.159620 0.210869 -5.211987
v -6.159620 0.210869 -4.264353
v 4.264353 0.407051 -1.421451
v 5.211987 0.700386 -1.421451
v 5.211987 0.890550 -0.473817
v 4.264353 2.163373 -5.211987
v 5.211987 0.932155 -5.211987
v 5.211987 1.249741 -4.264353
v 0.473817 1.669151 -5.211987
v 1.421451 2.383728 -5.211987
v 1.421451 2.602540 -4.264353
v 4.264353 1.839938 6.159620
v 5.211987 0.811438 6.159620
v 5.211987 0.210869 7.107255
v 4.264353 1.606519 2.369085
v 5.211987 0.693489 2.369085
v 5.211987 1.707904 3.316719
v 0.481758 2.041286 2.356174
v 1.424425 0.896541 2.364249
v 1.421715 0.271814 3.316289
v -3.377978 1.559790 6.511523
v -2.380927 0.471639 6.227650
v -2.369085 0.210869 7.107255
v -3.315750 0.450318 2.367510
v -2.362824 1.673090 2.358906
v -2.367734 0.525199 3.314522
v -7.128166 0.379255 2.313322
v -6.248090 0.874049 2.133169
v -6.159620 0.229534 3.316719
v -5.310707 0.948627 2.105836
v -4.305189 0.528037 2.260712
v -4.316136 1.369572 3.614183
v -5.367671 1.362196 0.058665
v -4.408274 1.271420 0.090034
v -4.394231 1.174686 1.075113
v -7.237005 1.155784 0.127820
v -6.310978 1.313208 0.070202
v -6.305765 1.294116 1.031739
v -1.412299 2.330723 2.354206
v -0.463823 2.514450 2.352837
v -0.470201 1.064156 3.310840
v -1.410952 2.630971 0.456747
v -0.463045 2.693804 0.456304
v -0.462873 2.733549 1.403658
v -3.313000 1.067905 0.467772
v -2.360057 2.291779 0.459140
v -2.360113 2.278922 1.406864
v -1.207786 0.996789 6.308353
v -0.233169 1.096040 6.327137
v -0.418095 0.415828 7.146042
v -1.248497 0.878298 4.388340
v -0.227938 1.127816 4.435418
v -0.226030 1.122298 5.384472
v -3.402565 2.119374 4.757491
v -2.427278 1.506653 4.598637
v -2.436464 1.710010 5.599044
v 2.369085 0.923752 2.369085
v 3.316719 1.757634 2.369085
v 3.316719 2.282100 3.316719
v 2.369761 0.366853 0.472717
v 3.316719 0.210869 0.473817
v 3.316719 0.266803 1.421451
v 0.483920 2.539744 0.457391
v 1.428075 1.737753 0.463047
v 1.428478 1.830622 1.410026
v 6.159620 0.210869 2.369085
v 7.107255 0.210869 2.369085
v 7.107255 0.210869 3.316719
v 6.159620 0.769698 0.473817
v 7.107255 0.218773 0.473817
v 7.107255 0.210869 1.421451
v 4.264353 0.210869 0.473817
v 5.211987 0.727044 0.473817
v 5.211987 0.210869 1.421451
v 6.159620 0.217101 6.159620
v 7.107255 0.210869 6.159620
v 7.107255 0.210869 7.107255
v 6.159620 0.703545 4.264353
v 7.107255 0.210869 4.264353
v 7.107255 0.210869 5.211987
v 4.264353 2.512266 4.264353
v 5.211987 2.181436 4.264353
v 5.211987 1.728676 5.211987
v 2.369085 2.663738 -5.211987
v 3.316719 2.701848 -5.211987
v 3.316719 2.866978 -4.264353
v 2.369085 0.601403 -7.107255
v 3.316719 0.551419 -7.107255
v 3.316719 2.222365 -6.159620
v 0.473817 0.210869 -7.107255
v 1.421451 0.399133 -7.107255
v 1.421451 1.853634 -6.159620
v 6.159620 0.210869 -5.211987
v 7.107255 0.210869 -5.211987
v 7.107255 0.210869 -4.264353
v 6.159620 0.210869 -7.107255
v 7.107255 0.210869 -7.107255
v 7.107255 0.210869 -6.159620
v 4.264353 0.289817 -7.107255
v 5.211987 0.210869 -7.107255
v 5.211987 0.359800 -6.159620
v 6.159620 0.744775 -1.421451
v 7.107255 0.210869 -1.421451
v 7.107255 0.416827 -0.473817
v 6.159620 0.210869 -3.316719
v 7.107255 0.210869 -3.316719
v 7.107255 0.210869 -2.369085
v 4.264353 2.196916 -3.316719
v 5.211987 0.951005 -3.316719
v 5.211987 0.446450 -2.369085
v -5.211987 0.210869 -5.211987
v -4.264353 0.346730 -5.211987
v -4.264353 1.733427 -4.264353
v -5.211987 0.210869 -7.107255
v -4.264353 0.210869 -7.107255
v -4.264353 0.210869 -6.159620
v -7.107255 0.210869 -7.107255
v -6.159620 0.210869 -7.107255
v -6.159620 0.210869 -6.159620
v -1.421544 1.193125 -5.212080
v -0.473817 0.325599 -5.211987
v -0.473817 0.462530 -4.264353
v -1.421556 1.319242 -7.107360
v -0.473823 0.274562 -7.107260
v -0.473881 0.881513 -6.159684
v -3.316719 0.210869 -7.107255
v -2.369121 0.589592 -7.107291
v -2.369188 1.291782 -6.159723
v -1.415582 1.563614 -1.430992
v -0.466530 1.890506 -1.433298
v -0.463629 2.559296 -0.490381
v -1.421451 0.210869 -3.316719
v -0.473817 0.366953 -3.316719
v -0.473420 0.302258 -2.369729
v -3.316719 1.806882 -3.316719
v -2.369085 1.128172 -3.316719
v -2.369085 0.440072 -2.369085
v -5.321743 1.010170 -1.714129
v -4.315152 0.609983 -1.556912
v -4.394703 1.160147 -0.821412
v -5.211987 1.257437 -3.316719
v -4.264353 2.159555 -3.316719
v -4.264353 1.481810 -2.369085
v -7.107255 0.210869 -3.316719
v -6.159620 0.210869 -3.316719
v -6.159620 0.210869 -2.369085
v 2.369085 0.962639 -1.421451
v 3.316719 0.810018 -1.421451
v 3.316719 0.210869 -0.473817
v 2.369085 2.677091 -3.316719
v 3.316719 2.809598 -3.316719
v 3.316719 2.438179 -2.369085
v 0.473817 1.850660 -3.316719
v 1.421451 2.484424 -3.316719
v 1.421451 2.123571 -2.369085
v 2.369085 1.072517 6.159620
v 3.316719 1.754833 6.159620
v 3.316719 0.341187 7.107255
v 2.369085 2.160096 4.264353
v 3.316719 2.326127 4.264353
v 3.316719 2.332620 5.211987
v 0.684173 0.984617 4.410782
v 1.421451 1.057130 4.264353
v 1.421451 0.804335 5.211987
v -5.225039 0.498289 6.234602
v -4.334723 1.760413 6.563861
v -4.265254 0.230726 7.112434
v -5.267015 1.441393 4.580462
v -4.337150 1.831913 4.682530
v -4.353311 2.178228 5.723002
v -7.107255 0.224884 4.264353
v -6.160256 0.243306 4.268003
v -6.159884 0.216676 5.213501
v -7.107255 0.210869 5.211987
v -5.276702 1.638506 5.583740
v -5.211987 0.210869 7.107255
v 0.718932 1.112472 5.382613
v 2.369085 2.042177 5.211987
v 2.369085 0.216523 7.107255
v 0.473861 0.843288 -2.369157
v 2.369085 2.296020 -2.369085
v 2.369207 0.239156 -0.474016
v -7.107255 0.210869 -2.369085
v -5.211987 0.509756 -2.369085
v -5.361093 1.296744 -0.871429
v -3.316719 1.546630 -2.369085
v -1.421175 0.274345 -2.369533
v -1.412070 2.373128 -0.489068
v -3.316719 0.210869 -6.159620
v -1.421574 1.504847 -6.159743
v -1.421451 0.210869 -4.264353
v -7.107255 0.210869 -6.159620
v -5.211987 0.210869 -6.159620
v -5.211987 0.646636 -4.264353
v 4.264353 1.601504 -2.369085
v 6.159620 0.210869 -2.369085
v 6.159620 0.906030 -0.473817
v 4.264353 1.209856 -6.159620
v 6.159620 0.210869 -6.159620
v 6.159620 0.231551 -4.264353
v 0.473817 0.665067 -6.159620
v 2.369085 2.399955 -6.159620
v 2.369085 2.690652 -4.264353
v 4.264353 2.411538 5.211987
v 6.159620 0.499768 5.211987
v 6.159620 0.210869 7.107255
v 4.264353 0.253897 1.421451
v 6.159620 0.210869 1.421451
v 6.159620 0.466007 3.316719
v 0.483288 2.394041 1.406052
v 2.369653 0.341775 1.420528
v 2.369085 1.926384 3.316719
v -3.416004 2.414767 5.782326
v -1.249476 0.884562 5.337759
v -1.404965 0.271507 7.118730
v -3.313800 0.902205 1.416706
v -1.411216 2.569954 1.404812
v -1.418343 0.945812 3.311666
v -7.215263 0.997447 1.133432
v -5.360378 1.310124 1.025745
v -5.222281 0.455690 3.375858
v -7.107255 0.229344 3.316719
v -3.372800 1.464703 3.638877
v -3.317582 0.229874 7.112212
v 0.476135 0.745153 3.312950
v 4.264353 2.354383 3.316719
v 4.264353 0.316509 7.107255
v 0.473817 2.061391 -4.264353
v 4.264353 2.555806 -4.264353
v 4.264353 0.274807 -0.473817
v -7.107255 0.210869 -4.264353
v -3.316719 1.768892 -4.264353
v -3.315018 0.602985 -0.476583
v -7.221704 1.044354 -0.779012
v 0.482989 2.325041 -0.488729
v 0.489156 0.267289 7.117932
v -7.107255 0.210869 7.107255
v -7.581071 0.210869 -7.344163
v 7.344163 0.210869 -7.581071
v 7.581071 0.210869 7.344163
v -7.344163 0.210869 7.581071
v -7.664205 0.816289 0.015223
v -0.236908 0.210869 -7.581071
v 7.581071 0.210869 -0.236908
v 0.236908 0.210869 7.581071
v 0.007705 0.239211 7.349526
v 0.010433 2.615620 -0.253870
v 7.344163 0.214209 0.000000
v -0.226139 2.693209 -0.017509
v -7.581071 0.210869 -3.553627
v 3.553627 0.222505 -7.581071
v 7.581071 0.210869 3.553627
v -3.553627 0.210869 7.581071
v -7.581071 0.211018 4.027444
v -4.027444 0.210869 -7.581071
v 7.581071 0.210869 -4.027444
v 4.027444 0.210869 7.581071
v 0.001633 0.603792 3.550972
v 0.000000 1.141594 -4.027444
v 3.553627 0.210869 0.000000
v -4.159351 1.195751 -0.352185
v -3.790155 0.298555 -0.237527
v -3.790536 1.944201 -4.027444
v -0.236908 0.724088 -3.790536
v -4.027444 2.100854 -3.790536
v 3.790536 0.210869 -0.236908
v 3.790536 2.692728 -4.027444
v 7.344163 0.210869 -3.790536
v 3.553627 2.722613 -3.790536
v 3.790536 0.235055 7.344163
v 3.790536 2.413704 3.553627
v 7.344163 0.210869 3.790536
v 3.553627 2.359800 3.790536
v -3.790536 0.210869 7.344163
v -3.856921 1.691261 3.934975
v -0.236058 0.426147 3.789153
v -4.093894 1.692731 4.172256
v -7.581071 0.210869 -5.448895
v 5.448895 0.210869 -7.581071
v 7.581071 0.210869 5.448895
v -5.448895 0.210869 7.581071
v -7.587523 0.257856 2.114971
v -2.132178 0.232813 -7.581073
v 7.581071 0.210869 -2.132176
v 2.132176 0.210869 7.581071
v 0.256061 1.152732 5.627140
v 0.000816 0.398964 -2.133503
v 5.448895 0.891813 0.000000
v -2.123079 2.307770 -0.014790
v -7.581071 0.210869 -1.658359
v 1.658359 0.215472 -7.581071
v 7.581071 0.210869 1.658359
v -1.658359 0.210869 7.581071
v -7.581071 0.210869 5.922712
v -5.922712 0.210869 -7.581071
v 7.581071 0.210869 -5.922712
v 5.922712 0.210869 7.581071
v 0.010401 2.608397 1.641449
v 0.000000 0.413791 -5.922712
v 1.662199 1.095823 -0.006242
v -6.075884 1.326347 -0.408452
v -3.790536 1.602828 -2.132176
v -3.790536 0.210869 -5.922712
v -2.132176 0.524951 -3.790536
v -5.922712 0.212605 -3.790536
v 3.790536 1.851562 -2.132176
v 3.790536 2.033729 -5.922712
v 5.448895 0.813149 -3.790536
v 1.658359 2.642051 -3.790536
v 3.790536 2.398795 5.448895
v 3.790536 0.436388 1.658359
v 5.448895 1.791336 3.790536
v 1.658359 1.444572 3.790536
v -3.874998 2.077504 5.934082
v -3.790140 0.320636 1.657716
v -2.131891 0.285881 3.790072
v -5.923858 0.261598 3.797119
v -5.688295 0.291264 3.567941
v -5.829589 1.277160 1.274937
v -4.106818 0.807508 1.683608
v -6.056477 1.204144 1.538567
v -1.894079 0.498546 3.551695
v -1.885491 2.464547 1.642464
v -0.226311 2.653674 1.878038
v -2.123096 2.311778 1.880505
v -1.895268 0.210869 7.344163
v -1.909377 0.530082 5.529943
v 0.018380 1.149893 5.863511
v -2.149152 0.584673 5.783320
v 1.895268 1.738264 3.553627
v 1.897678 0.766417 1.654441
v 3.553627 0.755784 1.895268
v 1.661569 0.950704 1.890050
v 5.685803 1.253588 3.553627
v 5.685803 0.210869 1.658359
v 7.344163 0.210869 1.895268
v 5.448895 0.241436 1.895268
v 5.685803 0.210869 7.344163
v 5.685803 0.924726 5.448895
v 7.344163 0.210869 5.685803
v 5.448895 1.071055 5.685803
v 1.895268 2.712774 -4.027444
v 1.895268 2.391600 -5.922712
v 3.553627 2.426605 -5.685803
v 1.658359 2.388034 -5.685803
v 5.685803 0.537290 -4.027444
v 5.685803 0.231461 -5.922712
v 7.344163 0.210869 -5.685803
v 5.448895 0.408979 -5.685803
v 5.685803 0.909233 -0.236908
v 5.685803 0.210869 -2.132176
v 7.344163 0.210869 -1.895268
v 5.448895 0.287984 -1.895268
v -5.685803 0.257659 -4.027444
v -5.685803 0.210869 -5.922712
v -4.027444 0.210869 -5.685803
v -5.922712 0.210869 -5.685803
v -1.895268 0.249882 -4.027444
v -1.895403 1.630308 -5.922847
v -0.236908 0.349459 -5.685803
v -2.132279 1.289807 -5.685906
v -1.886325 2.272138 -0.251447
v -1.894764 0.327049 -2.132996
v -0.234743 0.710111 -1.898789
v -2.131263 0.421377 -1.896753
v -5.838915 1.325910 -0.645200
v -5.701463 0.324906 -2.173933
v -4.027444 1.115665 -1.895268
v -5.960466 0.485816 -1.995945
v 1.897195 0.655162 -0.240042
v 1.895268 2.093950 -2.132176
v 3.553627 1.605352 -1.895268
v 1.658359 1.523301 -1.895268
v 1.895268 0.210869 7.344163
v 1.895268 1.412910 5.448895
v 3.553627 2.159434 5.685803
v 1.658359 0.777864 5.685803
v -5.685803 0.210869 7.344163
v -5.696898 0.455177 5.512630
v -4.104729 1.912670 6.129764
v -5.924057 0.240495 5.693532
v -7.581071 0.210869 -6.396529
v 6.396529 0.210869 -7.581071
v 7.581071 0.210869 6.396529
v -6.396529 0.210869 7.581071
v -7.639563 0.636834 1.028568
v -1.184548 0.265453 -7.581077
v 7.581071 0.210869 -1.184542
v 1.184542 0.210869 7.581071
v 0.215162 1.002293 6.546304
v 0.008299 2.123719 -1.198034
v 6.396529 0.850677 0.000000
v -1.174583 2.506502 -0.016192
v -7.581071 0.210869 -2.605993
v 2.605993 0.260671 -7.581071
v 7.581071 0.210869 2.605993
v -2.605993 0.210869 7.581071
v -7.581071 0.210869 4.975078
v -4.975078 0.210869 -7.581071
v 7.581071 0.210869 -4.975078
v 4.975078 0.210869 7.581071
v 0.008477 2.164837 2.592211
v 0.000000 0.950659 -4.975078
v 2.606012 0.215153 -0.000030
v -5.125084 1.303292 -0.400010
v -3.824722 0.459829 -1.275704
v -3.790536 0.928240 -4.975078
v -1.184542 0.210869 -3.790536
v -4.975078 1.443048 -3.790536
v 3.790536 0.401891 -1.184542
v 3.790536 2.540185 -4.975078
v 6.396529 0.210869 -3.790536
v 2.605993 2.694793 -3.790536
v 3.790536 1.461640 6.396529
v 3.790536 2.110279 2.605993
v 6.396529 0.380009 3.790536
v 2.605993 2.172101 3.790536
v -3.849956 1.519284 6.737864
v -3.794563 0.318526 2.629128
v -1.183623 0.440355 3.789041
v -5.027501 1.383488 4.091677
v -7.581071 0.210869 -4.501261
v 4.501261 0.210869 -7.581071
v 7.581071 0.210869 4.501261
v -4.501261 0.210869 7.581071
v -7.581071 0.213256 3.079810
v -3.079810 0.210869 -7.581071
v 7.581071 0.210869 -3.079810
v 3.079810 0.210869 7.581071
v 0.220966 1.025203 4.655077
v 0.000000 0.813318 -3.079810
v 4.501261 0.417093 0.000000
v -3.075225 1.267827 -0.007455
v -7.618715 0.485009 -0.811107
v 0.710725 0.210869 -7.581071
v 7.581071 0.210869 0.710725
v -0.710725 0.210869 7.581071
v -7.581071 0.210869 6.870346
v -6.870346 0.210869 -7.581071
v 7.581071 0.210869 -6.870346
v 6.870346 0.210869 7.581071
v 0.011192 2.790720 0.692529
v 0.000000 0.210869 -6.870346
v 0.720106 2.373164 -0.015251
v -7.007401 1.208972 -0.365473
v -3.790536 1.961493 -3.079810
v -3.790536 0.210869 -6.870346
v -3.079810 1.631629 -3.790536
v -6.870346 0.210869 -3.790536
v 3.790536 2.503333 -3.079810
v 3.790536 0.646640 -6.870346
v 4.501261 1.922871 -3.790536
v 0.710725 2.226577 -3.790536
v 3.790536 2.405131 4.501261
v 3.790536 0.210869 0.710725
v 4.501261 2.397532 3.790536
v 0.710988 0.271745 3.790110
v -3.877011 2.133918 4.998012
v -3.789650 0.424251 0.709286
v -3.154693 1.878389 4.220695
v -6.870346 0.228742 3.790536
v -5.749278 0.692046 2.436730
v -5.836226 1.323233 0.309604
v -5.106378 1.186080 1.545141
v -6.969282 0.943623 1.631442
v -1.888072 1.887200 2.594295
v -1.885270 2.515506 0.694470
v -1.173831 2.679860 1.877853
v -3.076479 0.997971 1.889852
v -1.812738 0.514437 6.453979
v -1.918899 0.740768 4.637009
v -0.932744 1.137053 5.861082
v -3.150834 1.774799 6.093797
v 1.895804 0.334336 2.605123
v 1.898563 0.970476 0.705368
v 2.605993 0.477401 1.895268
v 0.717928 1.871025 1.883558
v 5.685803 0.498039 2.605993
v 5.685803 0.651390 0.710725
v 6.396529 0.210869 1.895268
v 4.501261 0.566422 1.895268
v 5.685803 0.293837 6.396529
v 5.685803 1.567136 4.501261
v 6.396529 0.231965 5.685803
v 4.501261 2.089646 5.685803
v 1.895268 2.564863 -4.975078
v 1.895268 0.865702 -6.870346
v 2.605993 2.626548 -5.685803
v 0.710725 1.494844 -5.685803
v 5.685803 0.444563 -4.975078
v 5.685803 0.210869 -6.870346
v 6.396529 0.210869 -5.685803
v 4.501261 1.580826 -5.685803
v 5.685803 0.859336 -1.184542
v 5.685803 0.375839 -3.079810
v 6.396529 0.237378 -1.895268
v 4.501261 0.643435 -1.895268
v -5.685803 0.210869 -4.975078
v -5.685803 0.210869 -6.870346
v -4.975078 0.210869 -5.685803
v -6.870346 0.210869 -5.685803
v -1.895299 0.536606 -4.975109
v -1.895375 1.342085 -6.870453
v -1.184649 1.330278 -5.685910
v -3.079811 0.214749 -5.685804
v -1.889169 1.616746 -1.194458
v -1.895268 0.284606 -3.079810
v -1.181933 0.812412 -1.899511
v -3.079810 0.622644 -1.895268
v -5.814402 1.147389 -1.527465
v -5.685803 0.296808 -3.079810
v -4.975078 0.310399 -1.895268
v -6.878043 0.266920 -1.915792
v 1.895474 0.280373 -1.184877
v 1.895268 2.584548 -3.079810
v 2.605993 1.896530 -1.895268
v 0.711493 0.387761 -1.896515
v 1.895268 0.399078 6.396529
v 1.895268 1.892042 4.501261
v 2.605993 1.987944 5.685803
v 0.930511 1.019303 5.838797
v -5.685803 0.210869 6.396529
v -5.707896 0.715134 4.628170
v -5.043976 1.727999 6.081587
v -6.870346 0.210869 5.685803
v -6.633438 0.210869 5.448895
v -6.633438 0.227078 4.501261
v -5.930369 0.396016 4.782154
v -6.870346 0.216912 4.738170
v -4.822813 2.079213 5.935122
v -4.808331 1.774522 4.904303
v -4.115358 2.165457 5.243187
v -5.043174 1.728798 5.129339
v -4.738170 0.210869 7.344163
v -4.763653 0.772002 6.542915
v -4.054766 0.812484 6.790385
v -4.979115 0.299761 6.656628
v 0.975057 0.355350 5.467984
v 0.947634 0.386825 4.501261
v 1.658359 1.514275 4.738170
v 0.890315 0.899232 4.863183
v 2.842902 2.162716 5.448895
v 2.842902 2.334605 4.501261
v 3.553627 2.340616 4.738170
v 2.605993 2.243802 4.738170
v 2.842902 0.210869 7.344163
v 2.842902 1.124915 6.396529
v 3.553627 0.944339 6.633438
v 2.605993 0.618274 6.633438
v 0.947695 1.078282 -2.132276
v 0.947634 2.221208 -3.079810
v 1.658359 2.456769 -2.842902
v 0.710725 1.842334 -2.842902
v 2.842902 2.279431 -2.132176
v 2.842902 2.784076 -3.079810
v 3.553627 2.555565 -2.842902
v 2.605993 2.687285 -2.842902
v 2.842902 0.210869 -0.236908
v 2.842902 0.593185 -1.184542
v 3.553627 0.300224 -0.947634
v 2.605993 0.382051 -0.947634
v -6.636010 0.229600 -2.139035
v -6.633438 0.210869 -3.079810
v -5.922712 0.210869 -2.842902
v -6.870346 0.210869 -2.842902
v -4.738170 0.966562 -2.132176
v -4.738170 1.754357 -3.079810
v -4.027444 2.010498 -2.842902
v -4.975078 1.499274 -2.842902
v -4.885602 1.284551 -0.630056
v -4.854876 1.060784 -1.495754
v -4.115976 0.855604 -1.183715
v -5.109649 1.190885 -1.306484
v -2.842902 0.802658 -2.132176
v -2.842902 1.461966 -3.079810
v -2.132176 0.451391 -2.842902
v -3.079810 1.552777 -2.842902
v -0.946368 0.502596 -2.134234
v -0.947634 0.210869 -3.079810
v -0.236908 0.416805 -2.842902
v -1.184542 0.210869 -2.842902
v -0.937578 2.528682 -0.253257
v -0.938998 2.201560 -1.198583
v -0.227492 2.381482 -0.962944
v -1.175546 2.284645 -0.962261
v -2.842920 0.401273 -5.922730
v -2.842906 0.256377 -6.870350
v -2.132285 1.353410 -6.633546
v -3.079811 0.215607 -6.633438
v -0.947729 1.211133 -5.922807
v -0.947726 1.174384 -6.870438
v -0.236917 0.299296 -6.633446
v -1.184655 1.393967 -6.633550
v -0.947634 0.210869 -4.027444
v -0.947648 0.363190 -4.975092
v -0.236908 0.669921 -4.738170
v -1.184546 0.249910 -4.738173
v -6.633438 0.210869 -5.922712
v -6.633438 0.210869 -6.870346
v -5.922712 0.210869 -6.633438
v -6.870346 0.210869 -6.633438
v -4.738170 0.210869 -5.922712
v -4.738170 0.210869 -6.870346
v -4.027444 0.210869 -6.633438
v -4.975078 0.210869 -6.633438
v -4.738170 1.707767 -4.027444
v -4.738170 0.390510 -4.975078
v -4.027444 1.463131 -4.738170
v -4.975078 0.431603 -4.738170
v 4.738170 0.670222 -2.132176
v 4.738170 1.623452 -3.079810
v 5.448895 0.481726 -2.842902
v 4.501261 1.818796 -2.842902
v 6.633438 0.210869 -2.132176
v 6.633438 0.210869 -3.079810
v 7.344163 0.210869 -2.842902
v 6.396529 0.210869 -2.842902
v 6.633438 0.817639 -0.236908
v 6.633438 0.675929 -1.184542
v 7.344163 0.210869 -0.947634
v 6.396529 0.843157 -0.947634
v 4.738170 0.977836 -5.922712
v 4.738170 0.263697 -6.870346
v 5.448895 0.210869 -6.633438
v 4.501261 0.493639 -6.633438
v 6.633438 0.210869 -5.922712
v 6.633438 0.210869 -6.870346
v 7.344163 0.210869 -6.633438
v 6.396529 0.210869 -6.633438
v 6.633438 0.210869 -4.027444
v 6.633438 0.210869 -4.975078
v 7.344163 0.210869 -4.738170
v 6.396529 0.210869 -4.738170
v 0.947634 1.565958 -5.922712
v 0.947634 0.401550 -6.870346
v 1.658359 1.111271 -6.633438
v 0.710725 0.454820 -6.633438
v 2.842902 2.510515 -5.922712
v 2.842902 1.052572 -6.870346
v 3.553627 1.121769 -6.633438
v 2.605993 1.628315 -6.633438
v 2.842902 2.770724 -4.027444
v 2.842902 2.745443 -4.975078
v 3.553627 2.774562 -4.738170
v 2.605993 2.730933 -4.738170
v 4.738170 2.050141 5.448895
v 4.738170 2.323599 4.501261
v 5.448895 1.623820 4.738170
v 4.501261 2.356740 4.738170
v 6.633438 0.210869 5.448895
v 6.633438 0.261209 4.501261
v 7.344163 0.210869 4.738170
v 6.396529 0.396295 4.738170
v 6.633438 0.210869 7.344163
v 6.633438 0.210869 6.396529
v 7.344163 0.210869 6.633438
v 6.396529 0.210869 6.633438
v 4.738170 0.297687 1.658359
v 4.738170 0.249702 0.710725
v 5.448895 0.324243 0.947634
v 4.501261 0.210869 0.947634
v 6.633438 0.210869 1.658359
v 6.633438 0.308238 0.710725
v 7.344163 0.210869 0.947634
v 6.396529 0.257888 0.947634
v 6.633438 0.226967 3.553627
v 6.633438 0.210869 2.605993
v 7.344163 0.210869 2.842902
v 6.396529 0.213373 2.842902
v 0.955256 1.967883 1.645967
v 0.956804 2.324594 0.695817
v 1.663313 1.352587 0.939581
v 0.720741 2.519393 0.931351
v 2.842902 0.344459 1.658359
v 2.842902 0.210869 0.710725
v 3.553627 0.210869 0.947634
v 2.606155 0.248267 0.947370
v 2.842902 2.175562 3.553627
v 2.842902 1.860084 2.605993
v 3.553627 2.215432 2.842902
v 2.605993 1.879486 2.842902
v -2.920715 1.932217 5.895887
v -2.922685 1.986592 4.959571
v -2.191030 1.525187 5.076252
v -3.172051 2.260641 5.268044
v -0.690128 1.165342 5.628146
v -0.704089 1.124955 4.670794
v -0.018019 1.017170 4.890539
v -0.941933 1.121353 4.907051
v -0.939494 0.240808 7.349829
v -0.731870 1.004508 6.546723
v -0.045656 0.914349 6.766569
v -1.023221 0.804254 6.745734
v -2.836700 1.657623 1.648277
v -2.835060 2.018470 0.697976
v -2.122487 2.444266 0.931881
v -3.073722 1.619684 0.937735
v -0.936770 2.715060 1.640697
v -0.937183 2.619775 0.693735
v -0.225740 2.785340 0.929476
v -1.174314 2.568540 0.931005
v -0.945524 0.714969 3.550197
v -0.937955 2.450463 2.590257
v -0.228783 2.087250 2.829692
v -1.176666 2.044171 2.830096
v -6.761806 1.162210 1.316048
v -6.775625 1.247118 0.331564
v -6.074310 1.331417 0.543378
v -6.999705 1.153697 0.602681
v -4.874002 1.219676 1.296147
v -4.890062 1.334331 0.305685
v -4.097033 0.773377 0.761394
v -5.127656 1.340287 0.540764
v -4.789650 1.362795 3.849354
v -4.764329 0.431087 2.542598
v -4.041707 0.543872 2.924833
v -4.977304 0.278445 2.855691
v -6.633438 0.228157 3.553627
v -6.659556 0.419372 2.536344
v -5.947856 0.412340 2.775851
v -6.873528 0.251963 2.834416
v -2.904684 1.588717 3.908533
v -2.840553 0.766259 2.602174
v -2.127901 1.214217 2.835951
v -3.079062 0.397071 2.841685
v -2.842902 0.210869 7.344163
v -2.863685 0.668516 6.515919
v -2.120142 0.255136 6.641815
v -3.092584 0.492139 6.706814
v 0.948090 0.315975 3.552886
v 0.952046 1.227748 2.598821
v 1.659040 0.367771 2.841795
v 0.715031 1.203336 2.835902
v 4.738170 2.157335 3.553627
v 4.738170 1.611479 2.605993
v 5.448895 0.960433 2.842902
v 4.501261 2.045072 2.842902
v 4.738170 0.210869 7.344163
v 4.738170 0.918273 6.396529
v 5.448895 0.281317 6.633438
v 4.501261 0.740918 6.633438
v 0.947634 2.368858 -4.027444
v 0.947634 2.209675 -4.975078
v 1.658359 2.557695 -4.738170
v 0.710725 2.206112 -4.738170
v 4.738170 1.985373 -4.027444
v 4.738170 1.874074 -4.975078
v 5.448895 0.784261 -4.738170
v 4.501261 2.300529 -4.738170
v 4.738170 0.745040 -0.236908
v 4.738170 0.523692 -1.184542
v 5.448895 0.895639 -0.947634
v 4.501261 0.396012 -0.947634
v -6.633438 0.210869 -4.027444
v -6.633438 0.210869 -4.975078
v -5.922712 0.210869 -4.738170
v -6.870346 0.210869 -4.738170
v -2.842902 1.453453 -4.027444
v -2.842902 0.360501 -4.975078
v -2.132178 0.228828 -4.738171
v -3.079810 1.093680 -4.738170
v -2.836993 1.572757 -0.246514
v -2.841366 0.564878 -1.187039
v -2.125632 1.719348 -0.958274
v -3.078415 0.532434 -0.949902
v -6.774694 1.239572 -0.613586
v -6.734364 0.945865 -1.453674
v -6.059467 1.206789 -1.312308
v -6.974918 0.972419 -1.226489
v 0.955182 1.950830 -0.249181
v 0.950864 0.955395 -1.189794
v 1.659544 0.483941 -0.949560
v 0.717100 1.680235 -0.957998
v 0.947634 0.210869 7.344163
v 1.023870 0.491287 6.449597
v 1.658359 0.217783 6.633438
v 0.783590 0.478883 6.684158
v -6.633438 0.210869 7.344163
v -6.633438 0.210869 6.396529
v -5.922712 0.210869 6.633438
v -6.870346 0.210869 6.633438
v -7.581071 0.210869 -6.870346
v 6.870346 0.210869 -7.581071
v 7.581071 0.210869 6.870346
v -6.870346 0.210869 7.581071
v -7.661665 0.797799 0.495811
v -0.710725 0.210869 -7.581071
v 7.581071 0.210869 -0.710725
v 0.710725 0.210869 7.581071
v 0.111201 0.619898 6.947753
v 0.009652 2.435683 -0.726418
v 6.870346 0.617379 0.000000
v -0.700297 2.614609 -0.016954
v -7.581071 0.210869 -3.079810
v 3.079810 0.251625 -7.581071
v 7.581071 0.210869 3.079810
v -3.079810 0.210869 7.581071
v -7.581071 0.210869 4.501261
v -4.501261 0.210869 -7.581071
v 7.581071 0.210869 -4.501261
v 4.501261 0.210869 7.581071
v 0.005513 1.488902 3.070847
v 0.000000 1.111444 -4.501261
v 3.079810 0.210869 0.000000
v -4.638166 1.207888 -0.365076
v -3.877431 0.858446 -0.942710
v -3.790536 1.858417 -4.501261
v -0.710725 0.279578 -3.790536
v -4.501261 1.702804 -3.790536
v 3.790536 0.210869 -0.710725
v 3.790536 2.789847 -4.501261
v 6.870346 0.210869 -3.790536
v 3.079810 2.781945 -3.790536
v 3.790536 0.580760 6.870346
v 3.790536 2.325995 3.079810
v 6.870346 0.210869 3.790536
v 3.079810 2.275522 3.790536
v -3.798124 0.377971 6.913939
v -3.830484 1.109329 3.309290
v -0.709697 0.466118 3.788864
v -4.563041 1.589549 4.145426
v -7.581071 0.210869 -4.975078
v 4.975078 0.210869 -7.581071
v 7.581071 0.210869 4.975078
v -4.975078 0.210869 7.581071
v -7.581071 0.211330 2.605993
v -2.605993 0.210869 -7.581071
v 7.581071 0.210869 -2.605993
v 2.605993 0.210869 7.581071
v 0.254271 1.146150 5.152077
v 0.000000 0.513666 -2.605993
v 4.975078 0.810749 0.000000
v -2.597914 2.073159 -0.013135
v -7.592890 0.296942 -1.216060
v 1.184542 0.210869 -7.581071
v 7.581071 0.210869 1.184542
v -1.184542 0.210869 7.581071
v -7.581071 0.210869 6.396529
v -6.396529 0.210869 -7.581071
v 7.581071 0.210869 -6.396529
v 6.396529 0.210869 7.581071
v 0.010942 2.733048 1.166753
v 0.000000 0.245985 -6.396529
v 1.191576 1.832029 -0.011434
v -6.545620 1.296632 -0.397571
v -3.790536 1.879482 -2.605993
v -3.790536 0.210869 -6.396529
v -2.605993 1.341331 -3.790536
v -6.396529 0.210869 -3.790536
v 3.790536 2.297817 -2.605993
v 3.790536 1.379933 -6.396529
v 4.975078 1.528629 -3.790536
v 1.184542 2.475392 -3.790536
v 3.790536 2.446181 4.975078
v 3.790536 0.210869 1.184542
v 4.975078 2.149343 3.790536
v 1.184542 0.586437 3.790536
v -3.884808 2.302906 5.516618
v -3.789884 0.379314 1.183483
v -2.672063 1.679485 4.170066
v -6.396529 0.229177 3.790536
v -5.693975 0.289148 3.058019
v -5.838377 1.341007 0.777688
v -4.618760 1.085319 1.581943
v -6.520853 1.134833 1.563743
v -1.891655 1.061862 3.073937
v -1.885194 2.533026 1.168164
v -0.699773 2.735529 1.877461
v -2.598802 1.886363 1.883576
v -1.884881 0.249076 6.877577
v -1.923332 0.846375 5.136291
v -0.460224 1.132282 5.860178
v -2.664518 1.499562 6.021994
v 1.895276 1.206766 3.079797
v 1.898390 0.930457 1.179467
v 3.079810 0.671414 1.895268
v 1.190511 1.586768 1.885563
v 5.685803 0.890416 3.079810
v 5.685803 0.216281 1.184542
v 6.870346 0.210869 1.895268
v 4.975078 0.380893 1.895268
v 5.685803 0.210869 6.870346
v 5.685803 1.226253 4.975078
v 6.870346 0.210869 5.685803
v 4.975078 1.777926 5.685803
v 1.895268 2.663678 -4.501261
v 1.895268 1.850425 -6.396529
v 3.079810 2.579875 -5.685803
v 1.184542 2.121095 -5.685803
v 5.685803 0.524877 -4.501261
v 5.685803 0.210869 -6.396529
v 6.870346 0.210869 -5.685803
v 4.975078 0.910148 -5.685803
v 5.685803 0.910601 -0.710725
v 5.685803 0.266854 -2.605993
v 6.870346 0.210869 -1.895268
v 4.975078 0.354832 -1.895268
v -5.685803 0.210869 -4.501261
v -5.685803 0.210869 -6.396529
v -4.501261 0.210869 -5.685803
v -6.396529 0.210869 -5.685803
v -1.895268 0.210869 -4.501261
v -1.895392 1.518417 -6.396653
v -0.710803 1.028363 -5.685881
v -2.606049 0.800269 -5.685860
v -1.887117 2.089661 -0.723977
v -1.895268 0.230695 -2.605993
v -0.707974 0.845124 -1.899741
v -2.605767 0.263076 -1.895636
v -5.831119 1.269134 -1.098228
v -5.685803 0.235957 -2.605993
v -4.501261 0.671077 -1.895268
v -6.419731 0.379835 -1.957138
v 1.896207 0.427269 -0.712252
v 1.895268 2.427040 -2.605993
v 3.079810 1.925242 -1.895268
v 1.184707 0.609456 -1.895536
v 1.895268 0.210869 6.870346
v 1.895268 1.790852 4.975078
v 3.079810 2.114926 5.685803
v 1.184542 0.309679 5.685803
v -5.685803 0.210869 6.870346
v -5.707971 0.707322 5.102418
v -4.579879 1.942009 6.137417
v -6.396529 0.210869 5.685803
v -7.581071 0.210869 -5.922712
v 5.922712 0.210869 -7.581071
v 7.581071 0.210869 5.922712
v -5.922712 0.210869 7.581071
v -7.609803 0.420104 1.581744
v -1.658367 0.288601 -7.581079
v 7.581071 0.210869 -1.658359
v 1.658359 0.210869 7.581071
v 0.245784 1.114930 6.093803
v 0.003775 1.080946 -1.664496
v 5.922712 0.883482 0.000000
v -1.648644 2.450240 -0.015795
v -7.581071 0.210869 -2.132176
v 2.132176 0.247767 -7.581071
v 7.581071 0.210869 2.132176
v -2.132176 0.210869 7.581071
v -7.581071 0.210869 5.448895
v -5.448895 0.210869 -7.581071
v 7.581071 0.210869 -5.448895
v 5.448895 0.210869 7.581071
v 0.009683 2.442930 2.116433
v 0.000000 0.658303 -5.448895
v 2.133384 0.489171 -0.001963
v -5.602772 1.331480 -0.410331
v -3.790536 0.525728 -1.658359
v -3.790536 0.235829 -5.448895
v -1.658359 0.210869 -3.790536
v -5.448895 0.567379 -3.790536
v 3.790536 0.942923 -1.658359
v 3.790536 2.453374 -5.448895
v 5.922712 0.327715 -3.790536
v 2.132176 2.612678 -3.790536
v 3.790536 2.178784 5.922712
v 3.790536 1.268551 2.132176
v 5.922712 0.961299 3.790536
v 2.132176 1.988616 3.790536
v -3.871161 1.986223 6.385861
v -3.796510 0.301559 2.115733
v -1.657700 0.376865 3.789464
v -5.466012 0.613260 3.888859
v -7.581071 0.210869 -4.027444
v 4.027444 0.210869 -7.581071
v 7.581071 0.210869 4.027444
v -4.027444 0.210869 7.581071
v -7.581071 0.212944 3.553627
v -3.553627 0.210869 -7.581071
v 7.581071 0.210869 -3.553627
v 3.553627 0.210869 7.581071
v 0.000251 0.279492 4.027036
v 0.000000 1.045285 -3.553627
v 4.027444 0.210869 0.000000
v -3.552149 0.551697 -0.002404
v -7.648728 0.703586 -0.417326
v 0.236908 0.210869 -7.581071
v 7.581071 0.210869 0.236908
v -0.236908 0.210869 7.581071
v -7.581071 0.210869 7.344163
v -7.344163 0.210869 -7.581071
v 7.581071 0.210869 -7.344163
v 7.344163 0.210869 7.581071
v 0.010624 2.659792 0.219636
v 0.000000 0.210869 -7.344163
v 0.247365 2.621202 -0.017001
v -7.453522 1.007281 -0.291620
v -3.790536 2.017387 -3.553627
v -3.790536 0.210869 -7.344163
v -3.553627 1.818448 -3.790536
v -7.344163 0.210869 -3.790536
v 3.790536 2.590652 -3.553627
v 3.790536 0.277738 -7.344163
v 4.027444 2.296914 -3.790536
v 0.236908 1.603773 -3.790536
v 3.790536 2.420031 4.027444
v 3.790536 0.210869 0.236908
v 4.027444 2.430982 3.790536
v 0.237572 0.373551 3.789456
v -3.869905 1.977353 4.483379
v -3.789789 0.383287 0.235694
v -3.628061 1.868507 4.218117
v -7.344163 0.219917 3.790536
v -5.809067 1.127640 1.803479
v -5.840442 1.344494 -0.175453
v -5.584482 1.217378 1.533708
v -7.382632 0.494245 1.792685
v -1.886142 2.322884 2.117339
v -1.885435 2.477308 0.220923
v -1.648648 2.449493 1.879478
v -3.552761 0.429141 1.893859
v -1.898122 0.273724 5.939109
v -1.905080 0.456825 4.084210
v -1.472200 0.924129 5.822536
v -3.631460 1.924735 6.132912
v 1.896647 0.528723 2.129934
v 1.898148 0.874786 0.232226
v 2.133085 0.420428 1.893790
v 0.246494 2.420278 1.879684
v 5.685803 0.254313 2.132176
v 5.685803 0.870291 0.236908
v 5.922712 0.210869 1.895268
v 4.027444 0.757683 1.895268
v 5.685803 0.571494 5.922712
v 5.685803 1.533984 4.027444
v 5.922712 0.508565 5.685803
v 4.027444 2.311997 5.685803
v 1.895268 2.524025 -5.448895
v 1.895268 0.335202 -7.344163
v 2.132176 2.540144 -5.685803
v 0.236908 0.802386 -5.685803
v 5.685803 0.324174 -5.448895
v 5.685803 0.210869 -7.344163
v 5.922712 0.210869 -5.685803
v 4.027444 2.011423 -5.685803
v 5.685803 0.592658 -1.658359
v 5.685803 0.479143 -3.553627
v 5.922712 0.306016 -1.895268
v 4.027444 1.074063 -1.895268
v -5.685803 0.210869 -5.448895
v -5.685803 0.210869 -7.344163
v -5.448895 0.210869 -5.685803
v -7.344163 0.210869 -5.685803
v -1.895362 1.197681 -5.448989
v -1.895311 0.664429 -7.344206
v -1.658484 1.518814 -5.685928
v -3.553627 0.210869 -5.685803
v -1.892576 0.831460 -1.662737
v -1.895268 0.297614 -3.553627
v -1.656509 0.637466 -1.898277
v -3.553627 1.054009 -1.895268
v -5.767152 0.803295 -1.875286
v -5.685803 0.311193 -3.553627
v -5.491074 0.518037 -2.007743
v -7.344163 0.210869 -1.895268
v 1.895268 1.210996 -1.658359
v 1.895268 2.680062 -3.553627
v 2.132176 1.831373 -1.895268
v 0.238509 0.579686 -1.897869
v 1.895268 0.837123 5.922712
v 1.895268 1.879257 4.027444
v 2.132176 1.532808 5.685803
v 0.483665 1.118509 5.857572
v -5.689337 0.288681 5.943011
v -5.696160 0.464537 4.086936
v -5.470972 0.696984 5.812620
v -7.344163 0.210869 5.685803
v -6.633438 0.216912 4.975078
v -6.633438 0.230009 4.027444
v -6.396529 0.225127 4.738170
v -7.344163 0.210869 4.738170
v -4.820054 2.027905 5.445458
v -4.801095 1.614691 4.388919
v -4.580370 1.971624 5.192608
v -5.496956 1.286530 5.014251
v -4.740295 0.257659 6.882553
v -4.808203 1.752992 6.325016
v -4.517529 0.569071 6.726884
v -5.448895 0.210869 6.633438
v 0.947634 0.331582 4.975078
v 0.947634 0.380071 4.027444
v 1.184542 0.622557 4.738170
v 0.484371 1.121104 4.910429
v 2.842902 2.293261 4.975078
v 2.842902 2.330598 4.027444
v 3.079810 2.321641 4.738170
v 2.132176 2.000912 4.738170
v 2.842902 0.454944 6.870346
v 2.842902 1.920965 5.922712
v 3.079810 0.867321 6.633438
v 2.132176 0.365133 6.633438
v 0.947634 1.918340 -2.605993
v 0.947634 2.299084 -3.553627
v 1.184542 2.261446 -2.842902
v 0.236908 1.009114 -2.842902
v 2.842902 2.654378 -2.605993
v 2.842902 2.778502 -3.553627
v 3.079810 2.688051 -2.842902
v 2.132176 2.530841 -2.842902
v 2.842902 0.250479 -0.710725
v 2.842902 1.326546 -1.658359
v 3.079810 0.360327 -0.947634
v 2.132289 0.305646 -0.947817
v -6.633438 0.210869 -2.605993
v -6.633438 0.210869 -3.553627
v -6.396529 0.210869 -2.842902
v -7.344163 0.210869 -2.842902
v -4.738170 1.621543 -2.605993
v -4.738170 1.710587 -3.553627
v -4.501261 1.712188 -2.842902
v -5.448895 0.484688 -2.842902
v -4.876388 1.217444 -1.079301
v -4.749911 0.349616 -1.689670
v -4.623583 1.101680 -1.273820
v -5.587533 1.220504 -1.317329
v -2.842902 1.347517 -2.605993
v -2.842902 1.504267 -3.553627
v -2.605993 1.278657 -2.842902
v -3.553627 1.841051 -2.842902
v -0.947616 0.214949 -2.606022
v -0.947634 0.210869 -3.553627
v -0.710725 0.210869 -2.842902
v -1.658359 0.210869 -2.842902
v -0.938015 2.427947 -0.726363
v -0.943325 1.203982 -1.665364
v -0.701294 2.384901 -0.962968
v -1.650243 2.081781 -0.960830
v -2.842921 0.411206 -6.396548
v -2.842902 0.210869 -7.344163
v -2.606045 0.758273 -6.633490
v -3.553627 0.210869 -6.633438
v -0.947731 1.235078 -6.396626
v -0.947652 0.403724 -7.344182
v -0.710805 1.045680 -6.633517
v -1.658487 1.553980 -6.633565
v -0.947634 0.210869 -4.501261
v -0.947720 1.112874 -5.448981
v -0.710725 0.267750 -4.738170
v -1.658366 0.278724 -4.738176
v -6.633438 0.210869 -6.396529
v -6.633438 0.210869 -7.344163
v -6.396529 0.210869 -6.633438
v -7.344163 0.210869 -6.633438
v -4.738170 0.210869 -6.396529
v -4.738170 0.210869 -7.344163
v -4.501261 0.210869 -6.633438
v -5.448895 0.210869 -6.633438
v -4.738170 1.426709 -4.501261
v -4.738170 0.210869 -5.448895
v -4.501261 1.261065 -4.738170
v -5.448895 0.217843 -4.738170
v 4.738170 1.141779 -2.605993
v 4.738170 1.678611 -3.553627
v 4.975078 1.020329 -2.842902
v 4.027444 2.247011 -2.842902
v 6.633438 0.210869 -2.605993
v 6.633438 0.210869 -3.553627
v 6.870346 0.210869 -2.842902
v 5.922712 0.226199 -2.842902
v 6.633438 0.811635 -0.710725
v 6.633438 0.282806 -1.658359
v 6.870346 0.592817 -0.947634
v 5.922712 0.894188 -0.947634
v 4.738170 0.525792 -6.396529
v 4.738170 0.210869 -7.344163
v 4.975078 0.274920 -6.633438
v 4.027444 0.815182 -6.633438
v 6.633438 0.210869 -6.396529
v 6.633438 0.210869 -7.344163
v 6.870346 0.210869 -6.633438
v 5.922712 0.210869 -6.633438
v 6.633438 0.210869 -4.501261
v 6.633438 0.210869 -5.448895
v 6.870346 0.210869 -4.738170
v 5.922712 0.309211 -4.738170
v 0.947634 0.914419 -6.396529
v 0.947634 0.210869 -7.344163
v 1.184542 0.811638 -6.633438
v 0.236908 0.250209 -6.633438
v 2.842902 2.138305 -6.396529
v 2.842902 0.394145 -7.344163
v 3.079810 1.438253 -6.633438
v 2.132176 1.414856 -6.633438
v 2.842902 2.786515 -4.501261
v 2.842902 2.708996 -5.448895
v 3.079810 2.803469 -4.738170
v 2.132176 2.634517 -4.738170
v 4.738170 2.214840 4.975078
v 4.738170 2.394100 4.027444
v 4.975078 1.886330 4.738170
v 4.027444 2.454063 4.738170
v 6.633438 0.237063 4.975078
v 6.633438 0.256620 4.027444
v 6.870346 0.210869 4.738170
v 5.922712 0.960690 4.738170
v 6.633438 0.210869 6.870346
v 6.633438 0.210869 5.922712
v 6.870346 0.210869 6.633438
v 5.922712 0.210869 6.633438
v 4.738170 0.210869 1.184542
v 4.738170 0.562313 0.236908
v 4.975078 0.227283 0.947634
v 4.027444 0.210869 0.947634
v 6.633438 0.210869 1.184542
v 6.633438 0.709411 0.236908
v 6.870346 0.210869 0.947634
v 5.922712 0.347990 0.947634
v 6.633438 0.210869 3.079810
v 6.633438 0.210869 2.132176
v 6.870346 0.210869 2.842902
v 5.922712 0.452350 2.842902
v 0.957180 2.411210 1.169023
v 0.956153 2.174527 0.223058
v 1.193156 2.196300 0.933630
v 0.247958 2.757826 0.929670
v 2.842902 0.210869 1.184542
v 2.842902 0.210869 0.236908
v 3.079810 0.210869 0.947634
v 2.133946 0.618892 0.944756
v 2.842902 2.093946 3.079810
v 2.842902 0.933843 2.132176
v 3.079810 2.112197 2.842902
v 2.132176 1.285221 2.842902
v -2.924409 2.023067 5.443292
v -2.923249 1.998798 4.488997
v -2.677773 1.810312 5.150503
v -3.646059 2.264726 5.269138
v -0.694682 1.157705 5.151158
v -0.947306 0.304009 4.026910
v -0.453811 1.166153 4.917009
v -1.666713 0.412805 4.786158
v -0.834209 0.628078 6.949302
v -0.708545 1.090303 6.089142
v -0.518885 0.916509 6.766978
v -1.584732 0.481691 6.684690
v -2.835218 1.989204 1.172051
v -2.835525 1.911334 0.224915
v -2.597441 2.182082 0.933730
v -3.551713 0.666568 0.944522
v -0.937229 2.609159 1.167627
v -0.937292 2.594759 0.220094
v -0.700049 2.671881 0.930276
v -1.648037 2.590183 0.930852
v -0.941425 1.660024 3.069716
v -0.937138 2.630228 2.115112
v -0.702114 2.207942 2.828901
v -1.652183 1.653125 2.832861
v -6.773228 1.237128 0.811774
v -6.779143 1.271976 -0.151634
v -6.526910 1.168231 0.599956
v -7.449261 0.976252 0.667375
v -4.885430 1.302631 0.791854
v -4.890806 1.330519 -0.170117
v -4.647454 1.294115 0.557794
v -5.603420 1.354665 0.535574
v -4.753938 0.576632 3.170389
v -4.847336 1.024792 1.841070
v -4.509613 0.413379 2.890878
v -5.477153 0.435457 2.767547
v -6.633438 0.228052 3.079810
v -6.724340 0.891323 1.889771
v -6.411111 0.334887 2.804016
v -7.344163 0.220381 2.842902
v -2.842103 0.407874 3.078511
v -2.838948 1.141508 2.125747
v -2.603471 0.805544 2.838800
v -3.568442 0.555598 2.928007
v -2.844744 0.251431 6.880928
v -2.899186 1.450232 6.246033
v -2.609607 0.290450 6.654199
v -3.575892 0.701137 6.761337
v 0.949725 0.692798 3.076411
v 0.953776 1.626591 2.122191
v 1.186832 0.738638 2.839179
v 0.243738 1.785081 2.831799
v 4.738170 1.995964 3.079810
v 4.738170 0.753707 2.132176
v 4.975078 1.577053 2.842902
v 4.027444 2.198985 2.842902
v 4.738170 0.380951 6.870346
v 4.738170 1.770373 5.922712
v 4.975078 0.474025 6.633438
v 4.027444 0.871724 6.633438
v 0.947634 2.346671 -4.501261
v 0.947634 2.049221 -5.448895
v 1.184542 2.378191 -4.738170
v 0.236908 1.507110 -4.738170
v 4.738170 2.154866 -4.501261
v 4.738170 1.459335 -5.448895
v 4.975078 1.577951 -4.738170
v 4.027444 2.526440 -4.738170
v 4.738170 0.737829 -0.710725
v 4.738170 0.347186 -1.658359
v 4.975078 0.801503 -0.947634
v 4.027444 0.236738 -0.947634
v -6.633438 0.210869 -4.501261
v -6.633438 0.210869 -5.448895
v -6.396529 0.210869 -4.738170
v -7.344163 0.210869 -4.738170
v -2.842902 1.145528 -4.501261
v -2.842906 0.252890 -5.448899
v -2.605993 0.407985 -4.738170
v -3.553627 1.546657 -4.738170
v -2.839251 1.052486 -0.716662
v -2.842583 0.284411 -1.658878
v -2.602213 1.082221 -0.953780
v -3.564209 0.333468 -0.976675
v -6.763466 1.157804 -1.057462
v -6.670431 0.480274 -1.757007
v -6.524687 1.144179 -1.289382
v -7.392514 0.562988 -1.076568
v 0.954071 1.694597 -0.721191
v 0.948679 0.451871 -1.660059
v 1.187814 0.965049 -0.952953
v 0.245591 2.212174 -0.961750
v 0.956936 0.245085 6.876821
v 1.115972 0.830064 6.039893
v 1.194784 0.248541 6.640567
v 0.395123 0.792825 6.743571
v -6.633438 0.210869 6.870346
v -6.633438 0.210869 5.922712
v -6.396529 0.210869 6.633438
v -7.344163 0.210869 6.633438
v -7.107255 0.210869 6.396529
v -7.107255 0.210869 5.922712
v -6.870346 0.210869 6.159620
v -7.344163 0.210869 6.159620
v -6.159620 0.210869 6.396529
v -6.159620 0.210869 5.922712
v -5.922712 0.210869 6.159620
v -6.396529 0.210869 6.159620
v -6.159620 0.210869 7.344163
v -6.159620 0.210869 6.870346
v -5.922712 0.210869 7.107255
v -6.396529 0.210869 7.107255
v 0.652626 0.868578 6.520998
v 0.699871 1.042360 6.080069
v 0.892378 0.879037 6.286069
v 0.461567 1.037226 6.316006
v 1.426473 0.237036 6.400025
v 1.421451 0.365903 5.922712
v 1.658359 0.399616 6.159620
v 1.246714 0.439553 6.202899
v 1.421451 0.210869 7.344163
v 1.421451 0.210869 6.870346
v 1.658359 0.210869 7.107255
v 1.184542 0.210869 7.107255
v 0.479721 1.571730 -1.194141
v 0.476197 0.759477 -1.662229
v 0.713702 0.897066 -1.426291
v 0.241821 1.343170 -1.429437
v 1.422743 0.508719 -1.186643
v 1.421685 0.332794 -1.658739
v 1.658610 0.268932 -1.421858
v 1.185775 0.494883 -1.423454
v 1.426338 1.337426 -0.244854
v 1.424560 0.927587 -0.715781
v 1.661001 0.819856 -0.478112
v 1.190224 1.520602 -0.483055
v -7.159463 0.591084 -1.323765
v -7.118924 0.295857 -1.689479
v -6.918303 0.560115 -1.549334
v -7.357435 0.307525 -1.456843
v -6.281525 1.098644 -1.509617
v -6.225896 0.693523 -1.835092
v -6.031124 1.000383 -1.710545
v -6.485562 0.859254 -1.658868
v -6.309394 1.301603 -0.636300
v -6.300745 1.238614 -1.087052
v -6.071391 1.293629 -0.870288
v -6.539057 1.248832 -0.853885
v -3.316425 0.278683 -1.185021
v -3.316719 0.397772 -1.658359
v -3.079462 0.291106 -1.422017
v -3.553627 0.256776 -1.421451
v -2.365485 1.040523 -1.190394
v -2.367826 0.501134 -1.660407
v -2.128890 0.968420 -1.426794
v -2.604490 0.557351 -1.423895
v -2.360672 2.150003 -0.250586
v -2.362096 1.821737 -0.722087
v -2.123883 2.122566 -0.487301
v -2.599274 1.759807 -0.484742
v -3.316719 0.762265 -4.975078
v -3.316719 0.221465 -5.448895
v -3.079810 0.283056 -5.211987
v -3.553627 0.372599 -5.211987
v -2.369090 0.270624 -4.975083
v -2.369164 1.046593 -5.448975
v -2.132244 0.922281 -5.212054
v -2.606001 0.294030 -5.211994
v -2.369085 0.855857 -4.027444
v -2.369085 0.391973 -4.501261
v -2.132176 0.321302 -4.264353
v -2.605993 1.069769 -4.264353
v -7.107255 0.210869 -4.975078
v -7.107255 0.210869 -5.448895
v -6.870346 0.210869 -5.211987
v -7.344163 0.210869 -5.211987
v -6.159620 0.210869 -4.975078
v -6.159620 0.210869 -5.448895
v -5.922712 0.210869 -5.211987
v -6.396529 0.210869 -5.211987
v -6.159620 0.210869 -4.027444
v -6.159620 0.210869 -4.501261
v -5.922712 0.210869 -4.264353
v -6.396529 0.210869 -4.264353
v 4.264353 0.277196 -1.184542
v 4.264353 0.590905 -1.658359
v 4.501261 0.317565 -1.421451
v 4.027444 0.506062 -1.421451
v 5.211987 0.800460 -1.184542
v 5.211987 0.431869 -1.658359
v 5.448895 0.761097 -1.421451
v 4.975078 0.511279 -1.421451
v 5.211987 0.885668 -0.236908
v 5.211987 0.883931 -0.710725
v 5.448895 0.905734 -0.473817
v 4.975078 0.846746 -0.473817
v 4.264353 2.325262 -4.975078
v 4.264353 1.983980 -5.448895
v 4.501261 1.947494 -5.211987
v 4.027444 2.335000 -5.211987
v 5.211987 1.036473 -4.975078
v 5.211987 0.781383 -5.448895
v 5.448895 0.608048 -5.211987
v 4.975078 1.247825 -5.211987
v 5.211987 1.209409 -4.027444
v 5.211987 1.170564 -4.501261
v 5.448895 0.859955 -4.264353
v 4.975078 1.845356 -4.264353
v 0.473817 1.871863 -4.975078
v 0.473817 1.358921 -5.448895
v 0.710725 1.982042 -5.211987
v 0.236908 1.166826 -5.211987
v 1.421451 2.414537 -4.975078
v 1.421451 2.337942 -5.448895
v 1.658359 2.476876 -5.211987
v 1.184542 2.270071 -5.211987
v 1.421451 2.586045 -4.027444
v 1.421451 2.579061 -4.501261
v 1.658359 2.682486 -4.264353
v 1.184542 2.496739 -4.264353
v 4.264353 1.296527 6.396529
v 4.264353 2.083944 5.922712
v 4.501261 1.654908 6.159620
v 4.027444 1.948226 6.159620
v 5.211987 0.540378 6.396529
v 5.211987 1.114858 5.922712
v 5.448895 0.578993 6.159620
v 4.975078 1.047276 6.159620
v 5.211987 0.210869 7.344163
v 5.211987 0.254190 6.870346
v 5.448895 0.210869 7.107255
v 4.975078 0.221018 7.107255
v 4.264353 1.977570 2.605993
v 4.264353 1.048479 2.132176
v 4.501261 1.352690 2.369085
v 4.027444 1.791309 2.369085
v 5.211987 0.959299 2.605993
v 5.211987 0.453974 2.132176
v 5.448895 0.498262 2.369085
v 4.975078 0.892294 2.369085
v 5.211987 1.876246 3.553627
v 5.211987 1.569169 3.079810
v 5.448895 1.482091 3.316719
v 4.975078 1.927531 3.316719
v 0.480973 1.860412 2.594359
v 0.482178 2.138148 2.118583
v 0.717723 1.823862 2.357708
v 0.245431 2.175352 2.355229
v 1.423528 0.689728 2.602616
v 1.425262 1.089460 2.125979
v 1.660206 0.636578 2.366082
v 1.188530 1.130121 2.362601
v 1.421451 0.855291 3.553627
v 1.422167 0.375976 3.078646
v 1.658383 1.046982 3.316681
v 1.185182 0.358244 3.315679
v -3.356618 1.089437 6.625727
v -3.389730 1.818553 6.342119
v -3.131830 1.356343 6.458448
v -3.626028 1.805116 6.575522
v -2.373782 0.314298 6.423512
v -2.392872 0.734666 6.059359
v -2.136528 0.306685 6.184617
v -2.630871 0.758673 6.302530
v -2.369085 0.210869 7.344163
v -2.369085 0.210869 6.870346
v -2.132176 0.210869 7.107255
v -2.605993 0.210869 7.107255
v -3.316187 0.350488 2.605129
v -3.315318 0.551074 2.129899
v -3.077960 0.654507 2.366078
v -3.553306 0.302557 2.368562
v -2.364508 1.283880 2.598552
v -2.361368 2.006947 2.119631
v -2.124534 1.990420 2.356660
v -2.601522 1.260171 2.361816
v -2.368526 0.345647 3.552719
v -2.366692 0.772468 3.075919
v -2.130309 0.651583 3.313683
v -2.605246 0.392746 3.315504
v -7.114217 0.278674 2.587426
v -7.150427 0.536544 2.017052
v -6.907135 0.496257 2.270983
v -7.352910 0.282619 2.345759
v -6.209173 0.590137 2.473856
v -6.274940 1.069684 1.824662
v -6.019759 0.936582 2.110298
v -6.471025 0.772260 2.170432
v -6.159620 0.229535 3.553627
v -6.164314 0.263339 3.067293
v -5.922712 0.229566 3.316719
v -6.396529 0.228516 3.316719
v -5.272287 0.668814 2.445195
v -5.333678 1.116011 1.807672
v -5.066534 0.895724 2.125205
v -5.550681 0.971060 2.097660
v -4.267280 0.294213 2.622812
v -4.339334 0.775609 1.932229
v -4.049387 0.393477 2.312797
v -4.562585 0.676301 2.205557
v -4.323972 1.542268 3.896109
v -4.296333 0.933743 3.263519
v -4.081207 1.413253 3.625555
v -4.546926 1.235014 3.579036
v -5.367146 1.358633 0.296972
v -5.356501 1.272072 -0.148456
v -5.130284 1.358010 0.059939
v -5.583015 1.203846 0.116169
v -4.407146 1.266355 0.329948
v -4.408102 1.263947 -0.146416
v -4.098512 0.786930 0.283367
v -4.650627 1.312920 0.075514
v -4.384360 1.103070 1.338343
v -4.400282 1.219128 0.822070
v -4.120943 0.931443 1.171736
v -4.638621 1.230287 1.055163
v -7.235114 1.142009 0.369772
v -7.236413 1.151472 -0.107510
v -7.009713 1.225814 0.102177
v -7.457862 1.038888 0.170623
v -6.301840 1.253711 0.331480
v -6.311696 1.318398 -0.168620
v -6.072803 1.311413 0.073581
v -6.546224 1.301057 0.074638
v -6.299156 1.246063 1.286269
v -6.309270 1.317259 0.785484
v -6.070787 1.308294 1.026589
v -6.539564 1.269469 1.040029
v -1.413013 2.170241 2.592275
v -1.411659 2.473089 2.116257
v -1.174679 2.489636 2.353049
v -1.649912 2.171635 2.355350
v -0.464530 2.355155 2.590894
v -0.463526 2.582952 2.115446
v -0.227323 2.420285 2.353501
v -0.700482 2.572083 2.352431
v -0.471789 0.698197 3.550330
v -0.467312 1.723825 3.069234
v -0.233443 1.026765 3.311085
v -0.707159 1.052277 3.310920
v -1.410910 2.640610 0.693588
v -1.411220 2.569187 0.220275
v -1.174299 2.571953 0.457164
v -1.647993 2.600411 0.456963
v -0.462906 2.725843 0.692987
v -0.463154 2.668684 0.219573
v -0.225974 2.731230 0.456040
v -0.700160 2.646184 0.456640
v -0.462711 2.770836 1.640303
v -0.463089 2.683722 1.167101
v -0.225978 2.730350 1.403680
v -0.699966 2.691058 1.403957
v -3.312888 1.099360 0.704497
v -3.313302 0.998378 0.231354
v -3.073969 1.557265 0.464320
v -3.551577 0.683771 0.470483
v -2.359962 2.313767 0.695893
v -2.360187 2.261859 0.222442
v -2.122613 2.415293 0.458269
v -2.597529 2.161977 0.460055
v -2.360224 2.261025 1.643954
v -2.360068 2.289276 1.169883
v -2.122622 2.413117 1.405918
v -2.597606 2.151384 1.407815
v -1.249574 0.843081 6.516173
v -1.190423 1.060654 6.083531
v -0.968911 1.004022 6.309722
v -1.469730 0.904702 6.290926
v -0.250205 1.033378 6.552186
v -0.222801 1.134175 6.097445
v 0.001971 1.089535 6.325905
v -0.470410 1.094815 6.326905
v -0.460666 0.259240 7.353317
v -0.339197 0.706038 6.964056
v -0.185020 0.401728 7.143374
v -0.658220 0.403997 7.143804
v -1.310622 0.663212 4.585236
v -1.421242 0.276603 4.027105
v -0.958606 1.059532 4.421628
v -1.662892 0.319673 4.290388
v -0.218967 1.151207 4.678663
v -0.473425 0.312942 4.026807
v 0.011340 1.128310 4.437149
v -0.470249 1.112365 4.431687
v -0.217418 1.153975 5.627375
v -0.253205 1.023507 5.128647
v 0.021553 1.161563 5.391902
v -0.451034 1.173380 5.392758
v -3.406527 2.206669 5.017160
v -3.398468 2.029405 4.497047
v -3.166457 2.137322 4.762090
v -3.637997 2.087270 4.749010
v -2.434684 1.671915 4.878091
v -2.420199 1.348087 4.321064
v -2.172688 1.110672 4.497070
v -2.671467 1.669185 4.640460
v -2.428493 1.526763 5.790164
v -2.440736 1.805717 5.386675
v -2.184294 1.374745 5.511371
v -2.678108 1.814470 5.626245
v 2.369085 1.255496 2.605993
v 2.369222 0.389177 2.131953
v 2.605993 1.106688 2.369085
v 2.132510 0.287788 2.368542
v 3.316719 2.065396 2.605993
v 3.316719 1.121302 2.132176
v 3.553627 1.873911 2.369085
v 3.079810 1.599079 2.369085
v 3.316719 2.307440 3.553627
v 3.316719 2.246760 3.079810
v 3.553627 2.325445 3.316719
v 3.079810 2.230393 3.316719
v 2.369824 0.381339 0.709523
v 2.369643 0.339573 0.236001
v 2.606128 0.241925 0.473598
v 2.133857 0.598213 0.471085
v 3.316719 0.210869 0.710725
v 3.316719 0.210869 0.236908
v 3.553627 0.210869 0.473817
v 3.079810 0.210869 0.473817
v 3.316719 0.416828 1.658359
v 3.316719 0.210869 1.184542
v 3.553627 0.274914 1.421451
v 3.079810 0.251703 1.421451
v 0.484309 2.629376 0.693667
v 0.483593 2.464260 0.221015
v 0.720153 2.383865 0.458490
v 0.247565 2.667181 0.456492
v 1.428459 1.826181 0.699332
v 1.427801 1.674532 0.226585
v 1.663127 1.309923 0.466065
v 1.192460 2.035807 0.460945
v 1.427389 1.579507 1.648706
v 1.428624 1.864396 1.172880
v 1.662806 1.235722 1.414222
v 1.192748 2.102336 1.408110
v 6.159620 0.237962 2.605993
v 6.159620 0.210869 2.132176
v 6.396529 0.210869 2.369085
v 5.922712 0.252930 2.369085
v 7.107255 0.210869 2.605993
v 7.107255 0.210869 2.132176
v 7.344163 0.210869 2.369085
v 6.870346 0.210869 2.369085
v 7.107255 0.210869 3.553627
v 7.107255 0.210869 3.079810
v 7.344163 0.210869 3.316719
v 6.870346 0.210869 3.316719
v 6.159620 0.577540 0.710725
v 6.159620 0.805864 0.236908
v 6.396529 0.658275 0.473817
v 5.922712 0.802201 0.473817
v 7.107255 0.210869 0.710725
v 7.107255 0.271754 0.236908
v 7.344163 0.210869 0.473817
v 6.870346 0.319094 0.473817
v 7.107255 0.210869 1.658359
v 7.107255 0.210869 1.184542
v 7.344163 0.210869 1.421451
v 6.870346 0.210869 1.421451
v 4.264353 0.210869 0.710725
v 4.264353 0.210904 0.236908
v 4.501261 0.242693 0.473817
v 4.027444 0.210869 0.473817
v 5.211987 0.492867 0.710725
v 5.211987 0.820144 0.236908
v 5.448895 0.784568 0.473817
v 4.975078 0.589239 0.473817
v 5.211987 0.217946 1.658359
v 5.211987 0.210869 1.184542
v 5.448895 0.210869 1.421451
v 4.975078 0.210869 1.421451
v 6.159620 0.210869 6.396529
v 6.159620 0.263796 5.922712
v 6.396529 0.210869 6.159620
v 5.922712 0.287509 6.159620
v 7.107255 0.210869 6.396529
v 7.107255 0.210869 5.922712
v 7.344163 0.210869 6.159620
v 6.870346 0.210869 6.159620
v 7.107255 0.210869 7.344163
v 7.107255 0.210869 6.870346
v 7.344163 0.210869 7.107255
v 6.870346 0.210869 7.107255
v 6.159620 0.689783 4.501261
v 6.159620 0.684202 4.027444
v 6.396529 0.422291 4.264353
v 5.922712 1.052743 4.264353
v 7.107255 0.210869 4.501261
v 7.107255 0.210869 4.027444
v 7.344163 0.210869 4.264353
v 6.870346 0.210869 4.264353
v 7.107255 0.210869 5.448895
v 7.107255 0.210869 4.975078
v 7.344163 0.210869 5.211987
v 6.870346 0.210869 5.211987
v 4.264353 2.477216 4.501261
v 4.264353 2.516554 4.027444
v 4.501261 2.501161 4.264353
v 4.027444 2.484461 4.264353
v 5.211987 1.987867 4.501261
v 5.211987 2.130099 4.027444
v 5.448895 1.976258 4.264353
v 4.975078 2.311083 4.264353
v 5.211987 1.692249 5.448895
v 5.211987 1.667825 4.975078
v 5.448895 1.461710 5.211987
v 4.975078 1.982180 5.211987
v 2.369085 2.685670 -4.975078
v 2.369085 2.635125 -5.448895
v 2.605993 2.721369 -5.211987
v 2.132176 2.607200 -5.211987
v 3.316719 2.738981 -4.975078
v 3.316719 2.672065 -5.448895
v 3.553627 2.575262 -5.211987
v 3.079810 2.759011 -5.211987
v 3.316719 2.835685 -4.027444
v 3.316719 2.875925 -4.501261
v 3.553627 2.862199 -4.264353
v 3.079810 2.846347 -4.264353
v 2.369085 1.032061 -6.870346
v 2.369085 0.380071 -7.344163
v 2.605993 0.656536 -7.107255
v 2.132176 0.561941 -7.107255
v 3.316719 0.891772 -6.870346
v 3.316719 0.349251 -7.344163
v 3.553627 0.485748 -7.107255
v 3.079810 0.607678 -7.107255
v 3.316719 2.382880 -5.922712
v 3.316719 1.827804 -6.396529
v 3.553627 2.060501 -6.159620
v 3.079810 2.291527 -6.159620
v 0.473817 0.243107 -6.870346
v 0.473817 0.210869 -7.344163
v 0.710725 0.226089 -7.107255
v 0.236908 0.210869 -7.107255
v 1.421451 0.638348 -6.870346
v 1.421451 0.265474 -7.344163
v 1.658359 0.472605 -7.107255
v 1.184542 0.326233 -7.107255
v 1.421451 2.169891 -5.922712
v 1.421451 1.307781 -6.396529
v 1.658359 2.104656 -6.159620
v 1.184542 1.497497 -6.159620
v 6.159620 0.210869 -4.975078
v 6.159620 0.210869 -5.448895
v 6.396529 0.210869 -5.211987
v 5.922712 0.256243 -5.211987
v 7.107255 0.210869 -4.975078
v 7.107255 0.210869 -5.448895
v 7.344163 0.210869 -5.211987
v 6.870346 0.210869 -5.211987
v 7.107255 0.210869 -4.027444
v 7.107255 0.210869 -4.501261
v 7.344163 0.210869 -4.264353
v 6.870346 0.210869 -4.264353
v 6.159620 0.210869 -6.870346
v 6.159620 0.210869 -7.344163
v 6.396529 0.210869 -7.107255
v 5.922712 0.210869 -7.107255
v 7.107255 0.210869 -6.870346
v 7.107255 0.210869 -7.344163
v 7.344163 0.210869 -7.107255
v 6.870346 0.210869 -7.107255
v 7.107255 0.210869 -5.922712
v 7.107255 0.210869 -6.396529
v 7.344163 0.210869 -6.159620
v 6.870346 0.210869 -6.159620
v 4.264353 0.431028 -6.870346
v 4.264353 0.212841 -7.344163
v 4.501261 0.241959 -7.107255
v 4.027444 0.352239 -7.107255
v 5.211987 0.210869 -6.870346
v 5.211987 0.210869 -7.344163
v 5.448895 0.210869 -7.107255
v 4.975078 0.210869 -7.107255
v 5.211987 0.479248 -5.922712
v 5.211987 0.271698 -6.396529
v 5.448895 0.255764 -6.159620
v 4.975078 0.520738 -6.159620
v 6.159620 0.834631 -1.184542
v 6.159620 0.510736 -1.658359
v 6.396529 0.654340 -1.421451
v 5.922712 0.780089 -1.421451
v 7.107255 0.258915 -1.184542
v 7.107255 0.210869 -1.658359
v 7.344163 0.210869 -1.421451
v 6.870346 0.293859 -1.421451
v 7.107255 0.397188 -0.236908
v 7.107255 0.387330 -0.710725
v 7.344163 0.237141 -0.473817
v 6.870346 0.704890 -0.473817
v 6.159620 0.210869 -3.079810
v 6.159620 0.215595 -3.553627
v 6.396529 0.210869 -3.316719
v 5.922712 0.280436 -3.316719
v 7.107255 0.210869 -3.079810
v 7.107255 0.210869 -3.553627
v 7.344163 0.210869 -3.316719
v 6.870346 0.210869 -3.316719
v 7.107255 0.210869 -2.132176
v 7.107255 0.210869 -2.605993
v 7.344163 0.210869 -2.369085
v 6.870346 0.210869 -2.369085
v 4.264353 2.163653 -3.079810
v 4.264353 2.035120 -3.553627
v 4.501261 1.898011 -3.316719
v 4.027444 2.408760 -3.316719
v 5.211987 0.837767 -3.079810
v 5.211987 1.076974 -3.553627
v 5.448895 0.672921 -3.316719
v 4.975078 1.283897 -3.316719
v 5.211987 0.338141 -2.132176
v 5.211987 0.580465 -2.605993
v 5.448895 0.307961 -2.369085
v 4.975078 0.649498 -2.369085
v -5.211987 0.219367 -4.975078
v -5.211987 0.210869 -5.448895
v -4.975078 0.212511 -5.211987
v -5.448895 0.210869 -5.211987
v -4.264353 0.803279 -4.975078
v -4.264353 0.222632 -5.448895
v -4.027444 0.379908 -5.211987
v -4.501261 0.290299 -5.211987
v -4.264353 1.800062 -4.027444
v -4.264353 1.696621 -4.501261
v -4.027444 1.736605 -4.264353
v -4.501261 1.799425 -4.264353
v -5.211987 0.210869 -6.870346
v -5.211987 0.210869 -7.344163
v -4.975078 0.210869 -7.107255
v -5.448895 0.210869 -7.107255
v -4.264353 0.210869 -6.870346
v -4.264353 0.210869 -7.344163
v -4.027444 0.210869 -7.107255
v -4.501261 0.210869 -7.107255
v -4.264353 0.210869 -5.922712
v -4.264353 0.210869 -6.396529
v -4.027444 0.210869 -6.159620
v -4.501261 0.210869 -6.159620
v -7.107255 0.210869 -6.870346
v -7.107255 0.210869 -7.344163
v -6.870346 0.210869 -7.107255
v -7.344163 0.210869 -7.107255
v -6.159620 0.210869 -6.870346
v -6.159620 0.210869 -7.344163
v -5.922712 0.210869 -7.107255
v -6.396529 0.210869 -7.107255
v -6.159620 0.210869 -5.922712
v -6.159620 0.210869 -6.396529
v -5.922712 0.210869 -6.159620
v -6.396529 0.210869 -6.159620
v -1.421497 0.690227 -4.975124
v -1.421560 1.352695 -5.449004
v -1.184622 1.049389 -5.212067
v -1.658460 1.269508 -5.212087
v -0.473817 0.371905 -4.975078
v -0.473817 0.282588 -5.448895
v -0.236908 0.505865 -5.211987
v -0.710732 0.293422 -5.211993
v -0.473817 0.460070 -4.027444
v -0.473817 0.446603 -4.501261
v -0.236908 0.757957 -4.264353
v -0.710725 0.288837 -4.264353
v -1.421572 1.485178 -6.870467
v -1.421507 0.797089 -7.344218
v -1.184635 1.179897 -7.107347
v -1.658465 1.316488 -7.107360
v -0.473838 0.433011 -6.870367
v -0.473817 0.214604 -7.344163
v -0.236909 0.211679 -7.107255
v -0.710751 0.484702 -7.107281
v -0.473876 0.826628 -5.922771
v -0.473877 0.836748 -6.396589
v -0.236911 0.256095 -6.159623
v -0.710810 1.103182 -6.159706
v -3.316719 0.210869 -6.870346
v -3.316719 0.210869 -7.344163
v -3.079810 0.210869 -7.107255
v -3.553627 0.210869 -7.107255
v -2.369169 1.094336 -6.870430
v -2.369092 0.280928 -7.344170
v -2.132260 1.090036 -7.107338
v -2.606001 0.293430 -7.107262
v -2.369185 1.259508 -5.922812
v -2.369180 1.210589 -6.396624
v -2.132291 1.420030 -6.159736
v -2.606069 1.010298 -6.159697
v -1.413565 2.028694 -1.197364
v -1.417655 1.085932 -1.664531
v -1.178002 1.718515 -1.432085
v -1.653397 1.354799 -1.429519
v -0.464894 2.267717 -1.199050
v -0.469503 1.205262 -1.665373
v -0.229996 1.804282 -1.432690
v -0.703534 1.868464 -1.433142
v -0.463363 2.620635 -0.253905
v -0.463934 2.488848 -0.726793
v -0.226627 2.580702 -0.490532
v -0.700657 2.531762 -0.490187
v -1.421451 0.210869 -3.079810
v -1.421451 0.210869 -3.553627
v -1.184542 0.210869 -3.316719
v -1.658359 0.214466 -3.316719
v -0.473817 0.318854 -3.079810
v -0.473817 0.409189 -3.553627
v -0.236908 0.589671 -3.316719
v -0.710725 0.247047 -3.316719
v -0.472668 0.475665 -2.134044
v -0.473805 0.241292 -2.606013
v -0.236577 0.287189 -2.369623
v -0.710296 0.309874 -2.369783
v -3.316719 1.787271 -3.079810
v -3.316719 1.681782 -3.553627
v -3.079810 1.617237 -3.316719
v -3.553627 1.907721 -3.316719
v -2.369085 1.065554 -3.079810
v -2.369085 1.119424 -3.553627
v -2.132176 0.606457 -3.316719
v -2.605993 1.364143 -3.316719
v -2.368979 0.245871 -2.132347
v -2.369085 0.671248 -2.605993
v -2.132176 0.268595 -2.369085
v -2.605993 0.792948 -2.369085
v -5.339230 1.137523 -1.523853
v -5.290094 0.779693 -1.866644
v -5.078797 0.966208 -1.698031
v -5.561164 1.028471 -1.720830
v -4.351142 0.842918 -1.415978
v -4.264353 0.395436 -1.658359
v -4.041337 0.355737 -1.458500
v -4.586452 0.842313 -1.648622
v -4.395066 1.162794 -0.585472
v -4.387396 1.106936 -1.038836
v -4.142379 1.047887 -0.780306
v -4.640186 1.222598 -0.844279
v -5.211987 1.203048 -3.079810
v -5.211987 1.212557 -3.553627
v -4.975078 1.609029 -3.316719
v -5.448895 0.650044 -3.316719
v -4.264353 2.104360 -3.079810
v -4.264353 2.076169 -3.553627
v -4.027444 2.105921 -3.316719
v -4.501261 1.980938 -3.316719
v -4.264353 1.322686 -2.132176
v -4.264353 1.710991 -2.605993
v -4.027444 1.799028 -2.369085
v -4.501261 1.503421 -2.369085
v -7.107255 0.210869 -3.079810
v -7.107255 0.210869 -3.553627
v -6.870346 0.210869 -3.316719
v -7.344163 0.210869 -3.316719
v -6.159620 0.210869 -3.079810
v -6.159620 0.210869 -3.553627
v -5.922712 0.217611 -3.316719
v -6.396529 0.210869 -3.316719
v -6.170136 0.287446 -2.160217
v -6.159620 0.210869 -2.605993
v -5.923682 0.217932 -2.371671
v -6.396529 0.210869 -2.369085
v 2.369085 0.600377 -1.184542
v 2.369085 1.368426 -1.658359
v 2.605993 0.965909 -1.421451
v 2.132176 0.921906 -1.421451
v 3.316719 0.518971 -1.184542
v 3.316719 1.134478 -1.658359
v 3.553627 0.729192 -1.421451
v 3.079810 0.872406 -1.421451
v 3.316719 0.210869 -0.236908
v 3.316719 0.231068 -0.710725
v 3.553627 0.210869 -0.473817
v 3.079810 0.210869 -0.473817
v 2.369085 2.728472 -3.079810
v 2.369085 2.643509 -3.553627
v 2.605993 2.784643 -3.316719
v 2.132176 2.647851 -3.316719
v 3.316719 2.741592 -3.079810
v 3.316719 2.826487 -3.553627
v 3.553627 2.717937 -3.316719
v 3.079810 2.860634 -3.316719
v 3.316719 2.231107 -2.132176
v 3.316719 2.563669 -2.605993
v 3.553627 2.311980 -2.369085
v 3.079810 2.520241 -2.369085
v 0.473817 1.655068 -3.079810
v 0.473817 1.972018 -3.553627
v 0.710725 2.129069 -3.316719
v 0.236908 1.333822 -3.316719
v 1.421451 2.446941 -3.079810
v 1.421451 2.553168 -3.553627
v 1.658359 2.591017 -3.316719
v 1.184542 2.371736 -3.316719
v 1.421451 1.792054 -2.132176
v 1.421451 2.275871 -2.605993
v 1.658359 2.243200 -2.369085
v 1.184542 1.892477 -2.369085
v 2.369085 0.769004 6.396529
v 2.369085 1.527499 5.922712
v 2.605993 1.372904 6.159620
v 2.132176 0.831059 6.159620
v 3.316719 1.391924 6.396529
v 3.316719 1.943501 5.922712
v 3.553627 1.833894 6.159620
v 3.079810 1.740565 6.159620
v 3.316719 0.228185 7.344163
v 3.316719 0.565904 6.870346
v 3.553627 0.355360 7.107255
v 3.079810 0.314221 7.107255
v 2.369085 2.155127 4.501261
v 2.369085 2.146903 4.027444
v 2.605993 2.262792 4.264353
v 2.132176 2.034718 4.264353
v 3.316719 2.317680 4.501261
v 3.316719 2.315754 4.027444
v 3.553627 2.380895 4.264353
v 3.079810 2.382247 4.264353
v 3.316719 2.275660 5.448895
v 3.316719 2.317022 4.975078
v 3.553627 2.460545 5.211987
v 3.079810 2.283117 5.211987
v 0.704461 1.059242 4.661813
v 0.661360 0.918029 4.157821
v 0.773051 0.477522 4.307738
v 0.450335 0.997471 4.412920
v 1.421451 1.046860 4.501261
v 1.421451 1.026279 4.027444
v 1.658359 1.594024 4.264353
v 1.184542 0.672952 4.264353
v 1.421451 0.639165 5.448895
v 1.421451 0.926296 4.975078
v 1.658359 1.178092 5.211987
v 1.184542 0.473388 5.211987
v -5.217040 0.322135 6.425556
v -5.243217 0.898554 6.102113
v -5.002620 0.817344 6.317836
v -5.453627 0.315067 6.186803
v -4.317956 1.391207 6.704452
v -4.339511 1.865831 6.354453
v -4.102272 1.858547 6.589461
v -4.564300 1.598959 6.521741
v -4.264353 0.210869 7.344163
v -4.270285 0.341488 6.904422
v -4.028778 0.240233 7.114915
v -4.501621 0.218794 7.109322
v -5.270885 1.526233 4.839595
v -5.261235 1.314037 4.310347
v -5.036955 1.592048 4.619800
v -5.488440 1.100510 4.491518
v -4.341563 1.929413 4.944792
v -4.333849 1.759569 4.426664
v -4.108310 2.010049 4.728880
v -4.571387 1.773335 4.667189
v -4.347752 2.051564 5.927978
v -4.348607 2.079731 5.459070
v -4.121965 2.303254 5.754955
v -4.591034 2.196434 5.727683
v -7.107255 0.217876 4.501261
v -7.107255 0.226776 4.027444
v -6.870346 0.228043 4.264353
v -7.344163 0.217876 4.264353
v -6.160748 0.253122 4.507735
v -6.159750 0.232264 4.028185
v -5.927620 0.337643 4.292551
v -6.396529 0.230258 4.264353
v -6.159620 0.210869 5.448895
v -6.160681 0.242449 4.981174
v -5.926350 0.290969 5.232882
v -6.396529 0.210869 5.211987
v -7.107255 0.210869 5.448895
v -7.107255 0.210869 4.975078
v -6.870346 0.210869 5.211987
v -7.344163 0.210869 5.211987
v -5.272120 1.536292 5.794325
v -5.279190 1.701030 5.361124
v -5.051674 1.903343 5.651991
v -5.489803 1.112969 5.446982
v -5.211987 0.210869 7.344163
v -5.211987 0.210869 6.870346
v -4.975078 0.210869 7.107255
v -5.448895 0.210869 7.107255
v 0.716078 1.101972 5.617534
v 0.718677 1.111534 5.145526
v 0.941146 1.058420 5.372383
v 0.489601 1.140342 5.387887
v 2.369085 1.985172 5.448895
v 2.369085 2.074789 4.975078
v 2.605993 2.166423 5.211987
v 2.132176 1.914279 5.211987
v 2.369085 0.210869 7.344163
v 2.369085 0.306166 6.870346
v 2.605993 0.248427 7.107255
v 2.132176 0.210869 7.107255
v 0.474226 0.305160 -2.132842
v 0.473817 1.116464 -2.605993
v 0.710725 1.157979 -2.369085
v 0.237058 0.396102 -2.369328
v 2.369085 2.087194 -2.132176
v 2.369085 2.464485 -2.605993
v 2.605993 2.422338 -2.369085
v 2.132176 2.289144 -2.369085
v 2.369346 0.271062 -0.237333
v 2.369085 0.248532 -0.710725
v 2.605993 0.210869 -0.473817
v 2.132770 0.347749 -0.474782
v -7.107255 0.210869 -2.132176
v -7.107255 0.210869 -2.605993
v -6.870346 0.210869 -2.369085
v -7.344163 0.210869 -2.369085
v -5.211987 0.320086 -2.132176
v -5.211987 0.794959 -2.605993
v -4.975078 1.003810 -2.369085
v -5.448895 0.281132 -2.369085
v -5.363836 1.316714 -0.641833
v -5.356427 1.262758 -1.095893
v -5.122500 1.284472 -0.866935
v -5.598821 1.302706 -0.873612
v -3.316719 1.347608 -2.132176
v -3.316719 1.657040 -2.605993
v -3.079810 1.413091 -2.369085
v -3.553627 1.661651 -2.369085
v -1.420441 0.443635 -2.133818
v -1.421451 0.210869 -2.605993
v -1.184183 0.293673 -2.369669
v -1.658180 0.252207 -2.369376
v -1.411888 2.415032 -0.252455
v -1.412400 2.297248 -0.725441
v -1.174850 2.444973 -0.489575
v -1.649359 2.285414 -0.488449
v -3.316719 0.210869 -5.922712
v -3.316719 0.210869 -6.396529
v -3.079812 0.232579 -6.159623
v -3.553627 0.210869 -6.159620
v -1.421571 1.472794 -5.922832
v -1.421574 1.506739 -6.396652
v -1.184654 1.379287 -6.159732
v -1.658492 1.606200 -6.159753
v -1.421451 0.210869 -4.027444
v -1.421451 0.210869 -4.501261
v -1.184542 0.210869 -4.264353
v -1.658359 0.210869 -4.264353
v -7.107255 0.210869 -5.922712
v -7.107255 0.210869 -6.396529
v -6.870346 0.210869 -6.159620
v -7.344163 0.210869 -6.159620
v -5.211987 0.210869 -5.922712
v -5.211987 0.210869 -6.396529
v -4.975078 0.210869 -6.159620
v -5.448895 0.210869 -6.159620
v -5.211987 0.913027 -4.027444
v -5.211987 0.413517 -4.501261
v -4.975078 1.283873 -4.264353
v -5.448895 0.336960 -4.264353
v 4.264353 1.167371 -2.132176
v 4.264353 1.923421 -2.605993
v 4.501261 1.195416 -2.369085
v 4.027444 1.934800 -2.369085
v 6.159620 0.210869 -2.132176
v 6.159620 0.210869 -2.605993
v 6.396529 0.210869 -2.369085
v 5.922712 0.210869 -2.369085
v 6.159620 0.893528 -0.236908
v 6.159620 0.898888 -0.710725
v 6.396529 0.880907 -0.473817
v 5.922712 0.869582 -0.473817
v 4.264353 1.593170 -5.922712
v 4.264353 0.934025 -6.396529
v 4.501261 0.987554 -6.159620
v 4.027444 1.538643 -6.159620
v 6.159620 0.210869 -5.922712
v 6.159620 0.210869 -6.396529
v 6.396529 0.210869 -6.159620
v 5.922712 0.210869 -6.159620
v 6.159620 0.231426 -4.027444
v 6.159620 0.226603 -4.501261
v 6.396529 0.210869 -4.264353
v 5.922712 0.339707 -4.264353
v 0.473817 0.900657 -5.922712
v 0.473817 0.472683 -6.396529
v 0.710725 0.940136 -6.159620
v 0.236908 0.456148 -6.159620
v 2.369085 2.499062 -5.922712
v 2.369085 2.155529 -6.396529
v 2.605993 2.402752 -6.159620
v 2.132176 2.330844 -6.159620
v 2.369085 2.676633 -4.027444
v 2.369085 2.684975 -4.501261
v 2.605993 2.745581 -4.264353
v 2.132176 2.664285 -4.264353
v 4.264353 2.304247 5.448895
v 4.264353 2.461730 4.975078
v 4.501261 2.292164 5.211987
v 4.027444 2.479338 5.211987
v 6.159620 0.414680 5.448895
v 6.159620 0.579482 4.975078
v 6.396529 0.312718 5.211987
v 5.922712 0.767544 5.211987
v 6.159620 0.210869 7.344163
v 6.159620 0.210869 6.870346
v 6.396529 0.210869 7.107255
v 5.922712 0.210869 7.107255
v 4.264353 0.397154 1.658359
v 4.264353 0.210869 1.184542
v 4.501261 0.234890 1.421451
v 4.027444 0.267299 1.421451
v 6.159620 0.210869 1.658359
v 6.159620 0.210869 1.184542
v 6.396529 0.210869 1.421451
v 5.922712 0.210869 1.421451
v 6.159620 0.554824 3.553627
v 6.159620 0.375612 3.079810
v 6.396529 0.288368 3.316719
v 5.922712 0.752435 3.316719
v 0.482100 2.120096 1.644893
v 0.484410 2.652486 1.167321
v 0.719843 2.312541 1.406627
v 0.246797 2.490281 1.405374
v 2.369508 0.308441 1.657671
v 2.369767 0.368143 1.183433
v 2.606086 0.232156 1.421301
v 2.133629 0.545778 1.419089
v 2.369085 1.969052 3.553627
v 2.369085 1.838330 3.079810
v 2.605993 2.047251 3.316719
v 2.132176 1.787872 3.316719
v -3.397345 1.995063 5.912046
v -3.413476 2.359413 5.530894
v -3.174444 2.311440 5.755606
v -3.652545 2.404654 5.780216
v -1.184920 1.096277 5.615277
v -1.339531 0.563723 5.040642
v -0.936389 1.139415 5.384727
v -1.664824 0.370218 5.249120
v -1.421451 0.210869 7.344163
v -1.364975 0.418602 6.909659
v -1.154427 0.321643 7.128218
v -1.653606 0.228352 7.110563
v -3.314278 0.791991 1.654391
v -3.313264 1.021790 1.178926
v -3.075115 1.309617 1.413818
v -3.552194 0.559697 1.419121
v -1.411255 2.560990 1.641783
v -1.411303 2.549942 1.168044
v -1.174208 2.593082 1.404649
v -1.648077 2.580953 1.404734
v -1.419785 0.613405 3.550919
v -1.416702 1.323908 3.072090
v -1.181234 0.992023 3.311341
v -1.655617 0.861100 3.312260
v -7.202291 0.906201 1.404932
v -7.217183 1.011427 0.891404
v -6.998376 1.150717 1.080043
v -7.417166 0.742514 1.226780
v -5.354657 1.268676 1.277910
v -5.363870 1.335284 0.779527
v -5.121266 1.294888 1.031621
v -5.598202 1.317084 1.023304
v -5.234946 0.734842 3.685520
v -5.215465 0.305911 3.099790
v -4.996825 0.708187 3.441642
v -5.452626 0.311448 3.338150
v -7.107255 0.229006 3.553627
v -7.107255 0.229157 3.079810
v -6.870346 0.228421 3.316719
v -7.344163 0.222033 3.316719
v -3.384229 1.716238 3.941437
v -3.350653 0.976572 3.274745
v -3.130768 1.351506 3.609458
v -3.611660 1.507510 3.650082
v -3.316719 0.210869 7.344163
v -3.322142 0.330289 6.901500
v -3.080139 0.218111 7.109144
v -3.554929 0.239525 7.114730
v 0.475019 0.488413 3.551673
v 0.477556 1.072679 3.073732
v 0.712371 0.590067 3.314044
v 0.239782 0.880425 3.312047
v 4.264353 2.372534 3.553627
v 4.264353 2.244158 3.079810
v 4.501261 2.336686 3.316719
v 4.027444 2.395869 3.316719
v 4.264353 0.218398 7.344163
v 4.264353 0.513035 6.870346
v 4.501261 0.283655 7.107255
v 4.027444 0.342989 7.107255
v 0.473817 2.059894 -4.027444
v 0.473817 2.042813 -4.501261
v 0.710725 2.245686 -4.264353
v 0.236908 1.668123 -4.264353
v 4.264353 2.322975 -4.027444
v 4.264353 2.538080 -4.501261
v 4.501261 2.368917 -4.264353
v 4.027444 2.692486 -4.264353
v 4.264353 0.266366 -0.236908
v 4.264353 0.262133 -0.710725
v 4.501261 0.521428 -0.473817
v 4.027444 0.210869 -0.473817
v -7.107255 0.210869 -4.027444
v -7.107255 0.210869 -4.501261
v -6.870346 0.210869 -4.264353
v -7.344163 0.210869 -4.264353
v -3.316719 1.816264 -4.027444
v -3.316719 1.668434 -4.501261
v -3.079810 1.625356 -4.264353
v -3.553627 1.899309 -4.264353
v -3.314368 0.752611 -0.240730
v -3.315590 0.471088 -0.712561
v -3.076663 0.936361 -0.478934
v -3.552857 0.388346 -0.475069
v -7.229616 1.101968 -0.563200
v -7.208542 0.948500 -0.980822
v -6.998693 1.145561 -0.816071
v -7.434043 0.865423 -0.713494
v 0.483544 2.452930 -0.252722
v 0.482589 2.232824 -0.724987
v 0.719073 2.135069 -0.487389
v 0.246575 2.439023 -0.489533
v 0.473817 0.210869 7.344163
v 0.527648 0.408874 6.907818
v 0.714467 0.224630 7.109859
v 0.265765 0.317009 7.127341
v -7.107255 0.210869 7.344163
v -7.107255 0.210869 6.870346
v -6.870346 0.210869 7.107255
v -7.344163 0.210869 7.107255
v -7.344163 0.210869 6.870346
v -6.870346 0.210869 6.870346
v -6.870346 0.210869 7.344163
v 0.320893 0.519786 6.928808
v 0.738798 0.314127 6.889887
v 0.710725 0.210869 7.344163
v 0.246070 2.322536 -0.725620
v 0.718508 2.004717 -0.723378
v 0.719537 2.242018 -0.251235
v -7.415330 0.729142 -0.900500
v -6.989833 1.081034 -1.029352
v -7.004056 1.184619 -0.593464
v -3.553193 0.310882 -0.711431
v -3.077585 0.723889 -0.714344
v -3.075923 1.106787 -0.243228
v -3.553627 1.821188 -4.501261
v -3.079810 1.490553 -4.501261
v -3.079810 1.610035 -4.027444
v -7.344163 0.210869 -4.501261
v -6.870346 0.210869 -4.501261
v -6.870346 0.210869 -4.027444
v 4.027444 0.210869 -0.710725
v 4.501261 0.483925 -0.710725
v 4.501261 0.496897 -0.236908
v 4.027444 2.655821 -4.501261
v 4.501261 2.392912 -4.501261
v 4.501261 2.157005 -4.027444
v 0.236908 1.616976 -4.501261
v 0.710725 2.233829 -4.501261
v 0.710725 2.236598 -4.027444
v 4.027444 0.552140 6.870346
v 4.501261 0.450899 6.870346
v 4.501261 0.210869 7.344163
v 4.027444 2.308811 3.079810
v 4.501261 2.170962 3.079810
v 4.501261 2.276386 3.553627
v 0.241521 1.277611 3.072312
v 0.713692 0.894747 3.074987
v 0.711539 0.398678 3.552304
v -3.560557 0.363468 6.910155
v -3.083388 0.289649 6.890898
v -3.079810 0.210869 7.344163
v -3.592372 1.082664 3.302378
v -3.079526 0.292057 3.079348
v -3.146028 1.687067 3.934008
v -7.344163 0.221207 3.079810
v -6.870346 0.228605 3.079810
v -6.870346 0.228582 3.553627
v -5.451447 0.260598 3.080155
v -4.983410 0.412857 3.127676
v -5.015334 1.115657 3.784873
v -5.601423 1.340328 0.777809
v -5.125303 1.323712 0.783950
v -5.115149 1.250146 1.284842
v -7.436224 0.881308 0.939049
v -6.998238 1.146357 0.843504
v -6.988186 1.078902 1.344124
v -1.654187 1.191018 3.073027
v -1.178888 1.532364 3.070618
v -1.182644 0.666592 3.550541
v -1.647990 2.600992 1.167684
v -1.174363 2.557344 1.167992
v -1.173638 2.724266 1.640632
v -3.551902 0.624922 1.181738
v -3.074220 1.510340 1.175454
v -3.075796 1.154004 1.651834
v -1.628330 0.321324 6.891249
v -1.097580 0.530739 6.930880
v -1.182034 0.220095 7.345909
v -1.666460 0.406740 5.021611
v -0.937708 1.135727 5.146900
v -0.933757 1.141211 5.623467
v -3.650484 2.360706 5.531464
v -3.174133 2.305523 5.516907
v -3.157979 1.940500 5.897930
v 2.132176 1.608564 3.079810
v 2.605993 1.981356 3.079810
v 2.605993 2.090383 3.553627
v 2.133831 0.592177 1.181853
v 2.606132 0.242823 1.184317
v 2.606019 0.293074 1.658317
v 0.247742 2.708060 1.166929
v 0.720791 2.530967 1.168178
v 0.718536 2.011207 1.645661
v 5.922712 0.590959 3.079810
v 6.396529 0.248283 3.079810
v 6.396529 0.336334 3.553627
v 5.922712 0.214304 1.184542
v 6.396529 0.210869 1.184542
v 6.396529 0.210869 1.658359
v 4.027444 0.210869 1.184542
v 4.501261 0.210869 1.184542
v 4.501261 0.349498 1.658359
v 5.922712 0.210869 6.870346
v 6.396529 0.210869 6.870346
v 6.396529 0.210869 7.344163
v 5.922712 0.907056 4.975078
v 6.396529 0.358361 4.975078
v 6.396529 0.268557 5.448895
v 4.027444 2.502553 4.975078
v 4.501261 2.347860 4.975078
v 4.501261 2.214092 5.448895
v 2.132176 2.628379 -4.501261
v 2.605993 2.732960 -4.501261
v 2.605993 2.718597 -4.027444
v 2.132176 2.046587 -6.396529
v 2.605993 2.181290 -6.396529
v 2.605993 2.524478 -5.922712
v 0.236908 0.330112 -6.396529
v 0.710725 0.668848 -6.396529
v 0.710725 1.163632 -5.922712
v 5.922712 0.329161 -4.501261
v 6.396529 0.210869 -4.501261
v 6.396529 0.210869 -4.027444
v 5.922712 0.210869 -6.396529
v 6.396529 0.210869 -6.396529
v 6.396529 0.210869 -5.922712
v 4.027444 1.109703 -6.396529
v 4.501261 0.716394 -6.396529
v 4.501261 1.243362 -5.922712
v 5.922712 0.909820 -0.710725
v 6.396529 0.871256 -0.710725
v 6.396529 0.877140 -0.236908
v 5.922712 0.210869 -2.605993
v 6.396529 0.210869 -2.605993
v 6.396529 0.210869 -2.132176
v 4.027444 2.139662 -2.605993
v 4.501261 1.570570 -2.605993
v 4.501261 0.914619 -2.132176
v -5.448895 0.259547 -4.501261
v -4.975078 0.826625 -4.501261
v -4.975078 1.352306 -4.027444
v -5.448895 0.210869 -6.396529
v -4.975078 0.210869 -6.396529
v -4.975078 0.210869 -5.922712
v -7.344163 0.210869 -6.396529
v -6.870346 0.210869 -6.396529
v -6.870346 0.210869 -5.922712
v -1.658359 0.210869 -4.501261
v -1.184542 0.210869 -4.501261
v -1.184542 0.210869 -4.027444
v -1.658492 1.609482 -6.396662
v -1.184653 1.373049 -6.396640
v -1.184654 1.383792 -5.922823
v -3.553627 0.210869 -6.396529
v -3.079812 0.227416 -6.396530
v -3.079812 0.226615 -5.922713
v -1.649746 2.196365 -0.724730
v -1.175142 2.377618 -0.726008
v -1.174692 2.481494 -0.252924
v -1.658359 0.210869 -2.605993
v -1.184542 0.210869 -2.605993
v -1.183369 0.481384 -2.134084
v -3.553627 1.776743 -2.605993
v -3.079810 1.529488 -2.605993
v -3.079810 1.131710 -2.132176
v -5.594376 1.270335 -1.098667
v -5.117149 1.245506 -1.089576
v -5.125469 1.306096 -0.637945
v -5.448895 0.370694 -2.605993
v -4.975078 1.373455 -2.605993
v -4.975078 0.558669 -2.132176
v -7.344163 0.210869 -2.605993
v -6.870346 0.210869 -2.605993
v -6.870346 0.210869 -2.132176
v 2.132493 0.283971 -0.711241
v 2.605993 0.252284 -0.710725
v 2.605993 0.210869 -0.236908
v 2.132176 2.428189 -2.605993
v 2.605993 2.491327 -2.605993
v 2.605993 2.194601 -2.132176
v 0.236908 0.796551 -2.605993
v 0.710725 1.500638 -2.605993
v 0.710948 0.343474 -2.132539
v 2.132176 0.249673 6.870346
v 2.605993 0.381712 6.870346
v 2.605993 0.210869 7.344163
v 2.132176 1.961065 4.975078
v 2.605993 2.192616 4.975078
v 2.605993 2.096172 5.448895
v 0.489270 1.139126 5.150748
v 0.933204 1.043599 5.129947
v 0.937835 1.046239 5.606987
v -5.448895 0.210869 6.870346
v -4.975677 0.224068 6.873790
v -4.975078 0.210869 7.344163
v -5.497933 1.300029 5.256777
v -5.050766 1.889667 5.409864
v -5.051017 1.885940 5.885121
v -7.344163 0.210869 4.975078
v -6.870346 0.213890 4.975078
v -6.870346 0.210869 5.448895
v -6.396529 0.217998 4.975078
v -5.929183 0.361622 5.012248
v -5.925255 0.266861 5.463502
v -6.396529 0.229717 4.027444
v -5.925602 0.296598 4.044046
v -5.929374 0.375177 4.539530
v -7.344163 0.218897 4.027444
v -6.870346 0.228393 4.027444
v -6.870346 0.222477 4.501261
v -4.583733 2.040655 5.448830
v -4.119078 2.243524 5.501463
v -4.112069 2.079820 5.935018
v -4.567482 1.687333 4.407844
v -4.101757 1.865803 4.454328
v -4.112006 2.091533 4.987020
v -5.478311 0.880771 4.196419
v -5.033215 1.509491 4.361405
v -5.041914 1.701148 4.885194
v -4.505491 0.304014 6.894646
v -4.034698 0.370605 6.912017
v -4.027444 0.210869 7.344163
v -4.573329 1.797789 6.336703
v -4.105105 1.920933 6.368828
v -4.088049 1.545377 6.744671
v -5.461409 0.486413 5.994595
v -5.029880 1.417591 6.237518
v -4.987456 0.483427 6.467633
v 1.184542 0.556292 4.975078
v 1.658359 1.376614 4.975078
v 1.658359 0.989314 5.448895
v 1.184542 0.645363 4.027444
v 1.658359 1.551088 4.027444
v 1.658359 1.584411 4.501261
v 0.270783 0.381170 4.050614
v 0.771560 0.467253 4.069791
v 0.806944 0.600548 4.568240
v 3.079810 2.339398 4.975078
v 3.553627 2.423821 4.975078
v 3.553627 2.353369 5.448895
v 3.079810 2.345397 4.027444
v 3.553627 2.370033 4.027444
v 3.553627 2.353741 4.501261
v 2.132176 2.020171 4.027444
v 2.605993 2.258622 4.027444
v 2.605993 2.255846 4.501261
v 3.079810 0.519728 6.870346
v 3.553627 0.587957 6.870346
v 3.553627 0.234587 7.344163
v 3.079810 1.960152 5.922712
v 3.553627 2.078334 5.922712
v 3.553627 1.422649 6.396529
v 2.132176 1.124095 5.922712
v 2.605993 1.798337 5.922712
v 2.605993 0.966809 6.396529
v 1.184542 2.155035 -2.605993
v 1.658359 2.366396 -2.605993
v 1.658359 1.989345 -2.132176
v 1.184542 2.434625 -3.553627
v 1.658359 2.637743 -3.553627
v 1.658359 2.538899 -3.079810
v 0.236908 1.489432 -3.553627
v 0.710725 2.194053 -3.553627
v 0.710725 2.035028 -3.079810
v 3.079810 2.645035 -2.605993
v 3.553627 2.435601 -2.605993
v 3.553627 2.072975 -2.132176
v 3.079810 2.848548 -3.553627
v 3.553627 2.742525 -3.553627
v 3.553627 2.623342 -3.079810
v 2.132176 2.623483 -3.553627
v 2.605993 2.689075 -3.553627
v 2.605993 2.810004 -3.079810
v 3.079810 0.243185 -0.710725
v 3.553627 0.214627 -0.710725
v 3.553627 0.210869 -0.236908
v 3.079810 1.232888 -1.658359
v 3.553627 1.060306 -1.658359
v 3.553627 0.466242 -1.184542
v 2.132176 1.305935 -1.658359
v 2.605993 1.376066 -1.658359
v 2.605993 0.609589 -1.184542
v -6.396529 0.210869 -2.605993
v -5.922712 0.210869 -2.605993
v -5.936427 0.310749 -2.168749
v -6.396529 0.210869 -3.553627
v -5.922712 0.216972 -3.553627
v -5.922712 0.214077 -3.079810
v -7.344163 0.210869 -3.553627
v -6.870346 0.210869 -3.553627
v -6.870346 0.210869 -3.079810
v -4.501261 1.618244 -2.605993
v -4.027444 1.866284 -2.605993
v -4.027444 1.613435 -2.132176
v -4.501261 1.787651 -3.553627
v -4.027444 2.118413 -3.553627
v -4.027444 2.061822 -3.079810
v -5.448895 0.640892 -3.553627
v -4.975078 1.531673 -3.553627
v -4.975078 1.493140 -3.079810
v -4.633719 1.175495 -1.063940
v -4.135179 0.995451 -0.998014
v -4.142425 1.050978 -0.543568
v -4.501261 0.325073 -1.658359
v -4.027444 0.491371 -1.658359
v -4.087771 0.650201 -1.345412
v -5.530877 0.807907 -1.876975
v -5.053797 0.795660 -1.868274
v -5.098566 1.110174 -1.513839
v -2.605993 1.115269 -2.605993
v -2.132176 0.347255 -2.605993
v -2.131897 0.275142 -2.132630
v -2.605993 1.367651 -3.553627
v -2.132176 0.596667 -3.553627
v -2.132176 0.550707 -3.079810
v -3.553627 1.918589 -3.553627
v -3.079810 1.628427 -3.553627
v -3.079810 1.577246 -3.079810
v -0.710700 0.216794 -2.606035
v -0.236908 0.335706 -2.605993
v -0.235916 0.439677 -2.133790
v -0.710725 0.265311 -3.553627
v -0.236908 0.664910 -3.553627
v -0.236908 0.502931 -3.079810
v -1.658359 0.213938 -3.553627
v -1.184542 0.210869 -3.553627
v -1.184542 0.210869 -3.079810
v -0.700887 2.478653 -0.726721
v -0.227019 2.490445 -0.726804
v -0.226355 2.643536 -0.254067
v -0.706377 1.213216 -1.665429
v -0.232783 1.161883 -1.665067
v -0.228185 2.221644 -1.198725
v -1.655007 0.983656 -1.663810
v -1.180423 1.160492 -1.665057
v -1.176188 2.136481 -1.198124
v -2.606061 0.925914 -6.396597
v -2.132280 1.302723 -6.396633
v -2.132296 1.463441 -5.922832
v -2.605994 0.218732 -7.344164
v -2.132200 0.454473 -7.344186
v -2.132286 1.365023 -6.870456
v -3.553627 0.210869 -7.344163
v -3.079810 0.210869 -7.344163
v -3.079810 0.210869 -6.870346
v -0.710810 1.095299 -6.396613
v -0.236923 0.361306 -6.396544
v -0.236908 0.280730 -5.922712
v -0.710731 0.265719 -7.344168
v -0.236908 0.210869 -7.344163
v -0.236912 0.242774 -6.870349
v -1.658407 0.712687 -7.344211
v -1.184581 0.620371 -7.344202
v -1.184651 1.353223 -6.870455
v -0.710725 0.281728 -4.501261
v -0.236908 0.726568 -4.501261
v -0.236908 0.757190 -4.027444
v -0.710782 0.806609 -5.448952
v -0.236908 0.429067 -5.448895
v -0.236908 0.590711 -4.975078
v -1.658477 1.443461 -5.449013
v -1.184640 1.239047 -5.448993
v -1.184573 0.529694 -4.975108
v -6.396529 0.210869 -6.396529
v -5.922712 0.210869 -6.396529
v -5.922712 0.210869 -5.922712
v -6.396529 0.210869 -7.344163
v -5.922712 0.210869 -7.344163
v -5.922712 0.210869 -6.870346
v -7.344163 0.210869 -7.344163
v -6.870346 0.210869 -7.344163
v -6.870346 0.210869 -6.870346
v -4.501261 0.210869 -6.396529
v -4.027444 0.210869 -6.396529
v -4.027444 0.210869 -5.922712
v -4.501261 0.210869 -7.344163
v -4.027444 0.210869 -7.344163
v -4.027444 0.210869 -6.870346
v -5.448895 0.210869 -7.344163
v -4.975078 0.210869 -7.344163
v -4.975078 0.210869 -6.870346
v -4.501261 1.672556 -4.501261
v -4.027444 1.688143 -4.501261
v -4.027444 1.867182 -4.027444
v -4.501261 0.211771 -5.448895
v -4.027444 0.232368 -5.448895
v -4.027444 0.883882 -4.975078
v -5.448895 0.210869 -5.448895
v -4.975078 0.210869 -5.448895
v -4.975078 0.268699 -4.975078
v 4.975078 0.858737 -2.605993
v 5.448895 0.390093 -2.605993
v 5.448895 0.249647 -2.132176
v 4.975078 1.419462 -3.553627
v 5.448895 0.760074 -3.553627
v 5.448895 0.580146 -3.079810
v 4.027444 2.445084 -3.553627
v 4.501261 1.865644 -3.553627
v 4.501261 1.951628 -3.079810
v 6.870346 0.210869 -2.605993
v 7.344163 0.210869 -2.605993
v 7.344163 0.210869 -2.132176
v 6.870346 0.210869 -3.553627
v 7.344163 0.210869 -3.553627
v 7.344163 0.210869 -3.079810
v 5.922712 0.306017 -3.553627
v 6.396529 0.210869 -3.553627
v 6.396529 0.210869 -3.079810
v 6.870346 0.678180 -0.710725
v 7.344163 0.228941 -0.710725
v 7.344163 0.231731 -0.236908
v 6.870346 0.215233 -1.658359
v 7.344163 0.210869 -1.658359
v 7.344163 0.210869 -1.184542
v 5.922712 0.582948 -1.658359
v 6.396529 0.390322 -1.658359
v 6.396529 0.787278 -1.184542
v 4.975078 0.378927 -6.396529
v 5.448895 0.210869 -6.396529
v 5.448895 0.318935 -5.922712
v 4.975078 0.210869 -7.344163
v 5.448895 0.210869 -7.344163
v 5.448895 0.210869 -6.870346
v 4.027444 0.245296 -7.344163
v 4.501261 0.210869 -7.344163
v 4.501261 0.335559 -6.870346
v 6.870346 0.210869 -6.396529
v 7.344163 0.210869 -6.396529
v 7.344163 0.210869 -5.922712
v 6.870346 0.210869 -7.344163
v 7.344163 0.210869 -7.344163
v 7.344163 0.210869 -6.870346
v 5.922712 0.210869 -7.344163
v 6.396529 0.210869 -7.344163
v 6.396529 0.210869 -6.870346
v 6.870346 0.210869 -4.501261
v 7.344163 0.210869 -4.501261
v 7.344163 0.210869 -4.027444
v 6.870346 0.210869 -5.448895
v 7.344163 0.210869 -5.448895
v 7.344163 0.210869 -4.975078
v 5.922712 0.229242 -5.448895
v 6.396529 0.210869 -5.448895
v 6.396529 0.210869 -4.975078
v 1.184542 1.112337 -6.396529
v 1.658359 1.585322 -6.396529
v 1.658359 2.297945 -5.922712
v 1.184542 0.233275 -7.344163
v 1.658359 0.300440 -7.344163
v 1.658359 0.771706 -6.870346
v 0.236908 0.210869 -7.344163
v 0.710725 0.210869 -7.344163
v 0.710725 0.305165 -6.870346
v 3.079810 2.043967 -6.396529
v 3.553627 1.654656 -6.396529
v 3.553627 2.275726 -5.922712
v 3.079810 0.379992 -7.344163
v 3.553627 0.312845 -7.344163
v 3.553627 0.769665 -6.870346
v 2.132176 0.363189 -7.344163
v 2.605993 0.390863 -7.344163
v 2.605993 1.075433 -6.870346
v 3.079810 2.868078 -4.501261
v 3.553627 2.863212 -4.501261
v 3.553627 2.777462 -4.027444
v 3.079810 2.685148 -5.448895
v 3.553627 2.629037 -5.448895
v 3.553627 2.652375 -4.975078
v 2.132176 2.583805 -5.448895
v 2.605993 2.676509 -5.448895
v 2.605993 2.723202 -4.975078
v 4.975078 1.965850 4.975078
v 5.448895 1.488251 4.975078
v 5.448895 1.347726 5.448895
v 4.975078 2.239597 4.027444
v 5.448895 1.911138 4.027444
v 5.448895 1.822376 4.501261
v 4.027444 2.498686 4.027444
v 4.501261 2.490594 4.027444
v 4.501261 2.407096 4.501261
v 6.870346 0.210869 4.975078
v 7.344163 0.210869 4.975078
v 7.344163 0.210869 5.448895
v 6.870346 0.210869 4.027444
v 7.344163 0.210869 4.027444
v 7.344163 0.210869 4.501261
v 5.922712 1.020333 4.027444
v 6.396529 0.410031 4.027444
v 6.396529 0.416615 4.501261
v 6.870346 0.210869 6.870346
v 7.344163 0.210869 6.870346
v 7.344163 0.210869 7.344163
v 6.870346 0.210869 5.922712
v 7.344163 0.210869 5.922712
v 7.344163 0.210869 6.396529
v 5.922712 0.386466 5.922712
v 6.396529 0.210869 5.922712
v 6.396529 0.210869 6.396529
v 4.975078 0.210869 1.184542
v 5.448895 0.210869 1.184542
v 5.448895 0.210869 1.658359
v 4.975078 0.746682 0.236908
v 5.448895 0.855621 0.236908
v 5.448895 0.605698 0.710725
v 4.027444 0.210869 0.236908
v 4.501261 0.319059 0.236908
v 4.501261 0.210869 0.710725
v 6.870346 0.210869 1.184542
v 7.344163 0.210869 1.184542
v 7.344163 0.210869 1.658359
v 6.870346 0.471996 0.236908
v 7.344163 0.210869 0.236908
v 7.344163 0.210869 0.710725
v 5.922712 0.865061 0.236908
v 6.396529 0.805442 0.236908
v 6.396529 0.442237 0.710725
v 6.870346 0.210869 3.079810
v 7.344163 0.210869 3.079810
v 7.344163 0.210869 3.553627
v 6.870346 0.210869 2.132176
v 7.344163 0.210869 2.132176
v 7.344163 0.210869 2.605993
v 5.922712 0.210869 2.132176
v 6.396529 0.210869 2.132176
v 6.396529 0.210869 2.605993
v 1.193159 2.196981 1.170534
v 1.663085 1.300047 1.176860
v 1.662275 1.113394 1.651994
v 1.191939 1.915872 0.224883
v 1.662709 1.213595 0.229836
v 1.663315 1.353210 0.702668
v 0.247228 2.589530 0.220131
v 0.719900 2.325649 0.221992
v 0.720401 2.441096 0.694995
v 3.079810 0.210869 1.184542
v 3.553627 0.210869 1.184542
v 3.553627 0.430300 1.658359
v 3.079810 0.210869 0.236908
v 3.553627 0.210869 0.236908
v 3.553627 0.210869 0.710725
v 2.133647 0.549842 0.234518
v 2.606080 0.230817 0.236768
v 2.606154 0.247953 0.710464
v 3.079810 2.179958 3.079810
v 3.553627 2.291575 3.079810
v 3.553627 2.360758 3.553627
v 3.079810 1.022271 2.132176
v 3.553627 1.241307 2.132176
v 3.553627 2.116079 2.605993
v 2.132787 0.351649 2.131183
v 2.605993 0.795273 2.132176
v 2.605993 1.620947 2.605993
v -2.679799 1.853313 5.399050
v -2.189827 1.497643 5.306249
v -2.169500 1.040863 5.663299
v -2.678222 1.816527 4.442358
v -2.160383 0.840484 4.189476
v -2.186852 1.427873 4.815342
v -3.634614 2.012791 4.492669
v -3.161523 2.028741 4.496841
v -3.170833 2.233743 5.024135
v -0.451367 1.173648 5.155618
v 0.008003 1.112304 5.145562
v 0.021250 1.160446 5.628600
v -0.710343 0.313606 4.026823
v -0.236574 0.299112 4.026901
v 0.014645 1.138396 4.676368
v -1.658185 0.262518 4.027161
v -1.184262 0.293055 4.026989
v -0.948100 1.098424 4.665850
v -0.581137 0.687533 6.960553
v -0.108312 0.683881 6.959862
v -0.225275 0.253661 7.352261
v -0.460943 1.129637 6.096586
v 0.012761 1.129222 6.096508
v -0.015416 1.025580 6.550711
v -1.450408 0.981490 6.068901
v -0.961677 1.030628 6.077849
v -0.983568 0.950108 6.536428
v -2.597533 2.164690 1.170787
v -2.122576 2.423918 1.168933
v -2.122726 2.393011 1.642996
v -2.597668 2.129798 0.223374
v -2.122755 2.382554 0.221591
v -2.122533 2.433637 0.695048
v -3.551831 0.625026 0.233988
v -3.074501 1.434705 0.228276
v -3.073703 1.621414 0.700795
v -0.700147 2.649251 1.167344
v -0.225933 2.740722 1.166699
v -0.226019 2.720852 1.640656
v -0.700269 2.621109 0.219908
v -0.226297 2.656937 0.219656
v -0.225730 2.787539 0.692552
v -1.648165 2.560747 0.220334
v -1.174437 2.540200 0.220479
v -1.174261 2.580766 0.694010
v -0.704143 1.743768 3.069109
v -0.230730 1.645268 3.069766
v -0.235037 0.660347 3.550585
v -0.700272 2.620444 2.115181
v -0.226820 2.536301 2.115774
v -0.227986 2.269362 2.591487
v -1.649098 2.352354 2.117120
v -1.174342 2.564620 2.115593
v -1.175369 2.336862 2.591079
v -6.541041 1.275685 0.799181
v -6.074238 1.332156 0.780479
v -6.065097 1.266887 1.278672
v -6.546409 1.302390 -0.162764
v -6.076885 1.337389 -0.174213
v -6.054222 1.180612 0.360037
v -7.457055 1.033009 -0.064132
v -7.009180 1.221928 -0.133308
v -7.007271 1.208413 0.345597
v -4.643968 1.268979 0.803996
v -4.105491 0.829609 0.975842
v -4.127106 0.960405 1.392502
v -4.651711 1.313672 -0.164286
v -4.142083 1.090181 -0.069536
v -4.074945 0.619588 0.583149
v -5.600150 1.320508 -0.166431
v -5.114020 1.231143 -0.133599
v -5.128951 1.349005 0.300404
v -4.525812 0.770077 3.220838
v -4.063663 1.027136 3.287866
v -4.089408 1.593892 3.909575
v -4.597075 0.927434 1.876678
v -4.076385 0.586037 2.001670
v -4.031204 0.312586 2.627591
v -5.572477 1.129872 1.802629
v -5.092301 1.083471 1.819586
v -5.027348 0.610264 2.466642
v -6.398325 0.241683 3.075021
v -5.929608 0.279616 3.061421
v -5.922903 0.237162 3.554722
v -6.502646 1.002393 1.849201
v -6.043410 1.108901 1.810321
v -5.981211 0.655549 2.449999
v -7.365412 0.371254 2.075512
v -6.939578 0.729910 1.947562
v -6.885867 0.341598 2.564604
v -2.604512 0.563690 3.077402
v -2.129049 0.945911 3.074725
v -2.131281 0.427010 3.552172
v -2.600033 1.602894 2.122487
v -2.123520 2.219016 2.118103
v -2.126019 1.648054 2.595983
v -3.553048 0.362397 2.131235
v -3.077207 0.829193 2.127944
v -3.078558 0.514912 2.603958
v -2.606519 0.222442 6.873365
v -2.132176 0.210869 6.870346
v -2.132176 0.210869 7.344163
v -2.649588 1.170819 6.173141
v -2.141739 0.421447 5.977647
v -2.130908 0.250134 6.406084
v -3.628906 1.868494 6.355148
v -3.142589 1.593242 6.283341
v -3.111224 0.902601 6.576986
v 1.185857 0.513972 3.077672
v 1.658635 0.274323 3.079363
v 1.658359 1.265531 3.553627
v 1.189672 1.393350 2.123836
v 1.660975 0.813881 2.127923
v 1.659583 0.492902 2.604004
v 0.245973 2.300188 2.117440
v 0.717745 1.828974 2.120764
v 0.716786 1.607946 2.596139
v 4.975078 1.755969 3.079810
v 5.448895 1.220683 3.079810
v 5.448895 1.621650 3.553627
v 4.975078 0.594348 2.132176
v 5.448895 0.338218 2.132176
v 5.448895 0.726875 2.605993
v 4.027444 1.171714 2.132176
v 4.501261 0.913115 2.132176
v 4.501261 1.807027 2.605993
v 4.975078 0.309758 6.870346
v 5.448895 0.211885 6.870346
v 5.448895 0.210869 7.344163
v 4.975078 1.499522 5.922712
v 5.448895 0.835037 5.922712
v 5.448895 0.405960 6.396529
v 4.027444 2.176120 5.922712
v 4.501261 1.956663 5.922712
v 4.501261 1.105063 6.396529
v 1.184542 2.472715 -4.501261
v 1.658359 2.630486 -4.501261
v 1.658359 2.682482 -4.027444
v 1.184542 2.208413 -5.448895
v 1.658359 2.436748 -5.448895
v 1.658359 2.494813 -4.975078
v 0.236908 0.993158 -5.448895
v 0.710725 1.784804 -5.448895
v 0.710725 2.138991 -4.975078
v 4.975078 1.741572 -4.501261
v 5.448895 0.835067 -4.501261
v 5.448895 0.847566 -4.027444
v 4.975078 1.080864 -5.448895
v 5.448895 0.507203 -5.448895
v 5.448895 0.703469 -4.975078
v 4.027444 2.208397 -5.448895
v 4.501261 1.801332 -5.448895
v 4.501261 2.131382 -4.975078
v 4.975078 0.835361 -0.710725
v 5.448895 0.873788 -0.710725
v 5.448895 0.906084 -0.236908
v 4.975078 0.264702 -1.658359
v 5.448895 0.541500 -1.658359
v 5.448895 0.846165 -1.184542
v 4.027444 0.759405 -1.658359
v 4.501261 0.458270 -1.658359
v 4.501261 0.233748 -1.184542
v -6.396529 0.210869 -4.501261
v -5.922712 0.210869 -4.501261
v -5.922712 0.210869 -4.027444
v -6.396529 0.210869 -5.448895
v -5.922712 0.210869 -5.448895
v -5.922712 0.210869 -4.975078
v -7.344163 0.210869 -5.448895
v -6.870346 0.210869 -5.448895
v -6.870346 0.210869 -4.975078
v -2.605993 0.711108 -4.501261
v -2.132176 0.252652 -4.501261
v -2.132176 0.420198 -4.027444
v -2.606022 0.508343 -5.448924
v -2.132273 1.228427 -5.448992
v -2.132194 0.401989 -4.975096
v -3.553627 0.231413 -5.448895
v -3.079810 0.211040 -5.448895
v -3.079810 0.539421 -4.975078
v -2.600759 1.417486 -0.719236
v -2.124547 1.969401 -0.723129
v -2.123508 2.208842 -0.251001
v -2.605267 0.378202 -1.659540
v -2.130245 0.655938 -1.661499
v -2.127473 1.294944 -1.192189
v -3.553627 0.480891 -1.658359
v -3.079750 0.285091 -1.658458
v -3.079005 0.396529 -1.185852
v -6.533147 1.205795 -1.075035
v -6.066634 1.258980 -1.094510
v -6.074594 1.316956 -0.641921
v -6.448909 0.592332 -1.798039
v -5.998880 0.765565 -1.861471
v -6.049153 1.131684 -1.521715
v -7.347629 0.236110 -1.667602
v -6.893337 0.378302 -1.719668
v -6.950233 0.792650 -1.397572
v 1.188888 1.212617 -0.717791
v 1.660216 0.638891 -0.713744
v 1.661690 0.978605 -0.242324
v 1.185117 0.343326 -1.659294
v 1.658360 1.098413 -1.658361
v 1.659004 0.359489 -1.185591
v 0.240094 0.945138 -1.663538
v 0.712354 0.586326 -1.661008
v 0.715066 1.211347 -1.191599
v 1.184542 0.210869 6.870346
v 1.658359 0.210869 6.870346
v 1.658359 0.210869 7.344163
v 1.186099 0.257465 5.923796
v 1.658359 0.556421 5.922712
v 1.658359 0.283672 6.396529
v 0.475244 1.087535 6.088619
v 0.917192 0.970311 6.066434
v 0.846493 0.710260 6.491037
v -6.396529 0.210869 6.870346
v -5.922712 0.210869 6.870346
v -5.922712 0.210869 7.344163
v -6.396529 0.210869 5.922712
v -5.923022 0.217697 5.924493
v -5.922712 0.210869 6.396529
v -7.344163 0.210869 5.922712
v -6.870346 0.210869 5.922712
v -6.870346 0.210869 6.396529
v -7.344163 0.210869 6.396529
v -6.396529 0.210869 6.396529
v -6.396529 0.210869 7.344163
v 0.439344 0.955484 6.537445
v 1.215986 0.326526 6.418417
v 1.184542 0.210869 7.344163
v 0.244335 1.922742 -1.196617
v 1.186718 0.712353 -1.188079
v 1.191098 1.721944 -0.247566
v -7.372264 0.415516 -1.259478
v -6.510576 1.041417 -1.488662
v -6.542975 1.277366 -0.627425
v -3.569578 0.327414 -1.227085
v -2.603441 0.799247 -1.188692
v -2.598379 1.965995 -0.249288
v -3.553627 0.954642 -4.975078
v -2.605993 0.262456 -4.975078
v -2.605993 1.259616 -4.027444
v -7.344163 0.210869 -4.975078
v -6.396529 0.210869 -4.975078
v -6.396529 0.210869 -4.027444
v 4.027444 0.334365 -1.184542
v 4.975078 0.716170 -1.184542
v 4.975078 0.839295 -0.236908
v 4.027444 2.440022 -4.975078
v 4.975078 1.424462 -4.975078
v 4.975078 1.715406 -4.027444
v 0.236908 1.347538 -4.975078
v 1.184542 2.304148 -4.975078
v 1.184542 2.492564 -4.027444
v 4.027444 1.333548 6.396529
v 4.975078 0.728901 6.396529
v 4.975078 0.210869 7.344163
v 4.027444 2.057020 2.605993
v 4.975078 1.251976 2.605993
v 4.975078 2.055686 3.553627
v 0.244844 2.040001 2.593092
v 1.187689 0.936275 2.600877
v 1.184739 0.259133 3.553308
v -3.608169 1.411872 6.709843
v -2.617055 0.454452 6.460074
v -2.605993 0.210869 7.344163
v -3.553997 0.266622 2.608600
v -2.602493 1.033636 2.600302
v -2.607136 0.303581 3.561104
v -7.344213 0.220010 2.605861
v -6.434567 0.506231 2.504560
v -6.396529 0.228846 3.553627
v -5.513047 0.696921 2.434924
v -4.503093 0.269917 2.616513
v -4.558122 1.481396 3.880261
v -5.603046 1.350832 0.299663
v -4.649677 1.308159 0.314954
v -4.631029 1.174831 1.312317
v -7.455440 1.021246 0.413992
v -6.542377 1.276956 0.321804
v -6.531456 1.211239 1.298558
v -1.650728 1.985964 2.593587
v -0.701099 2.435822 2.590343
v -0.708562 0.728418 3.550110
v -1.647927 2.615632 0.693764
v -0.700057 2.669923 0.693381
v -0.699748 2.741111 1.640513
v -3.551506 0.707058 0.707278
v -2.597412 2.188920 0.696774
v -2.597891 2.091116 1.645186
v -1.524899 0.701771 6.489431
v -0.488735 1.027410 6.551057
v -0.698847 0.254562 7.352432
v -1.665355 0.378414 4.541449
v -0.457657 1.152320 4.677423
v -0.476405 1.076413 5.612006
v -3.641856 2.172211 5.008086
v -2.673058 1.705360 4.886510
v -2.675140 1.741293 5.846105
v 2.132306 0.625401 2.605783
v 3.079810 1.984622 2.605993
v 3.079810 2.246973 3.553627
v 2.133963 0.622576 0.707822
v 3.079810 0.210869 0.710725
v 3.079810 0.390385 1.658359
v 0.247932 2.751744 0.692804
v 1.192829 2.120872 0.697254
v 1.191665 1.852579 1.646780
v 5.922712 0.335147 2.605993
v 6.870346 0.210869 2.605993
v 6.870346 0.210869 3.553627
v 5.922712 0.642952 0.710725
v 6.870346 0.228665 0.710725
v 6.870346 0.210869 1.658359
v 4.027444 0.210869 0.710725
v 4.975078 0.349760 0.710725
v 4.975078 0.254849 1.658359
v 5.922712 0.226780 6.396529
v 6.870346 0.210869 6.396529
v 6.870346 0.210869 7.344163
v 5.922712 1.060336 4.501261
v 6.870346 0.210869 4.501261
v 6.870346 0.210869 5.448895
v 4.027444 2.418594 4.501261
v 4.975078 2.176282 4.501261
v 4.975078 1.897658 5.448895
v 2.132176 2.627840 -4.975078
v 3.079810 2.732671 -4.975078
v 3.079810 2.797096 -4.027444
v 2.132176 0.926781 -6.870346
v 3.079810 0.987914 -6.870346
v 3.079810 2.448474 -5.922712
v 0.236908 0.210869 -6.870346
v 1.184542 0.515967 -6.870346
v 1.184542 1.935334 -5.922712
v 5.922712 0.283319 -4.975078
v 6.870346 0.210869 -4.975078
v 6.870346 0.210869 -4.027444
v 5.922712 0.210869 -6.870346
v 6.870346 0.210869 -6.870346
v 6.870346 0.210869 -5.922712
v 4.027444 0.535002 -6.870346
v 4.975078 0.212504 -6.870346
v 4.975078 0.699383 -5.922712
v 5.922712 0.856296 -1.184542
v 6.870346 0.435130 -1.184542
v 6.870346 0.687876 -0.236908
v 5.922712 0.253439 -3.079810
v 6.870346 0.210869 -3.079810
v 6.870346 0.210869 -2.132176
v 4.027444 2.322729 -3.079810
v 4.975078 1.160484 -3.079810
v 4.975078 0.475784 -2.132176
v -5.448895 0.210869 -4.975078
v -4.501261 0.593159 -4.975078
v -4.501261 1.753644 -4.027444
v -5.448895 0.210869 -6.870346
v -4.501261 0.210869 -6.870346
v -4.501261 0.210869 -5.922712
v -7.344163 0.210869 -6.870346
v -6.396529 0.210869 -6.870346
v -6.396529 0.210869 -5.922712
v -1.658407 0.715619 -4.975126
v -0.710725 0.249724 -4.975078
v -0.710725 0.287939 -4.027444
v -1.658474 1.411263 -6.870460
v -0.710787 0.859873 -6.870408
v -0.710808 1.080481 -5.922795
v -3.553627 0.210869 -6.870346
v -2.606020 0.489881 -6.870373
v -2.606065 0.968113 -5.922784
v -1.651219 1.856617 -1.196150
v -0.701904 2.244255 -1.198884
v -0.700473 2.573992 -0.253576
v -1.658359 0.211599 -3.079810
v -0.710725 0.225851 -3.079810
v -0.709457 0.503189 -2.134238
v -3.553627 1.869266 -3.079810
v -2.605993 1.339623 -3.079810
v -2.605993 0.469815 -2.132176
v -5.577756 1.149306 -1.528167
v -4.606587 0.977909 -1.465407
v -4.642684 1.240792 -0.614033
v -5.448895 0.584562 -3.079810
v -4.501261 1.933278 -3.079810
v -4.501261 1.217829 -2.132176
v -7.344163 0.210869 -3.079810
v -6.396529 0.210869 -3.079810
v -6.403204 0.259478 -2.149976
v 2.132176 0.571500 -1.184542
v 3.079810 0.561420 -1.184542
v 3.079810 0.210869 -0.236908
v 2.132176 2.597378 -3.079810
v 3.079810 2.791291 -3.079810
v 3.079810 2.322695 -2.132176
v 0.236908 1.173867 -3.079810
v 1.184542 2.332779 -3.079810
v 1.184542 1.457758 -2.132176
v 2.132176 0.553893 6.396529
v 3.079810 1.285028 6.396529
v 3.079810 0.216274 7.344163
v 2.132176 2.022115 4.501261
v 3.079810 2.358107 4.501261
v 3.079810 2.201673 5.448895
v 0.469361 1.066673 4.663072
v 1.184542 0.664359 4.501261
v 1.184542 0.388576 5.448895
v -5.450384 0.243657 6.405083
v -4.542606 1.121277 6.634034
v -4.501261 0.210869 7.344163
v -5.494434 1.231755 4.762859
v -4.574607 1.844474 4.922592
v -4.588526 2.136815 5.950184
v -7.344163 0.214372 4.501261
v -6.396529 0.227692 4.501261
v -6.396529 0.210869 5.448895
v -7.344163 0.210869 5.448895
v -5.481738 0.934723 5.637561
v -5.448895 0.210869 7.344163
v 0.488527 1.136391 5.624047
v 2.132176 1.793575 5.448895
v 2.132176 0.210869 7.344163
v 0.237531 0.354426 -2.133189
v 2.132176 2.119841 -2.132176
v 2.133085 0.420416 -0.238386
v -7.344163 0.210869 -2.132176
v -5.468357 0.369470 -2.184073
v -5.601328 1.320969 -0.643391
v -3.553627 1.492098 -2.132176
v -1.657589 0.388488 -2.133429
v -1.649118 2.340917 -0.251932
v -3.553627 0.210869 -5.922712
v -1.658489 1.568095 -5.922841
v -1.658359 0.210869 -4.027444
v -7.344163 0.210869 -5.922712
v -5.448895 0.210869 -5.922712
v -5.448895 0.451321 -4.027444
v 4.027444 1.522807 -2.132176
v 5.922712 0.210869 -2.132176
v 5.922712 0.837420 -0.236908
v 4.027444 1.814787 -5.922712
v 5.922712 0.210869 -5.922712
v 5.922712 0.338966 -4.027444
v 0.236908 0.611064 -5.922712
v 2.132176 2.462724 -5.922712
v 2.132176 2.655604 -4.027444
v 4.027444 2.352458 5.448895
v 5.922712 0.639766 5.448895
v 5.922712 0.210869 7.344163
v 4.027444 0.433647 1.658359
v 5.922712 0.210869 1.658359
v 5.922712 0.883619 3.553627
v 0.246621 2.449698 1.642568
v 2.133368 0.485594 1.656422
v 2.132176 1.921218 3.553627
v -3.636944 2.053300 5.927503
v -1.662019 0.299966 5.469920
v -1.658359 0.210869 7.344163
v -3.552463 0.497704 1.656467
v -1.648376 2.512151 1.642128
v -1.656890 0.565660 3.551238
v -7.404342 0.650738 1.497884
v -5.592749 1.277474 1.274755
v -5.458069 0.434851 3.606329
v -7.344163 0.220975 3.553627
v -3.620948 1.711956 3.940347
v -3.553627 0.210869 7.344163
v 0.238389 0.560520 3.551221
v 4.027444 2.425402 3.553627
v 4.027444 0.229510 7.344163
v 0.236908 1.663258 -4.027444
v 4.027444 2.516493 -4.027444
v 4.027444 0.210869 -0.236908
v -7.344163 0.210869 -4.027444
v -3.553627 1.950907 -4.027444
v -3.552499 0.470848 -0.238742
v -7.446327 0.954881 -0.509341
v 0.247016 2.540718 -0.253341
v 0.238829 0.217933 7.345500
v -7.344163 0.210869 7.344163
vn -0.9997 -0.0230 -0.0000
vn -0.0000 -0.0000 -1.0000
vn 1.0000 -0.0000 -0.0000
vn -0.0000 -0.0000 1.0000
vn -0.0000 -1.0000 -0.0000
vn -0.0000 1.0000 -0.0000
vn 0.0459 0.9960 0.0764
vn 0.2503 0.9291 -0.2722
vn -0.7826 0.5878 -0.2049
vn -0.6140 0.7634 -0.2003
vn 0.3828 0.9179 0.1044
vn 0.5691 0.6455 0.5094
vn -0.9036 0.4202 0.0838
vn 0.0117 0.9959 0.0900
vn -0.0662 0.9978 -0.0066
vn 0.1000 0.7634 0.6381
vn -0.0883 0.8748 -0.4763
vn -0.0354 0.9994 0.0060
vn -0.5965 0.7344 -0.3237
vn -0.0025 0.9738 0.2273
vn -0.5731 0.7370 0.3582
vn -0.1811 0.7908 0.5847
vn -0.1759 0.9556 0.2365
vn -0.5476 0.8183 0.1745
vn -0.3852 0.7862 -0.4832
vn 0.1795 0.8740 0.4516
vn -0.5574 0.7846 -0.2717
vn 0.7039 0.6602 0.2620
vn 0.5050 0.8466 0.1681
vn 0.8402 0.4859 -0.2408
vn 0.0527 0.5672 -0.8219
vn 0.7133 0.6062 0.3516
vn 0.1210 0.9650 0.2326
vn 0.2227 0.9578 0.1819
vn -0.2718 0.9140 -0.3013
vn -0.6376 0.6453 -0.4208
vn 0.6315 0.7736 0.0528
vn 0.1694 0.9819 -0.0841
vn 0.5823 0.6218 -0.5238
vn 0.1782 0.9814 -0.0715
vn 0.0092 0.9247 -0.3806
vn 0.4699 0.3852 0.7942
vn -0.6891 0.6919 -0.2155
vn 0.2179 0.9743 -0.0575
vn -0.0336 0.8909 0.4529
vn -0.2263 0.8732 -0.4317
vn -0.2596 0.7013 -0.6639
vn 0.2195 0.4650 0.8577
vn 0.0137 0.9992 -0.0375
vn -0.0897 0.7040 -0.7046
vn 0.7162 0.6483 -0.2585
vn -0.1667 0.5733 0.8022
vn 0.1658 0.6946 -0.7000
vn -0.7385 0.4253 0.5232
vn 0.0838 0.9944 0.0649
vn -0.8603 0.3737 0.3467
vn -0.0059 0.9999 0.0141
vn -0.0074 0.9999 0.0074
vn -0.0583 0.7923 0.6073
vn -0.2961 0.8813 -0.3684
vn -0.9094 0.4037 -0.1006
vn -0.4752 0.2004 0.8568
vn -0.0703 0.9950 0.0703
vn 0.6821 0.4742 -0.5566
vn -0.7453 0.6609 0.0877
vn -0.1033 0.9615 -0.2546
vn -0.1536 0.9275 0.3407
vn -0.0376 0.9950 0.0921
vn -0.4905 0.8665 0.0923
vn -0.0114 0.9999 0.0114
vn -0.2795 0.4979 0.8209
vn -0.3967 0.7657 0.5064
vn -0.3756 0.2594 0.8897
vn -0.4659 0.8225 0.3263
vn -0.7797 0.5180 0.3516
vn 0.0121 0.5615 0.8274
vn 0.0543 0.9431 0.3280
vn -0.0902 0.9480 0.3051
vn 0.0761 0.7481 0.6592
vn -0.4582 0.8074 0.3717
vn -0.2004 0.8590 -0.4712
vn -0.3676 0.3843 0.8469
vn -0.4178 0.7254 0.5470
vn -0.7173 0.6718 0.1845
vn 0.1872 0.9764 0.1076
vn 0.2837 0.8459 -0.4516
vn -0.0077 0.9470 -0.3212
vn 0.5341 0.5252 0.6625
vn 0.4830 0.8569 0.1800
vn 0.3301 0.9329 0.1441
vn 0.0030 0.5635 -0.8261
vn -0.0316 0.9990 0.0316
vn 0.2456 0.9678 0.0556
vn -0.1954 0.9683 -0.1559
vn -0.1497 0.8478 -0.5087
vn -0.4677 0.5768 -0.6697
vn -0.8904 0.4041 0.2096
vn -0.7488 0.5368 -0.3888
vn 0.4832 0.8572 0.1780
vn 0.6719 0.6749 -0.3053
vn -0.4045 0.8445 -0.3510
vn -0.2940 0.9556 0.0169
vn 0.1399 0.9590 0.2464
vn -0.2303 0.5351 0.8128
vn -0.1350 0.9786 0.1555
vn -0.4721 0.3488 -0.8096
vn -0.0147 0.9998 -0.0147
vn 0.5004 0.7280 0.4687
vn 0.8209 0.4570 0.3425
vn 0.5491 0.7814 0.2963
vn 0.4032 0.9001 0.1653
vn 0.5235 0.8327 0.1804
vn 0.6159 0.6943 -0.3723
vn 0.0115 0.9876 -0.1568
vn 0.6590 0.5636 -0.4980
vn 0.2790 0.9047 -0.3219
vn 0.3256 0.5856 -0.7423
vn 0.5833 0.8026 -0.1248
vn -0.6512 0.5156 -0.5569
vn -0.4001 0.6207 -0.6743
vn -0.0820 0.9932 -0.0829
vn 0.1946 0.8717 -0.4498
vn 0.1734 0.4359 -0.8831
vn -0.2409 0.4702 -0.8490
vn -0.1594 0.9807 0.1129
vn -0.0274 0.9769 -0.2119
vn -0.2057 0.9753 -0.0811
vn 0.5298 0.7702 0.3552
vn 0.5289 0.6076 0.5925
vn -0.1601 0.9861 -0.0436
vn 0.1899 0.9816 0.0187
vn 0.8495 0.4435 0.2858
vn 0.1663 0.9707 0.1736
vn 0.2261 0.8261 -0.5162
vn -0.2266 0.9220 0.3139
vn 0.1657 0.9593 0.2285
vn 0.0194 0.6247 0.7806
vn 0.1035 0.9940 -0.0359
vn 0.5771 0.6848 -0.4450
vn 0.3586 0.6454 0.6744
vn 0.6241 0.7512 -0.2150
vn 0.1417 0.9899 -0.0041
vn -0.1951 0.6642 -0.7216
vn 0.8276 0.5612 0.0105
vn -0.2106 0.9582 -0.1937
vn -0.3598 0.7958 -0.4871
vn -0.8520 0.3161 -0.4172
vn 0.5341 0.5123 0.6726
vn 0.6568 0.7363 -0.1627
vn -0.1769 0.9370 -0.3013
vn 0.0514 0.9945 0.0908
vn -0.0961 0.9930 -0.0685
vn 0.8168 0.5522 -0.1670
vn -0.0293 0.9872 0.1568
vn -0.1177 0.8777 0.4645
vn -0.4634 0.6901 0.5559
vn -0.8096 0.4044 0.4254
vn -0.5806 0.8139 0.0203
vn -0.7558 0.6476 0.0974
vn -0.0915 0.9958 0.0055
vn -0.2257 0.9741 0.0117
vn -0.3060 0.9520 0.0063
vn -0.0166 0.6838 0.7294
vn -0.0188 0.6919 0.7218
vn -0.3190 0.4994 0.8055
vn -0.2145 0.9259 0.3110
vn -0.0243 0.9528 0.3026
vn -0.7083 0.6869 0.1624
vn 0.1862 0.9427 0.2769
vn 0.1120 0.9924 0.0506
vn -0.0744 0.9953 -0.0617
vn -0.3107 0.8544 -0.4165
vn 0.1829 0.9795 -0.0840
vn -0.0089 0.7866 0.6174
vn -0.0022 1.0000 -0.0021
vn -0.1997 0.8659 0.4587
vn -0.0364 0.9993 -0.0018
vn 0.6068 0.4088 -0.6816
vn -0.6120 0.6017 0.5132
vn 0.0687 0.7557 -0.6514
vn 0.4564 0.5597 0.6917
vn 0.1504 0.0787 0.9855
vn -0.3614 0.7735 -0.5207
vn 0.6142 0.5654 0.5505
vn 0.3969 0.6529 0.6451
vn 0.3976 0.8400 -0.3693
vn 0.6429 0.5135 -0.5683
vn 0.1583 0.8622 -0.4812
vn 0.3867 0.5860 0.7121
vn 0.1575 0.4218 0.8929
vn -0.4622 0.8844 0.0645
vn -0.3594 0.8918 -0.2749
vn -0.8442 0.4695 -0.2586
vn 0.6621 0.5858 0.4674
vn 0.8467 0.4489 -0.2857
vn 0.4364 0.8112 -0.3893
vn -0.4062 0.9003 0.1565
vn -0.5206 0.7658 -0.3775
vn 0.1830 0.8829 0.4324
vn 0.5902 0.7759 -0.2230
vn 0.4980 0.6067 -0.6196
vn 0.0524 0.3397 -0.9391
vn -0.7640 0.5340 -0.3623
vn -0.5995 0.5425 -0.5885
vn 0.6500 0.7121 -0.2654
vn -0.1620 0.9829 -0.0878
vn -0.3442 0.7875 -0.5112
vn -0.5843 0.6757 -0.4495
vn 0.6608 0.6803 -0.3170
vn 0.6014 0.5014 -0.6221
vn 0.4141 0.6340 -0.6532
vn 0.5104 0.7242 0.4637
vn 0.2557 0.7701 0.5844
vn -0.0145 0.9998 0.0145
vn 0.5278 0.4728 0.7056
vn 0.3806 0.8641 0.3294
vn 0.1347 0.9688 0.2080
vn -0.1100 0.9756 0.1898
vn -0.5083 0.7628 0.3997
vn 0.9540 0.2930 -0.0631
vn 0.0743 0.9945 0.0743
vn 0.5588 0.3808 -0.7367
vn 0.4292 0.5225 -0.7367
vn 0.3722 0.4090 -0.8332
vn 0.5451 0.6929 -0.4720
vn -0.5860 0.4126 0.6974
vn 0.4279 0.7110 -0.5580
vn 0.8174 0.4726 -0.3294
vn 0.6990 0.5640 -0.4397
vn 0.7781 0.4322 -0.4558
vn -0.6242 0.4627 -0.6296
vn -0.4534 0.6612 -0.5977
vn -0.2157 0.9520 -0.2172
vn -0.1290 0.9236 -0.3610
vn -0.2153 0.4815 -0.8496
vn -0.3980 0.4070 -0.8222
vn -0.0608 0.9971 -0.0460
vn -0.0826 0.9833 -0.1621
vn -0.2025 0.9576 -0.2049
vn -0.4845 0.7942 -0.3667
vn 0.1182 0.9442 0.3075
vn 0.0791 0.6973 0.7124
vn -0.5171 0.4348 -0.7372
vn -0.4450 0.5720 -0.6890
vn -0.4033 0.7732 -0.4894
vn -0.3045 0.9046 -0.2984
vn -0.3600 0.7343 -0.5755
vn -0.7453 0.4221 -0.5161
vn 0.3774 0.3446 -0.8595
vn 0.1395 0.9155 -0.3775
vn 0.0528 0.8411 -0.5383
vn -0.1754 0.9245 0.3385
vn -0.5057 0.4449 0.7391
vn -0.5111 0.7724 0.3770
vn 0.8635 0.4323 -0.2597
vn 0.6084 0.6826 -0.4048
vn 0.6972 0.4595 -0.5502
vn -0.0037 1.0000 -0.0037
vn -0.2322 0.9425 -0.2405
vn 0.3607 0.7695 0.5271
vn 0.3624 0.5885 0.7228
vn -0.1982 0.9619 -0.1883
vn -0.2429 0.6757 -0.6960
vn -0.3310 0.8977 -0.2908
vn -0.0988 0.9924 0.0730
vn -0.0106 0.9966 -0.0811
vn -0.3654 0.9288 -0.0616
vn 0.5169 0.7342 -0.4402
vn 0.5697 0.6774 -0.4654
vn 0.5717 0.8025 -0.1707
vn 0.7981 0.5721 -0.1891
vn 0.7445 0.5896 -0.3131
vn 0.7981 0.4653 -0.3827
vn 0.8090 0.5699 0.1442
vn 0.8312 0.5430 -0.1193
vn 0.8342 0.5345 -0.1359
vn -0.6946 0.6728 -0.2547
vn -0.7287 0.4674 -0.5006
vn -0.7708 0.5263 -0.3589
vn -0.3029 0.9190 -0.2524
vn -0.3703 0.9140 -0.1657
vn -0.5046 0.8226 -0.2622
vn -0.3236 0.9408 0.1012
vn -0.2641 0.9525 -0.1517
vn -0.4601 0.8823 -0.0988
vn 0.2882 0.4769 0.8303
vn 0.3967 0.6018 0.6932
vn -0.0159 0.7086 0.7055
vn 0.3706 0.7882 0.4913
vn 0.5728 0.5298 0.6255
vn 0.5246 0.4154 0.7431
vn 0.0885 0.9917 0.0928
vn 0.1913 0.8915 0.4106
vn 0.3603 0.7380 -0.5705
vn 0.3324 0.4046 -0.8519
vn 0.1364 0.3570 -0.9241
vn 0.6051 0.5145 -0.6076
vn 0.4485 0.6833 -0.5762
vn 0.4206 0.5344 -0.7332
vn 0.6516 0.6271 -0.4268
vn 0.6794 0.5606 -0.4734
vn 0.6375 0.6189 -0.4588
vn 0.5492 0.4536 0.7018
vn 0.7369 0.6608 0.1427
vn 0.4407 0.7819 0.4410
vn 0.5338 0.7200 0.4435
vn 0.6650 0.5887 0.4597
vn 0.7248 0.5461 0.4200
vn -0.8517 0.4502 -0.2681
vn -0.6349 0.4470 -0.6301
vn 0.4192 0.7046 0.5726
vn 0.3073 0.2601 0.9154
vn 0.5719 0.4855 0.6612
vn 0.4189 0.8629 0.2827
vn 0.0960 0.9833 0.1549
vn 0.6575 0.5458 0.5194
vn 0.5985 0.2931 0.7456
vn 0.0623 0.9918 0.1120
vn -0.4841 0.8123 0.3253
vn -0.6583 0.6522 0.3759
vn -0.1276 0.9847 0.1188
vn -0.5507 0.4731 0.6877
vn -0.5821 0.5279 0.6184
vn -0.7310 0.4600 0.5040
vn 0.6051 0.6665 -0.4355
vn -0.3832 0.6118 0.6920
vn -0.4237 0.7727 0.4727
vn -0.1596 0.9527 0.2586
vn -0.4097 0.7547 0.5123
vn -0.3388 0.9078 0.2471
vn -0.1280 0.8023 0.5831
vn -0.1440 0.8414 0.5208
vn -0.3010 0.7495 0.5896
vn -0.0828 0.9953 -0.0509
vn -0.0320 0.9859 0.1645
vn -0.0307 0.9991 0.0288
vn 0.1435 0.7666 0.6259
vn 0.1194 0.8600 0.4962
vn -0.0092 0.8793 0.4761
vn -0.0992 0.8021 -0.5889
vn 0.3705 0.7813 0.5022
vn 0.2649 0.7919 0.5502
vn -0.1398 0.9138 -0.3814
vn -0.1274 0.6334 -0.7633
vn -0.3431 0.5709 -0.7459
vn 0.0384 0.9986 0.0374
vn 0.0983 0.8779 -0.4687
vn 0.0790 0.9234 0.3756
vn 0.8814 0.4599 -0.1081
vn 0.6533 0.6949 0.3006
vn 0.0909 0.9957 -0.0175
vn 0.4201 0.8281 0.3712
vn 0.7555 0.6516 -0.0675
vn 0.1393 0.9805 0.1388
vn -0.2383 0.9518 0.1931
vn -0.2970 0.9547 -0.0173
vn -0.7262 0.6872 -0.0202
vn 0.1141 0.8869 -0.4477
vn -0.0360 0.9973 0.0642
vn -0.1274 0.9918 0.0037
vn -0.0875 0.9657 0.2446
vn -0.0594 0.9936 0.0957
vn -0.1677 0.9853 0.0321
vn -0.4160 0.5647 0.7128
vn -0.4314 0.8208 0.3744
vn -0.1059 0.7883 0.6061
vn 0.2859 0.7654 0.5765
vn 0.2666 0.8983 0.3493
vn 0.0338 0.9780 0.2059
vn 0.0853 0.6980 0.7110
vn 0.0847 0.3518 0.9322
vn -0.0813 0.3404 0.9367
vn 0.1148 0.9766 0.1820
vn 0.1796 0.9650 -0.1909
vn -0.3393 0.9297 -0.1435
vn -0.2300 0.9731 -0.0141
vn -0.0530 0.9773 -0.2053
vn -0.1466 0.9869 -0.0676
vn 0.2413 0.9439 0.2252
vn -0.1124 0.9902 -0.0825
vn -0.1668 0.9714 -0.1691
vn -0.9112 0.4115 0.0163
vn -0.8744 0.4501 -0.1814
vn -0.7269 0.6750 -0.1265
vn -0.4753 0.8798 -0.0083
vn -0.4545 0.8831 -0.1166
vn -0.6327 0.7564 -0.1659
vn -0.4909 0.8111 0.3181
vn -0.4921 0.8697 0.0387
vn -0.6847 0.6979 0.2099
vn -0.3904 0.7638 0.5141
vn 0.0495 0.9792 0.1967
vn -0.7864 0.6046 -0.1269
vn 0.0436 0.8905 0.4528
vn 0.0248 0.9854 0.1682
vn -0.1243 0.9866 0.1058
vn 0.0120 0.9804 0.1964
vn 0.0537 0.5270 0.8482
vn -0.1387 0.5848 0.7992
vn -0.8129 0.5700 0.1199
vn -0.1376 0.5094 -0.8495
vn 0.5747 0.8065 -0.1386
vn 0.3142 0.9082 0.2765
vn 0.0158 0.4420 -0.8969
vn -0.0231 0.4585 -0.8884
vn -0.0053 0.9997 0.0226
vn -0.2241 0.9396 -0.2588
vn -0.0569 0.9984 -0.0074
vn 0.0390 0.9688 -0.2449
vn -0.0309 0.9349 -0.3536
vn -0.1545 0.9533 -0.2596
vn 0.6487 0.7111 -0.2711
vn 0.7664 0.5300 -0.3629
vn 0.6794 0.6632 0.3139
vn 0.7102 0.2057 0.6733
vn 0.7916 0.5488 0.2688
vn 0.6349 0.7722 0.0258
vn -0.5841 0.4724 -0.6601
vn -0.5191 0.4177 -0.7457
vn 0.5369 0.7977 0.2747
vn -0.1623 0.8989 -0.4070
vn -0.1718 0.3446 -0.9229
vn -0.3023 0.4135 -0.8588
vn -0.1943 0.9807 -0.0224
vn -0.1811 0.9731 -0.1421
vn -0.3226 0.9232 -0.2091
vn 0.4915 0.8709 -0.0011
vn 0.4421 0.8940 -0.0726
vn 0.8098 0.5700 -0.1391
vn -0.0704 0.6041 -0.7938
vn -0.0166 0.9693 -0.2454
vn -0.0409 0.9907 -0.1299
vn 0.5799 0.7864 -0.2130
vn 0.5150 0.8247 -0.2338
vn 0.2264 0.9398 -0.2558
vn 0.9026 0.4290 -0.0366
vn 0.8735 0.4608 -0.1568
vn 0.6857 0.6666 -0.2924
vn 0.7606 0.4593 0.4588
vn 0.9240 0.3742 0.0782
vn 0.4895 0.7357 0.4681
vn 0.2191 0.9685 -0.1186
vn 0.2791 0.9204 -0.2738
vn 0.2736 0.6953 0.6646
vn 0.2150 0.9108 0.3524
vn 0.0158 0.9651 0.2616
vn 0.1428 0.9836 0.1100
vn 0.6057 0.6480 0.4618
vn -0.2800 0.9478 0.1528
vn -0.2298 0.6695 0.7064
vn -0.1824 0.9291 0.3219
vn -0.5640 0.6658 0.4884
vn 0.1333 0.9643 -0.2289
vn 0.0037 1.0000 -0.0037
vn 0.1233 0.9876 0.0973
vn 0.4891 0.7620 0.4243
vn 0.7329 0.6728 0.1006
vn 0.7601 0.6484 -0.0432
vn 0.9132 0.3879 -0.1252
vn 0.2018 0.9793 -0.0127
vn 0.0694 0.9968 0.0408
vn 0.3374 0.9314 0.1362
vn 0.0780 0.9969 -0.0132
vn -0.2636 0.9646 0.0012
vn 0.3862 0.6664 0.6378
vn 0.6561 0.7329 -0.1801
vn 0.4888 0.8513 -0.1905
vn 0.7481 0.4656 0.4728
vn 0.6849 0.7267 -0.0526
vn 0.6523 0.7529 0.0871
vn -0.1594 0.9868 -0.0291
vn -0.2022 0.9678 -0.1501
vn -0.2210 0.9680 -0.1189
vn 0.2129 0.9122 -0.3500
vn 0.3366 0.9404 0.0476
vn 0.0614 0.9624 -0.2645
vn 0.2952 0.9428 0.1548
vn 0.0369 0.9991 0.0210
vn -0.2555 0.9667 0.0113
vn -0.1016 0.4019 -0.9100
vn -0.0966 0.6941 -0.7134
vn -0.1040 0.7684 -0.6314
vn 0.2995 0.5173 -0.8017
vn 0.1666 0.7731 -0.6120
vn 0.0826 0.6978 -0.7115
vn 0.3444 0.7996 -0.4920
vn 0.3389 0.4793 -0.8096
vn 0.2462 0.6829 -0.6878
vn -0.3363 0.8440 -0.4179
vn -0.0321 0.9990 -0.0321
vn -0.2918 0.5412 -0.7886
vn -0.1888 0.8251 -0.5325
vn -0.1580 0.9407 -0.3001
vn -0.4447 0.8350 -0.3241
vn -0.4129 0.3702 -0.8322
vn -0.5476 0.4962 -0.6737
vn 0.0127 0.9998 -0.0127
vn 0.4236 0.8901 -0.1683
vn 0.3765 0.7307 -0.5696
vn 0.1020 0.9699 -0.2212
vn 0.1840 0.8699 -0.4576
vn 0.0099 0.9999 -0.0099
vn 0.5735 0.7386 -0.3544
vn 0.3177 0.9129 -0.2563
vn 0.5245 0.6819 -0.5099
vn 0.1698 0.9640 -0.2045
vn 0.2932 0.6590 -0.6927
vn 0.0228 0.7728 -0.6342
vn 0.3204 0.9383 -0.1301
vn 0.4058 0.7994 -0.4431
vn 0.5178 0.8448 0.1347
vn 0.5796 0.8123 -0.0646
vn 0.4707 0.8792 -0.0746
vn 0.0100 0.9999 0.0100
vn 0.5627 0.8175 0.1230
vn 0.6655 0.6754 0.3177
vn 0.6749 0.6828 -0.2798
vn 0.5354 0.8377 0.1078
vn 0.7058 0.6528 0.2752
vn 0.7532 0.5999 0.2698
vn 0.7868 0.5869 0.1910
vn 0.1322 0.9882 0.0770
vn 0.5339 0.7693 0.3509
vn 0.6516 0.5599 0.5118
vn -0.3611 0.8445 -0.3955
vn -0.0035 1.0000 -0.0035
vn -0.0758 0.3609 -0.9295
vn -0.0783 0.8649 -0.4958
vn -0.1072 0.9700 -0.2180
vn -0.4863 0.7440 -0.4583
vn 0.0110 0.9841 -0.1771
vn -0.5152 0.6684 -0.5364
vn 0.2205 0.5516 0.8045
vn 0.4006 0.7376 0.5436
vn -0.6382 0.6259 0.4484
vn -0.6966 0.6951 -0.1778
vn -0.5558 0.8060 -0.2038
vn 0.6519 0.3786 0.6571
vn -0.7725 0.6312 0.0690
vn -0.7704 0.6344 -0.0634
vn -0.2996 0.9539 -0.0143
vn 0.4806 0.8644 -0.1479
vn 0.2586 0.3875 -0.8849
vn -0.1076 0.3737 -0.9213
vn 0.7102 0.5968 -0.3734
vn 0.1381 0.9824 -0.1260
vn 0.5403 0.4670 -0.7000
vn 0.5333 0.5736 0.6217
vn 0.9173 0.3949 0.0504
vn 0.4878 0.8730 -0.0018
vn -0.0100 0.9999 -0.0100
vn -0.5656 0.7750 -0.2819
vn -0.5379 0.3780 -0.7535
vn -0.1756 0.9709 -0.1628
vn -0.4611 0.8123 0.3572
vn -0.3943 0.8476 -0.3551
vn -0.9120 0.3986 -0.0963
vn -0.3407 0.7879 -0.5129
vn -0.1979 0.4033 -0.8934
vn -0.4038 0.5200 -0.7527
vn 0.0810 0.8637 -0.4975
vn 0.0918 0.3285 -0.9400
vn -0.0414 0.3429 -0.9385
vn -0.1143 0.9761 -0.1849
vn -0.0460 0.9458 -0.3215
vn -0.1758 0.9540 -0.2427
vn 0.3371 0.9415 -0.0066
vn -0.5523 0.8042 0.2198
vn -0.7000 0.6932 0.1719
vn -0.1877 0.9815 0.0378
vn 0.1516 0.6193 -0.7704
vn -0.1651 0.9859 -0.0257
vn -0.0100 0.9313 -0.3641
vn 0.6449 0.7571 0.1045
vn 0.4462 0.8701 -0.2092
vn 0.3716 0.9266 0.0573
vn 0.8762 0.4254 0.2265
vn 0.9106 0.4131 -0.0162
vn 0.4838 0.8746 0.0335
vn -0.2252 0.8764 -0.4257
vn 0.6586 0.6298 0.4118
vn 0.7005 0.5117 0.4974
vn 0.1056 0.9342 -0.3409
vn 0.0602 0.6310 -0.7734
vn -0.0141 0.5743 -0.8185
vn 0.5436 0.6035 -0.5834
vn 0.3221 0.9305 -0.1745
vn 0.1120 0.0456 -0.9927
vn 0.1755 0.9346 -0.3094
vn 0.4242 0.8832 -0.2003
vn 0.1756 0.9644 -0.1976
vn -0.8289 0.5367 0.1579
vn -0.8079 0.5707 -0.1472
vn -0.8145 0.5800 -0.0152
vn -0.1024 0.8855 0.4532
vn 0.0238 0.9887 -0.1479
vn -0.4863 0.7768 -0.4001
vn -0.4579 0.3901 0.7988
vn -0.6456 0.6474 0.4050
vn -0.0801 0.8577 0.5078
vn -0.0068 1.0000 0.0068
vn -0.0271 0.9996 -0.0013
vn -0.1481 0.7189 -0.6791
vn -0.0150 0.9998 -0.0150
vn -0.0244 0.7229 0.6905
vn -0.0116 0.5021 0.8647
vn -0.1906 0.5241 0.8301
vn 0.1437 0.7945 0.5900
vn 0.1882 0.5753 0.7960
vn 0.1714 0.5245 0.8340
vn 0.0346 0.9981 0.0505
vn 0.0152 0.9886 0.1501
vn -0.2646 0.8701 0.4159
vn -0.2977 0.9211 -0.2511
vn 0.1441 0.9895 -0.0095
vn 0.3675 0.8737 0.3186
vn 0.3464 0.9345 0.0818
vn -0.2709 0.9606 -0.0621
vn 0.3365 0.4422 0.8314
vn 0.4290 0.7995 0.4203
vn 0.0001 0.8703 0.4926
vn -0.7850 0.4351 0.4410
vn -0.7010 0.6637 0.2610
vn -0.8396 0.4789 0.2563
vn -0.2976 0.9187 0.2595
vn -0.3650 0.9046 0.2204
vn -0.4543 0.8709 0.1872
vn -0.3805 0.3997 0.8339
vn -0.3580 0.8072 0.4693
vn -0.5972 0.4717 0.6487
vn -0.3879 0.5513 0.7386
vn -0.4961 0.4115 0.7646
vn -0.5958 0.5234 0.6092
vn -0.0450 0.4486 0.8926
vn -0.3161 0.7003 0.6401
vn -0.2156 0.6609 0.7189
vn -0.0135 0.9962 0.0863
vn -0.0549 0.7184 0.6934
vn -0.1591 0.7708 0.6169
vn -0.4153 0.9065 0.0760
vn -0.4120 0.9106 -0.0334
vn -0.5173 0.8547 -0.0436
vn -0.1704 0.9825 0.0753
vn -0.2241 0.9736 -0.0436
vn -0.0920 0.9881 -0.1235
vn -0.1763 0.8025 0.5700
vn -0.4417 0.8917 -0.0985
vn -0.1812 0.9580 0.2223
vn 0.8079 0.4259 -0.4072
vn 0.9724 0.2185 -0.0824
vn 0.0071 0.4699 -0.8827
vn -0.9069 0.4097 0.0986
vn -0.9114 0.4067 -0.0633
vn -0.7544 0.6542 -0.0543
vn -0.7317 0.5407 0.4151
vn -0.8215 0.4723 0.3195
vn -0.6391 0.7444 0.1935
vn -0.4223 0.7510 0.5076
vn -0.6365 0.1327 0.7598
vn -0.5174 0.7458 0.4195
vn -0.1744 0.0666 0.9824
vn -0.3191 0.8810 0.3494
vn -0.4569 0.3310 0.8256
vn -0.0811 0.8587 0.5061
vn -0.1181 0.9506 0.2872
vn -0.5799 0.8074 -0.1087
vn -0.5297 0.7850 -0.3213
vn -0.8180 0.4742 -0.3255
vn -0.5315 0.8124 -0.2398
vn -0.4523 0.8227 -0.3444
vn -0.2715 0.9152 -0.2977
vn -0.1079 0.7535 0.6485
vn -0.4816 0.8361 -0.2627
vn -0.2771 0.9071 -0.3169
vn -0.0225 0.9994 0.0265
vn -0.0101 0.9999 0.0047
vn -0.0314 0.9995 0.0025
vn -0.4843 0.8736 -0.0483
vn -0.3122 0.9445 -0.1024
vn 0.0026 1.0000 -0.0037
vn -0.1815 0.9818 0.0559
vn -0.3947 0.8980 0.1943
vn -0.0023 0.9996 0.0278
vn -0.0064 1.0000 0.0064
vn -0.8336 0.3409 0.4346
vn -0.7148 0.6953 0.0755
vn -0.9242 0.2577 0.2818
vn -0.0281 0.9992 0.0281
vn 0.2582 0.9600 0.1084
vn 0.2669 0.9631 -0.0362
vn 0.0503 0.9984 -0.0256
vn -0.4407 0.7871 0.4315
vn -0.4522 0.8851 0.1099
vn -0.6324 0.7331 0.2504
vn -0.2010 0.8864 0.4170
vn -0.0814 0.9934 0.0814
vn 0.1020 0.9027 -0.4179
vn -0.6688 0.4533 0.5893
vn -0.4566 0.5251 0.7182
vn -0.2068 0.6508 0.7306
vn -0.2776 0.8589 0.4304
vn 0.0059 0.8668 0.4986
vn 0.3024 0.9500 -0.0778
vn 0.0514 0.9930 0.1065
vn 0.5524 0.7821 -0.2884
vn -0.0990 0.9837 -0.1500
vn -0.0107 0.9986 0.0515
vn -0.7986 0.3528 0.4876
vn -0.3541 0.9179 0.1791
vn 0.0642 0.9979 -0.0080
vn 0.0645 0.9851 -0.1593
vn -0.0048 0.9897 -0.1429
vn 0.3801 0.3972 0.8353
vn 0.4451 0.8077 0.3866
vn 0.3718 0.8382 0.3989
vn -0.1353 0.5922 -0.7943
vn -0.0390 0.9546 -0.2953
vn -0.0089 0.9966 -0.0817
vn -0.1674 0.9643 -0.2052
vn -0.2941 0.9148 -0.2768
vn -0.3752 0.8629 -0.3385
vn -0.0414 0.9988 0.0250
vn -0.0805 0.9967 -0.0109
vn 0.3875 0.9081 0.1587
vn 0.4800 0.8773 -0.0080
vn -0.0520 0.9522 -0.3009
vn 0.0277 0.9992 -0.0277
vn -0.8195 0.4952 -0.2884
vn -0.7819 0.3527 -0.5140
vn -0.3096 0.9324 -0.1866
vn 0.5369 0.5370 0.6506
vn 0.6691 0.4178 0.6146
vn 0.5457 0.6777 0.4928
vn 0.0801 0.9786 -0.1896
vn 0.1503 0.9852 0.0825
vn -0.0644 0.9687 0.2396
vn 0.1106 0.9932 -0.0352
vn 0.0203 0.9883 0.1509
vn 0.6286 0.4913 -0.6030
vn 0.5195 0.5595 -0.6459
vn 0.5021 0.3973 -0.7682
vn 0.0750 0.9971 0.0115
vn 0.0766 0.9970 -0.0104
vn 0.6399 0.7674 -0.0401
vn -0.6769 0.4892 -0.5501
vn -0.5794 0.5825 -0.5701
vn -0.4087 0.8462 -0.3420
vn -0.1285 0.9212 -0.3672
vn -0.0429 0.7124 -0.7005
vn -0.3168 0.5406 -0.7794
vn -0.1808 0.9778 0.1058
vn -0.2121 0.9765 -0.0377
vn 0.1645 0.9721 -0.1670
vn 0.3879 0.8420 0.3749
vn 0.4330 0.8797 0.1966
vn -0.1957 0.9789 0.0587
vn 0.4481 0.8665 0.2202
vn 0.6399 0.7429 0.1965
vn 0.7333 0.5701 0.3705
vn 0.2154 0.6798 -0.7011
vn 0.0397 0.9894 -0.1400
vn 0.0159 0.9690 -0.2467
vn 0.0042 0.9998 0.0187
vn 0.6926 0.6994 -0.1765
vn 0.5273 0.8192 -0.2256
vn 0.7238 0.5667 -0.3937
vn 0.6127 0.7661 0.1942
vn 0.2884 0.6767 0.6775
vn 0.2619 0.7939 0.5488
vn -0.3532 0.8918 -0.2827
vn 0.4437 0.8934 0.0699
vn 0.8032 0.5789 0.1408
vn -0.4218 0.8525 -0.3088
vn -0.4681 0.8404 -0.2731
vn -0.6764 0.4973 -0.5433
vn 0.2118 0.7520 0.6242
vn 0.2997 0.9469 -0.1166
vn -0.1879 0.9605 -0.2052
vn -0.1881 0.9817 0.0301
vn -0.7002 0.6571 -0.2790
vn 0.8540 0.4987 0.1480
vn -0.0194 0.9996 0.0194
vn -0.2719 0.7549 0.5968
vn -0.1797 0.9480 0.2627
vn -0.7813 0.5357 0.3204
vn -0.8407 0.4504 0.3005
vn -0.6816 0.7187 0.1374
vn -0.5063 0.8590 0.0767
vn -0.0639 0.9911 -0.1167
vn -0.2751 0.9580 0.0816
vn -0.1389 0.7305 0.6686
vn -0.2385 0.4508 0.8601
vn -0.2989 0.5631 0.7704
vn -0.5309 0.7331 0.4250
vn -0.5484 0.8360 0.0188
vn -0.6395 0.6827 0.3535
vn 0.0741 0.9701 0.2310
vn 0.0534 0.9927 0.1077
vn -0.0001 0.9953 0.0971
vn -0.6255 0.5479 -0.5555
vn -0.4438 0.7080 -0.5493
vn -0.0778 0.9969 -0.0123
vn 0.0007 1.0000 0.0004
vn 0.0031 1.0000 -0.0000
vn -0.0322 0.9995 -0.0048
vn 0.0608 0.8407 -0.5381
vn 0.3917 0.4742 -0.7885
vn 0.0407 0.6367 -0.7700
vn 0.1121 0.9230 0.3680
vn 0.0382 0.8437 0.5354
vn 0.2430 0.8254 0.5095
vn 0.3877 0.5551 0.7359
vn 0.2708 0.4430 0.8546
vn 0.2469 0.9065 -0.3425
vn 0.1635 0.8525 -0.4965
vn 0.0080 0.9569 -0.2902
vn 0.0159 0.9997 0.0159
vn 0.1570 0.7834 0.6014
vn 0.0648 0.7360 0.6739
vn -0.6115 0.7892 0.0563
vn -0.6201 0.7829 -0.0503
vn -0.9064 0.4163 -0.0719
vn 0.4195 0.6334 0.6502
vn 0.5739 0.8189 0.0108
vn 0.4426 0.8936 -0.0753
vn -0.6415 0.7492 0.1648
vn -0.7011 0.7091 -0.0751
vn 0.5956 0.8027 0.0300
vn 0.5193 0.7655 -0.3801
vn 0.1311 0.9466 -0.2945
vn -0.7919 0.5157 -0.3271
vn -0.7073 0.5719 -0.4155
vn 0.7248 0.6680 0.1685
vn -0.3384 0.9327 -0.1244
vn -0.4905 0.8038 -0.3366
vn -0.7863 0.4812 -0.3875
vn 0.6099 0.6993 -0.3727
vn 0.6263 0.7047 -0.3334
vn 0.3654 0.8508 -0.3775
vn 0.2887 0.8252 0.4855
vn 0.2503 0.5851 0.7714
vn 0.3049 0.6927 0.6536
vn 0.3826 0.4719 0.7943
vn 0.2805 0.5041 0.8169
vn 0.1828 0.9445 0.2731
vn 0.4230 0.7421 0.5200
vn 0.4595 0.5495 0.6978
vn 0.0294 0.9991 0.0294
vn 0.0935 0.9837 0.1538
vn 0.3674 0.8504 -0.3765
vn 0.4592 0.7186 -0.5223
vn 0.3851 0.8304 -0.4026
vn 0.7081 0.5865 -0.3932
vn 0.6305 0.4147 -0.6561
vn 0.6033 0.5134 -0.6103
vn 0.7535 0.5853 -0.2995
vn 0.7363 0.6323 -0.2408
vn 0.6063 0.7115 -0.3552
vn -0.6995 0.5869 -0.4077
vn -0.7193 0.4703 -0.5113
vn -0.7156 0.5309 -0.4538
vn -0.3055 0.9185 -0.2511
vn -0.3994 0.8233 -0.4033
vn -0.5895 0.6355 -0.4987
vn -0.2326 0.9676 -0.0988
vn -0.2557 0.9535 -0.1598
vn -0.3976 0.8934 -0.2090
vn -0.5861 0.7411 -0.3274
vn -0.3496 0.9244 -0.1526
vn 0.8328 0.5107 -0.2137
vn -0.7221 0.5021 -0.4759
vn -0.6709 0.5376 -0.5107
vn -0.6027 0.6733 -0.4282
vn -0.8519 0.4109 -0.3248
vn -0.7800 0.4519 -0.4329
vn -0.7685 0.5304 -0.3578
vn 0.4881 0.8167 -0.3078
vn 0.3912 0.5987 -0.6989
vn 0.1973 0.6838 -0.7025
vn 0.7251 0.5576 -0.4042
vn 0.6074 0.3890 -0.6926
vn 0.4981 0.4979 -0.7099
vn 0.5044 0.8526 -0.1368
vn 0.6644 0.7359 -0.1304
vn 0.5930 0.8034 -0.0543
vn -0.2362 0.9714 -0.0260
vn -0.1057 0.9944 -0.0009
vn 0.0637 0.9832 0.1711
vn -0.7166 0.6924 -0.0841
vn -0.7285 0.6516 -0.2116
vn -0.6168 0.7652 -0.1844
vn -0.7277 0.6602 0.1862
vn -0.7139 0.6981 0.0550
vn -0.7087 0.7038 0.0490
vn 0.4707 0.8766 -0.1006
vn 0.3618 0.8406 -0.4031
vn 0.4783 0.7847 -0.3942
vn 0.6765 0.7363 0.0113
vn 0.7016 0.6437 -0.3058
vn 0.4872 0.8104 -0.3254
vn 0.4266 0.6730 0.6042
vn 0.5121 0.6576 0.5526
vn 0.4772 0.6408 0.6014
vn -0.8633 0.4994 -0.0735
vn -0.8736 0.4585 -0.1631
vn -0.8858 0.4370 -0.1561
vn -0.4548 0.8873 -0.0766
vn -0.3636 0.9142 -0.1788
vn -0.6510 0.7468 -0.1362
vn -0.4764 0.8777 0.0507
vn -0.4841 0.8745 0.0294
vn -0.6059 0.7953 0.0178
vn 0.1046 0.7555 0.6468
vn 0.0936 0.5910 0.8012
vn 0.0949 0.5809 0.8084
vn 0.1797 0.8337 0.5221
vn 0.2942 0.6530 0.6979
vn 0.1987 0.5995 0.7753
vn 0.0659 0.9704 0.2323
vn 0.0799 0.9377 0.3382
vn 0.2025 0.9040 -0.3764
vn 0.2830 0.8496 -0.4450
vn 0.0983 0.9147 -0.3921
vn 0.4973 0.7011 -0.5110
vn 0.5854 0.6778 -0.4449
vn 0.2397 0.8479 -0.4728
vn 0.4195 0.8127 -0.4044
vn 0.5038 0.8522 0.1413
vn 0.2328 0.9687 0.0862
vn 0.3651 0.5122 0.7774
vn 0.3951 0.4090 0.8226
vn 0.3286 0.4189 0.8465
vn 0.4182 0.6038 0.6787
vn 0.5083 0.5470 0.6652
vn 0.4872 0.4626 0.7407
vn 0.0935 0.9577 0.2721
vn 0.3397 0.7668 0.5447
vn 0.3507 0.6818 0.6420
vn 0.0900 0.8772 0.4717
vn 0.1831 0.4547 0.8716
vn 0.1494 0.3363 0.9298
vn 0.0982 0.9652 0.2423
vn 0.2862 0.7373 0.6120
vn 0.2503 0.5787 0.7762
vn 0.0153 0.9998 0.0153
vn 0.0251 0.9981 0.0560
vn 0.1271 0.6135 -0.7794
vn 0.2368 0.5418 -0.8065
vn 0.0297 0.5764 -0.8167
vn 0.6087 0.5223 -0.5973
vn -0.4814 0.7538 0.4473
vn 0.5137 0.6549 -0.5542
vn 0.1660 0.7856 -0.5961
vn 0.5162 0.4369 -0.7367
vn 0.1631 0.7237 -0.6706
vn -0.0322 0.9995 -0.0021
vn -0.0349 0.9994 -0.0021
vn -0.0349 0.9994 -0.0048
vn 0.0031 1.0000 0.0016
vn -0.0761 0.9825 0.1702
vn -0.0467 0.9977 0.0482
vn 0.0007 1.0000 -0.0017
vn 0.0028 1.0000 -0.0017
vn 0.0028 1.0000 0.0004
vn -0.3186 0.8858 -0.3375
vn -0.0180 0.9266 0.3755
vn 0.0272 0.8845 0.4658
vn -0.4337 0.5948 -0.6768
vn -0.3122 0.7903 -0.5272
vn 0.0088 0.9946 -0.1034
vn -0.4728 0.7080 -0.5246
vn -0.4856 0.5677 -0.6648
vn -0.5638 0.5556 -0.6112
vn 0.0243 0.9949 0.0976
vn 0.0215 0.9981 0.0581
vn -0.0125 0.9989 0.0442
vn 0.0921 0.9882 0.1225
vn 0.0768 0.9942 0.0750
vn 0.0419 0.9972 0.0624
vn 0.1228 0.9619 0.2444
vn 0.1066 0.9782 0.1784
vn 0.0650 0.9839 0.1663
vn -0.6096 0.7549 0.2419
vn -0.4230 0.8535 0.3042
vn -0.6837 0.6760 0.2750
vn -0.3475 0.9376 0.0104
vn -0.2662 0.9593 -0.0945
vn -0.3650 0.9143 0.1756
vn -0.3323 0.8633 0.3798
vn -0.2966 0.9210 0.2524
vn -0.5353 0.8013 0.2671
vn -0.2466 0.5436 0.8023
vn -0.2916 0.4170 0.8609
vn -0.3278 0.4675 0.8210
vn -0.1215 0.3759 0.9187
vn -0.2255 0.4124 0.8826
vn -0.3246 0.3967 0.8587
vn -0.1123 0.7058 0.6995
vn -0.0965 0.6016 0.7930
vn -0.1213 0.5842 0.8025
vn 0.1299 0.9915 0.0001
vn 0.1601 0.9871 0.0077
vn -0.2459 0.9692 -0.0123
vn -0.2206 0.9629 -0.1553
vn -0.1971 0.9799 0.0293
vn -0.0242 0.9982 0.0541
vn -0.0607 0.9944 0.0869
vn -0.0925 0.9195 -0.3821
vn -0.3560 0.9049 -0.2334
vn -0.8217 0.5316 0.2053
vn -0.8568 0.5043 0.1074
vn -0.7345 0.6741 0.0782
vn -0.8697 0.4066 0.2798
vn -0.8690 0.4766 0.1329
vn -0.8960 0.4187 0.1480
vn -0.7920 0.4421 0.4210
vn -0.8692 0.3970 0.2947
vn -0.8146 0.5072 0.2814
vn -0.2585 0.8590 0.4420
vn -0.4112 0.6904 0.5953
vn -0.3635 0.8261 0.4306
vn -0.2238 0.6552 0.7216
vn -0.2485 0.6063 0.7554
vn -0.3434 0.6084 0.7155
vn -0.0437 0.9956 0.0826
vn -0.1345 0.8818 0.4521
vn -0.1210 0.9360 0.3305
vn -0.6191 0.7307 -0.2878
vn -0.3308 0.9348 -0.1291
vn 0.8709 0.4906 0.0308
vn -0.0902 0.9958 -0.0153
vn -0.0926 0.9942 -0.0543
vn -0.8199 0.5687 -0.0661
vn 0.1002 0.9699 0.2221
vn -0.0945 0.9955 -0.0104
vn -0.4250 0.8547 -0.2982
vn -0.0176 0.9807 -0.1949
vn -0.0793 0.9579 -0.2760
vn -0.2059 0.9176 -0.3402
vn 0.7342 0.6778 -0.0380
vn 0.7227 0.6849 -0.0929
vn 0.1942 0.9636 -0.1837
vn 0.1667 0.6681 0.7252
vn 0.4144 0.5465 0.7277
vn 0.1860 0.3271 0.9265
vn -0.5606 0.7212 -0.4070
vn -0.6580 0.5165 -0.5479
vn -0.7249 0.2476 -0.6429
vn -0.4040 0.8855 -0.2294
vn -0.4520 0.8378 -0.3064
vn -0.5507 0.7179 -0.4260
vn -0.2995 0.9102 -0.2862
vn -0.3668 0.9209 -0.1319
vn -0.4493 0.8791 -0.1592
vn 0.6671 0.7363 0.1134
vn 0.6976 0.7139 0.0608
vn 0.8215 0.5654 0.0739
vn 0.0673 0.9975 -0.0224
vn 0.1449 0.9894 0.0114
vn 0.4797 0.8767 0.0351
vn -0.2341 0.7291 -0.6432
vn -0.1012 0.9344 -0.3415
vn 0.2553 0.9652 -0.0560
vn 0.2198 0.6900 0.6896
vn 0.2702 0.9506 0.1525
vn 0.1101 0.9711 0.2116
vn 0.3368 0.7017 0.6278
vn 0.4739 0.8776 -0.0720
vn 0.5106 0.8594 0.0267
vn 0.2831 0.7555 0.5908
vn 0.2070 0.6495 0.7317
vn 0.2469 0.6186 0.7459
vn 0.6830 0.6450 -0.3428
vn 0.5821 0.7370 -0.3434
vn 0.6765 0.5982 -0.4295
vn 0.2349 0.9686 -0.0819
vn 0.0837 0.9938 -0.0732
vn 0.3911 0.8935 -0.2207
vn 0.4568 0.8824 -0.1132
vn 0.3640 0.9230 -0.1248
vn 0.6262 0.7490 -0.2162
vn 0.0073 0.9999 0.0073
vn 0.0801 0.8953 0.4381
vn 0.0151 0.8674 0.4973
vn 0.0935 0.9903 0.1031
vn 0.1027 0.9511 0.2914
vn 0.0277 0.9783 -0.2054
vn 0.0469 0.9974 -0.0543
vn 0.2389 0.7521 -0.6142
vn 0.1426 0.9121 -0.3844
vn 0.1226 0.8717 -0.4744
vn 0.0298 0.9991 0.0298
vn 0.7519 0.5984 0.2769
vn 0.7997 0.5839 0.1398
vn 0.8160 0.5370 0.2140
vn 0.4122 0.9027 0.1239
vn 0.4864 0.8683 0.0972
vn 0.6923 0.7068 0.1458
vn 0.1636 0.9836 0.0760
vn 0.3052 0.9468 0.1018
vn 0.5614 0.7984 0.2178
vn 0.2209 0.9638 0.1493
vn 0.0766 0.9911 -0.1087
vn -0.2398 0.9482 -0.2083
vn 0.4977 0.8378 0.2243
vn 0.5785 0.8103 -0.0932
vn 0.4138 0.9103 0.0104
vn 0.4998 0.7836 0.3691
vn 0.5269 0.7991 0.2895
vn 0.3808 0.8611 0.3369
vn -0.1718 0.9814 -0.0861
vn -0.2338 0.9719 0.0268
vn -0.0035 0.9921 -0.1256
vn -0.2270 0.9721 -0.0591
vn -0.2065 0.9782 -0.0230
vn -0.1806 0.9835 0.0102
vn -0.1824 0.9746 0.1300
vn -0.2230 0.9674 0.1204
vn -0.1996 0.9762 0.0845
vn -0.2433 0.6474 -0.7223
vn -0.1828 0.3521 -0.9179
vn -0.2722 0.3413 -0.8997
vn 0.1180 0.7192 -0.6848
vn 0.0888 0.3854 -0.9185
vn -0.0814 0.3778 -0.9223
vn 0.0325 0.9100 -0.4132
vn 0.0895 0.8699 -0.4851
vn -0.0539 0.9051 -0.4218
vn -0.5243 0.7068 -0.4750
vn -0.3875 0.8331 -0.3948
vn -0.2451 0.9422 -0.2283
vn -0.5582 0.5533 -0.6183
vn -0.5096 0.5870 -0.6291
vn -0.4775 0.7006 -0.5303
vn -0.7024 0.4163 -0.5774
vn -0.6322 0.4719 -0.6144
vn -0.6320 0.5566 -0.5393
vn 0.4062 0.9133 -0.0299
vn 0.3797 0.9233 -0.0578
vn 0.6222 0.7781 -0.0862
vn 0.0459 0.9987 -0.0204
vn 0.0867 0.9962 0.0003
vn 0.5107 0.4797 -0.7135
vn 0.4197 0.5705 -0.7059
vn 0.4441 0.4986 -0.7444
vn 0.5448 0.5868 -0.5990
vn 0.4602 0.6935 -0.5543
vn 0.4639 0.6001 -0.6516
vn 0.6748 0.4840 -0.5571
vn 0.6005 0.5527 -0.5778
vn 0.5838 0.4835 -0.6522
vn -0.0536 0.9961 0.0696
vn 0.0544 0.9958 -0.0741
vn 0.0068 0.9980 -0.0623
vn 0.2364 0.9705 -0.0474
vn 0.2631 0.9552 -0.1360
vn 0.1326 0.9862 -0.0993
vn 0.2527 0.9602 0.1188
vn 0.2364 0.9714 0.0230
vn 0.0872 0.9956 0.0342
vn 0.0323 0.9990 0.0323
vn 0.2917 0.9478 0.1290
vn 0.0558 0.9969 -0.0558
vn 0.6129 0.5284 0.5875
vn 0.5856 0.7122 0.3871
vn 0.5143 0.7847 0.3460
vn 0.6789 0.4555 0.5758
vn 0.7680 0.4337 0.4713
vn 0.7005 0.5462 0.4593
vn 0.5216 0.6152 0.5912
vn 0.5924 0.5378 0.5999
vn 0.6092 0.4381 0.6610
vn -0.6334 0.6472 -0.4242
vn -0.3904 0.8625 -0.3219
vn -0.1162 0.9894 -0.0871
vn -0.7592 0.3611 -0.5415
vn -0.6673 0.3191 -0.6730
vn -0.6230 0.5212 -0.5832
vn -0.7797 0.6201 -0.0868
vn -0.8410 0.5302 -0.1076
vn -0.8803 0.3875 -0.2738
vn -0.0002 0.9613 0.2755
vn -0.0512 0.9725 0.2273
vn 0.0555 0.9926 0.1080
vn 0.0594 0.9737 0.2199
vn 0.3956 0.9184 0.0100
vn 0.2662 0.9610 -0.0745
vn -0.4412 0.8403 -0.3151
vn 0.5208 0.8537 0.0012
vn 0.5703 0.8212 -0.0195
vn 0.4871 0.8703 0.0729
vn 0.5725 0.8023 0.1690
vn 0.5640 0.8255 0.0218
vn 0.4119 0.9097 0.0529
vn -0.6369 0.7688 -0.0572
vn -0.5269 0.8343 -0.1619
vn -0.0449 0.9987 -0.0249
vn -0.5066 0.8471 0.1604
vn -0.6272 0.7752 0.0752
vn -0.0788 0.9968 0.0125
vn -0.3521 0.8839 -0.3079
vn -0.3681 0.8405 -0.3974
vn -0.4177 0.7926 -0.4441
vn -0.2003 0.9424 -0.2681
vn -0.2126 0.9153 -0.3419
vn -0.3251 0.8697 -0.3715
vn -0.2147 0.9688 -0.1240
vn -0.1994 0.9694 -0.1432
vn -0.2767 0.9481 -0.1569
vn -0.0456 0.9753 -0.2160
vn 0.1399 0.9885 0.0572
vn -0.0338 0.9376 -0.3461
vn -0.0086 0.9999 -0.0086
vn -0.0691 0.5685 -0.8197
vn -0.0561 0.7743 -0.6304
vn -0.0961 0.7936 -0.6008
vn 0.4083 0.8242 0.3923
vn 0.3954 0.8737 0.2832
vn 0.3451 0.9178 0.1963
vn 0.5828 0.7158 0.3846
vn 0.5409 0.8232 0.1723
vn 0.5505 0.8123 0.1930
vn 0.4689 0.4115 0.7816
vn 0.5377 0.4782 0.6944
vn 0.4599 0.6236 0.6322
vn 0.0297 0.9889 -0.1454
vn 0.0369 0.9738 -0.2243
vn -0.0060 0.9748 -0.2230
vn 0.1081 0.9771 -0.1832
vn 0.1348 0.9587 -0.2505
vn 0.0832 0.9689 -0.2332
vn 0.1275 0.9905 0.0521
vn 0.0924 0.9914 -0.0927
vn 0.0493 0.9948 -0.0896
vn -0.7340 0.5327 0.4213
vn -0.8548 0.4062 0.3228
vn -0.5802 0.7790 0.2377
vn -0.6997 0.4735 0.5350
vn -0.6000 0.7746 0.2002
vn -0.8573 0.3981 0.3264
vn -0.5399 0.4514 0.7105
vn -0.6344 0.3496 0.6894
vn -0.6790 0.4391 0.5883
vn -0.1627 0.9292 -0.3318
vn -0.0403 0.9984 -0.0403
vn 0.2898 0.9508 -0.1096
vn -0.0692 0.9519 0.2984
vn 0.3284 0.9322 -0.1521
vn 0.0038 0.9857 0.1686
vn 0.0132 0.8797 0.4754
vn -0.0195 0.8792 0.4760
vn 0.0090 0.9999 -0.0090
vn 0.1834 0.9808 -0.0661
vn -0.0762 0.8364 0.5428
vn -0.2336 0.8502 0.4717
vn -0.0660 0.9365 0.3443
vn -0.4362 0.8211 0.3681
vn -0.3434 0.8203 0.4573
vn -0.1491 0.7904 0.5942
vn -0.2137 0.6062 0.7661
vn -0.2542 0.6944 0.6731
vn -0.3410 0.6913 0.6370
vn -0.6815 0.4207 0.5988
vn -0.7152 0.4996 0.4888
vn -0.7316 0.5454 0.4091
vn -0.6711 0.4030 0.6223
vn -0.6920 0.4822 0.5373
vn -0.7495 0.4134 0.5171
vn -0.5998 0.4346 0.6718
vn -0.6333 0.2710 0.7249
vn -0.2395 0.3203 0.9165
vn -0.1256 0.9575 0.2596
vn -0.2986 0.8125 0.5008
vn -0.2476 0.9063 0.3425
vn -0.1845 0.8248 0.5345
vn -0.2876 0.6297 0.7217
vn -0.3183 0.7145 0.6230
vn -0.0673 0.9728 0.2215
vn -0.0669 0.9936 0.0906
vn -0.4493 0.8811 0.1476
vn -0.4455 0.8787 0.1715
vn -0.5351 0.8222 0.1940
vn -0.3402 0.9273 0.1563
vn -0.3571 0.9193 0.1652
vn -0.4348 0.8797 0.1928
vn -0.2878 0.8853 0.3653
vn -0.2711 0.9192 0.2855
vn -0.4324 0.8708 0.2339
vn 0.1199 0.9928 -0.0047
vn 0.1080 0.9919 -0.0672
vn -0.0140 0.9931 -0.1162
vn 0.9997 0.0175 -0.0156
vn 0.9916 0.0800 -0.1019
vn 0.5079 0.8080 -0.2988
vn 0.7991 0.3331 -0.5004
vn 0.9977 0.0409 -0.0534
vn 0.2420 0.9690 0.0500
vn -0.0610 0.9963 0.0610
vn -0.0727 0.9889 0.1299
vn -0.2993 0.8298 0.4711
vn -0.1596 0.9610 0.2259
vn -0.9023 0.3582 0.2398
vn -0.8011 0.5710 -0.1795
vn -0.9366 0.3478 0.0433
vn -0.5196 0.8516 -0.0690
vn -0.3994 0.7898 -0.4654
vn -0.5017 0.7561 -0.4203
vn -0.6819 0.6024 0.4149
vn -0.5960 0.8028 -0.0169
vn -0.8180 0.5528 0.1587
vn -0.0064 0.9998 0.0191
vn -0.0191 0.9996 0.0191
vn -0.0191 0.9998 0.0064
vn -0.0649 0.9954 0.0699
vn -0.1224 0.9913 0.0481
vn -0.0069 0.9996 0.0278
vn -0.7904 0.5174 0.3281
vn -0.8614 0.4940 0.1180
vn -0.4943 0.8641 0.0948
vn -0.5769 0.7889 0.2118
vn -0.6981 0.6971 0.1634
vn -0.2719 0.9603 0.0624
vn -0.0327 0.9992 -0.0243
vn -0.0061 1.0000 -0.0069
vn -0.0001 1.0000 -0.0037
vn -0.6340 0.7263 -0.2655
vn -0.4207 0.8645 -0.2748
vn -0.1968 0.9774 -0.0769
vn -0.8373 0.5388 -0.0931
vn -0.7700 0.6111 -0.1832
vn -0.4119 0.9068 -0.0901
vn -0.0314 0.9995 0.0061
vn -0.0351 0.9994 0.0061
vn -0.0351 0.9994 0.0025
vn -0.0101 0.9999 -0.0018
vn -0.0036 1.0000 -0.0018
vn -0.0036 1.0000 0.0047
vn -0.0225 0.9995 0.0204
vn -0.0164 0.9997 0.0204
vn -0.0164 0.9995 0.0265
vn -0.0349 0.9047 -0.4246
vn -0.1306 0.9531 -0.2731
vn -0.2014 0.8982 -0.3908
vn -0.2301 0.9455 -0.2303
vn -0.1814 0.9315 -0.3153
vn -0.5303 0.8097 -0.2514
vn -0.1483 0.8353 0.5294
vn -0.0957 0.5524 0.8281
vn -0.2852 0.7034 0.6510
vn -0.2382 0.9274 -0.2884
vn -0.2560 0.9054 -0.3388
vn -0.2572 0.9028 -0.3446
vn -0.2456 0.9007 -0.3585
vn -0.3720 0.8026 -0.4664
vn -0.2196 0.8726 -0.4364
vn -0.1553 0.9494 -0.2731
vn -0.1329 0.9388 -0.3179
vn -0.5361 0.7957 -0.2820
vn -0.7742 0.5294 -0.3469
vn -0.7637 0.4817 -0.4298
vn -0.7165 0.5662 -0.4074
vn -0.3636 0.8870 -0.2845
vn -0.3833 0.8475 -0.3673
vn -0.6079 0.6612 -0.4397
vn -0.3819 0.8986 -0.2159
vn -0.3054 0.8940 -0.3280
vn -0.5127 0.8025 -0.3053
vn -0.1059 0.9013 0.4201
vn -0.2536 0.4085 0.8768
vn -0.3454 0.6055 0.7170
vn -0.0220 0.8362 0.5479
vn -0.0058 0.2703 0.9628
vn -0.1442 0.2947 0.9446
vn -0.0070 0.9909 0.1342
vn -0.0205 0.9941 0.1063
vn -0.4242 0.7098 0.5624
vn -0.0252 0.9342 0.3558
vn -0.0308 0.7226 0.6906
vn -0.2359 0.9211 0.3098
vn -0.2848 0.9585 -0.0155
vn -0.1732 0.9846 0.0242
vn 0.0195 0.0685 0.9975
vn -0.0252 0.3849 0.9226
vn -0.3230 0.3640 0.8736
vn -0.6786 0.3393 0.6515
vn -0.8366 0.2332 0.4958
vn -0.7454 0.5284 0.4064
vn -0.5778 0.1138 0.8082
vn -0.6865 0.3679 0.6272
vn -0.7995 0.2060 0.5643
vn -0.5395 0.4216 0.7288
vn -0.6513 0.2004 0.7319
vn -0.6240 0.4143 0.6626
vn -0.8052 0.5443 0.2353
vn -0.8348 0.5271 0.1590
vn -0.7050 0.6938 0.1471
vn -0.8487 0.4410 0.2919
vn -0.8272 0.5139 0.2273
vn -0.8796 0.4334 0.1960
vn -0.7182 0.4620 0.5203
vn -0.8152 0.4192 0.3996
vn -0.7744 0.5069 0.3786
vn -0.8484 0.5254 -0.0648
vn -0.8379 0.5273 -0.1411
vn -0.7418 0.6463 -0.1788
vn -0.7942 0.6040 -0.0670
vn -0.8223 0.5422 -0.1726
vn -0.8946 0.4193 -0.1543
vn -0.8047 0.5811 0.1219
vn -0.7860 0.6182 0.0084
vn -0.9149 0.4034 0.0169
vn -0.4598 0.6657 -0.5877
vn -0.4633 0.7149 -0.5237
vn -0.1667 0.9624 0.2145
vn 0.4333 0.9002 -0.0431
vn 0.0617 0.8833 -0.4647
vn 0.4781 0.4618 -0.7471
vn 0.8979 0.3166 -0.3060
vn 0.6303 0.7446 -0.2196
vn 0.9552 0.2278 -0.1892
vn -0.0569 0.9947 0.0854
vn 0.1036 0.9910 -0.0842
vn -0.0852 0.9958 0.0341
vn -0.0059 0.9978 -0.0664
vn -0.1450 0.9495 -0.2781
vn -0.3004 0.9309 -0.2077
vn -0.3616 0.8118 0.4586
vn -0.0520 0.9524 0.3003
vn -0.3794 0.8743 0.3029
vn 0.1773 0.9793 -0.0976
vn -0.0294 0.9899 -0.1387
vn -0.0947 0.9446 -0.3143
vn -0.2117 0.9760 -0.0504
vn -0.2092 0.9771 -0.0392
vn -0.1963 0.9805 -0.0140
vn -0.2089 0.9763 0.0570
vn -0.2133 0.9703 0.1140
vn -0.1878 0.9795 0.0736
vn -0.4691 0.8816 -0.0516
vn -0.3740 0.8993 -0.2268
vn -0.5232 0.8415 -0.1347
vn -0.3233 0.9448 -0.0529
vn -0.2720 0.9031 -0.3322
vn -0.4068 0.8572 -0.3156
vn -0.3236 0.9454 0.0388
vn -0.3354 0.9407 0.0502
vn -0.3944 0.9187 0.0231
vn -0.1135 0.7356 0.6679
vn -0.1238 0.5512 0.8251
vn -0.2067 0.5740 0.7924
vn 0.0099 0.7195 0.6944
vn 0.0368 0.5623 0.8261
vn -0.0451 0.5502 0.8338
vn -0.0010 0.9949 0.1006
vn -0.0022 0.8907 0.4545
vn -0.0389 0.8961 0.4421
vn 0.0038 0.7576 0.6527
vn -0.0025 0.8090 0.5879
vn -0.1378 0.8295 0.5413
vn -0.2840 0.6677 0.6881
vn -0.4517 0.8043 0.3860
vn -0.2834 0.8327 0.4756
vn -0.0135 0.4215 0.9068
vn -0.1382 0.4677 0.8730
vn -0.1201 0.5183 0.8468
vn -0.5887 0.4326 0.6829
vn -0.6346 0.4270 0.6442
vn -0.6669 0.4335 0.6060
vn -0.3984 0.5036 0.7666
vn -0.3377 0.7616 0.5530
vn -0.5269 0.5872 0.6144
vn -0.3323 0.5225 0.7852
vn -0.3724 0.4300 0.8225
vn -0.5042 0.4795 0.7182
vn -0.4878 0.6568 0.5750
vn -0.4365 0.8122 0.3870
vn -0.5771 0.6948 0.4292
vn -0.2017 0.8612 0.4666
vn -0.2005 0.9271 0.3168
vn -0.2816 0.8774 0.3884
vn -0.2976 0.4688 0.8316
vn -0.2299 0.7031 0.6729
vn -0.3879 0.5799 0.7164
vn -0.4255 0.8719 0.2422
vn -0.4160 0.9014 0.1201
vn -0.4733 0.8644 0.1700
vn -0.2271 0.9644 0.1354
vn -0.1379 0.9902 -0.0210
vn -0.3034 0.9514 0.0535
vn -0.1714 0.9285 0.3294
vn -0.2280 0.9401 0.2536
vn -0.3807 0.9086 0.1718
vn -0.8765 0.4156 0.2429
vn -0.8750 0.4531 0.1707
vn -0.8811 0.4435 0.1644
vn -0.4376 0.8783 0.1927
vn -0.4310 0.8882 0.1592
vn -0.6490 0.7455 0.1520
vn -0.6211 0.6563 0.4284
vn -0.5418 0.8093 0.2271
vn -0.7644 0.5501 0.3363
vn 0.2917 0.8458 0.4468
vn 0.2627 0.9372 0.2294
vn 0.0897 0.9696 0.2275
vn 0.4738 0.7698 0.4278
vn 0.4900 0.7897 0.3692
vn 0.3784 0.8573 0.3491
vn 0.4153 0.3908 0.8215
vn 0.4609 0.5819 0.6700
vn 0.4004 0.6672 0.6281
vn 0.1525 0.9883 0.0100
vn -0.0181 0.9858 -0.1672
vn -0.2404 0.9439 -0.2266
vn 0.5377 0.8386 0.0872
vn 0.5741 0.8094 -0.1233
vn 0.3441 0.9366 -0.0666
vn 0.4806 0.8244 0.2988
vn 0.4784 0.8335 0.2766
vn 0.3865 0.8724 0.2994
vn -0.1027 0.9874 -0.1208
vn -0.1184 0.9929 -0.0108
vn 0.2251 0.9730 -0.0517
vn -0.2045 0.9517 -0.2292
vn -0.2560 0.9630 -0.0843
vn -0.1890 0.9817 0.0235
vn -0.0184 0.9319 0.3623
vn 0.0285 0.9993 -0.0262
vn -0.3665 0.9184 -0.1488
vn 0.0254 0.9936 0.1101
vn 0.0750 0.9050 0.4187
vn 0.0445 0.8886 0.4565
vn 0.0079 0.9999 0.0079
vn 0.0737 0.9552 0.2866
vn 0.0964 0.9254 0.3666
vn 0.1896 0.5586 0.8075
vn 0.1477 0.3242 0.9344
vn 0.1027 0.3306 0.9382
vn 0.2749 0.5609 0.7809
vn 0.3586 0.4254 0.8309
vn 0.2070 0.3546 0.9118
vn 0.1706 0.8321 0.5277
vn 0.2580 0.6820 0.6843
vn 0.1802 0.6393 0.7475
vn -0.1114 0.5112 0.8522
vn -0.0755 0.4234 0.9028
vn -0.1789 0.4099 0.8944
vn 0.0874 0.5062 0.8580
vn -0.0258 0.3745 0.9269
vn -0.0456 0.4259 0.9036
vn 0.0334 0.7293 0.6834
vn 0.0577 0.5614 0.8255
vn -0.0145 0.5504 0.8348
vn -0.0858 0.9963 -0.0105
vn -0.1677 0.9838 0.0635
vn -0.0859 0.6737 -0.7340
vn -0.0659 0.9068 -0.4164
vn -0.0686 0.9213 -0.3828
vn -0.3739 0.9274 -0.0076
vn -0.3386 0.9395 -0.0524
vn -0.0165 0.9998 -0.0092
vn -0.2797 0.9577 0.0677
vn -0.3540 0.9343 0.0417
vn -0.0210 0.9998 0.0075
vn -0.1206 0.8033 0.5832
vn -0.4653 0.7506 0.4691
vn -0.1848 0.9653 0.1846
vn 0.0331 0.9358 0.3509
vn 0.1573 0.9224 0.3528
vn -0.3953 0.7415 0.5421
vn -0.0389 0.4522 0.8911
vn 0.0686 0.8010 0.5948
vn -0.7200 0.5611 0.4083
vn -0.6483 0.6575 -0.3839
vn -0.6197 0.6614 -0.4226
vn -0.1945 0.9545 -0.2259
vn 0.4012 0.9140 0.0596
vn 0.3535 0.9351 -0.0241
vn -0.4740 0.7885 -0.3918
vn 0.3729 0.9093 0.1848
vn 0.3959 0.9050 0.1558
vn 0.1949 0.9600 0.2012
vn -0.9270 0.3725 -0.0425
vn -0.9077 0.3901 -0.1547
vn -0.7827 0.6101 -0.1230
vn -0.5594 0.8002 -0.2164
vn -0.6518 0.7367 -0.1802
vn -0.7899 0.5637 -0.2415
vn -0.6119 0.7627 0.2093
vn -0.6454 0.7394 0.1918
vn -0.7867 0.5809 0.2088
vn 0.2706 0.9401 -0.2072
vn 0.3256 0.8795 -0.3470
vn 0.2078 0.9353 -0.2865
vn 0.6568 0.7162 0.2360
vn 0.5647 0.6006 -0.5660
vn 0.4802 0.7655 -0.4283
vn 0.9231 0.3640 -0.1242
vn 0.8278 0.5275 0.1911
vn 0.4071 0.9133 -0.0107
vn 0.2322 0.1881 -0.9543
vn -0.2590 0.4918 0.8313
vn -0.2870 0.6638 0.6907
vn 0.0335 0.7402 0.6716
vn -0.0633 0.3499 0.9346
vn -0.2932 0.3844 0.8754
vn 0.6091 0.5752 -0.5461
vn 0.4210 0.4779 -0.7710
vn 0.5745 0.4263 -0.6987
vn 0.0842 0.5706 -0.8169
vn 0.0094 0.4690 -0.8831
vn -0.0131 0.4106 -0.9117
vn 0.5660 0.2915 -0.7712
vn 0.5100 0.5479 -0.6631
vn 0.3173 0.2685 -0.9095
vn 0.1795 0.9067 -0.3817
vn 0.2500 0.7410 -0.6232
vn 0.1499 0.8077 -0.5703
vn 0.7380 0.4388 0.5126
vn 0.7927 0.4636 0.3959
vn 0.5790 0.7278 0.3675
vn 0.3105 0.9369 0.1606
vn 0.5331 0.8152 0.2263
vn 0.8012 0.4835 0.3525
vn -0.2565 0.7815 -0.5688
vn -0.0238 0.9757 -0.2176
vn 0.2689 0.8954 0.3549
vn 0.7147 0.6994 -0.0077
vn 0.7514 0.6428 -0.1493
vn 0.5385 0.8416 -0.0403
vn 0.7872 0.6164 -0.0164
vn 0.7494 0.6501 -0.1255
vn 0.9006 0.4129 -0.1355
vn 0.6838 0.7052 0.1873
vn 0.7666 0.6349 0.0959
vn 0.9046 0.4135 0.1033
vn 0.5695 0.7991 -0.1927
vn 0.5064 0.8622 -0.0090
vn 0.5314 0.8307 -0.1662
vn 0.4687 0.8820 0.0481
vn 0.4635 0.8860 0.0128
vn 0.3798 0.9057 0.1881
vn 0.4556 0.8824 0.1174
vn 0.4526 0.8828 0.1260
vn 0.6418 0.7609 0.0957
vn -0.0338 0.9502 -0.3097
vn -0.1846 0.9811 0.0586
vn -0.0039 0.9998 -0.0211
vn -0.2725 0.8163 0.5094
vn -0.6232 0.7071 0.3341
vn -0.4352 0.8748 0.2129
vn 0.1463 0.6639 -0.7333
vn 0.1094 0.8514 -0.5130
vn 0.0888 0.8193 -0.5665
vn -0.4834 0.8683 0.1109
vn -0.5403 0.8375 0.0821
vn -0.2514 0.9674 0.0291
vn -0.8255 0.5300 0.1938
vn -0.8420 0.5229 0.1330
vn -0.7447 0.6553 0.1263
vn -0.7185 0.6189 0.3174
vn -0.7876 0.5586 0.2602
vn -0.6367 0.7416 0.2111
vn 0.0141 0.9999 -0.0011
vn 0.0065 1.0000 -0.0065
vn 0.3027 0.9520 -0.0459
vn -0.0769 0.9647 -0.2519
vn -0.0096 0.9187 -0.3948
vn -0.1780 0.9213 -0.3457
vn 0.2069 0.9122 -0.3535
vn 0.2211 0.8787 -0.4230
vn -0.0066 0.9078 -0.4194
vn 0.0977 0.9704 -0.2208
vn 0.1598 0.9408 -0.2989
vn -0.0902 0.9633 -0.2528
vn -0.0099 0.3274 -0.9449
vn 0.0700 0.5111 -0.8567
vn -0.0071 0.5435 -0.8394
vn 0.1950 0.3559 -0.9139
vn 0.1421 0.4618 -0.8755
vn 0.1231 0.4703 -0.8739
vn 0.2651 0.7708 -0.5793
vn 0.2565 0.4406 -0.8603
vn 0.1420 0.5021 -0.8531
vn -0.3054 0.4606 -0.8334
vn -0.2415 0.5466 -0.8018
vn -0.3130 0.5550 -0.7708
vn -0.1151 0.3661 -0.9234
vn -0.0933 0.5523 -0.8284
vn -0.1700 0.5538 -0.8151
vn -0.2192 0.8308 -0.5115
vn -0.1788 0.4985 -0.8483
vn -0.2541 0.4535 -0.8543
vn -0.7483 0.6262 -0.2189
vn -0.8569 0.5044 -0.1064
vn -0.8697 0.4374 -0.2288
vn -0.6504 0.6597 -0.3764
vn -0.4749 0.8702 -0.1313
vn -0.3240 0.9178 0.2294
vn -0.4668 0.7004 0.5399
vn -0.6618 0.7497 -0.0036
vn -0.5740 0.8186 -0.0192
vn -0.5069 0.6701 -0.5423
vn -0.1285 0.9786 -0.1609
vn -0.0166 0.9997 -0.0166
vn -0.2607 0.3546 -0.8979
vn -0.3006 0.5803 -0.7569
vn -0.3315 0.8034 -0.4947
vn -0.0418 0.9951 -0.0894
vn -0.1850 0.7597 -0.6234
vn -0.6455 0.3965 -0.6527
vn -0.3177 0.9352 -0.1567
vn -0.1051 0.9908 -0.0852
vn 0.7096 0.7002 -0.0778
vn 0.7720 0.5795 -0.2610
vn 0.5255 0.8384 -0.1447
vn 0.1251 0.9887 0.0830
vn 0.3879 0.9030 -0.1847
vn 0.8506 0.4747 -0.2262
vn -0.5262 0.7913 -0.3113
vn -0.3585 0.9017 -0.2417
vn 0.9267 0.3750 0.0239
vn 0.4292 0.7784 -0.4582
vn 0.1065 0.9868 -0.1220
vn 0.2841 0.8628 -0.4183
vn 0.0017 1.0000 -0.0017
vn 0.0079 0.9999 -0.0079
vn 0.2441 0.9629 -0.1153
vn 0.0687 0.9955 -0.0653
vn 0.4443 0.8318 -0.3327
vn -0.0712 0.3868 -0.9194
vn -0.0777 0.4505 -0.8894
vn -0.0722 0.4988 -0.8637
vn 0.3991 0.3769 -0.8359
vn 0.3356 0.6280 -0.7022
vn 0.1959 0.4706 -0.8603
vn 0.6113 0.7831 -0.1145
vn 0.5777 0.5901 -0.5639
vn 0.4221 0.7371 -0.5278
vn -0.5809 0.8130 -0.0395
vn -0.5469 0.8332 -0.0821
vn -0.2363 0.9717 -0.0030
vn -0.8494 0.5233 -0.0686
vn -0.8438 0.5212 -0.1276
vn -0.7435 0.6572 -0.1240
vn -0.8483 0.5241 0.0753
vn -0.8512 0.5248 0.0015
vn -0.7810 0.6245 0.0043
vn 0.5931 0.5715 0.5670
vn 0.9321 0.3377 0.1307
vn 0.6290 0.6732 0.3888
vn -0.7111 0.6344 -0.3029
vn -0.6226 0.7174 -0.3126
vn -0.4582 0.8625 -0.2148
vn -0.8257 0.5272 -0.2010
vn -0.7830 0.5606 -0.2695
vn -0.6302 0.7483 -0.2071
vn 0.2772 0.7857 0.5530
vn 0.3140 0.8959 0.3141
vn -0.4965 0.7219 0.4821
vn 0.4757 0.6056 0.6379
vn 0.5076 0.8248 0.2492
vn 0.4080 0.8523 0.3274
vn 0.2917 0.7161 0.6341
vn 0.3596 0.4131 0.8367
vn 0.2606 0.4060 0.8759
vn 0.0834 0.9419 -0.3254
vn -0.2463 0.5630 -0.7889
vn -0.5212 0.3608 -0.7734
vn -0.5949 0.7800 -0.1939
vn -0.4805 0.6445 -0.5948
vn -0.0155 0.7044 -0.7097
vn 0.0019 0.8350 -0.5502
vn -0.4755 0.8402 -0.2608
vn -0.1357 0.9147 -0.3807
vn -0.1295 0.9117 -0.3899
vn -0.0229 0.9994 -0.0267
vn -0.0019 1.0000 -0.0019
vn -0.0379 0.8365 -0.5466
vn -0.0073 0.9952 -0.0976
vn -0.0205 0.9973 -0.0700
vn -0.1625 0.3385 -0.9268
vn -0.0547 0.4159 -0.9078
vn -0.1056 0.4399 -0.8918
vn -0.0554 0.9965 -0.0623
vn -0.5589 0.5167 -0.6486
vn -0.2753 0.8804 -0.3862
vn -0.1060 0.9852 -0.1345
vn 0.6353 0.6254 0.4531
vn 0.7020 0.5916 0.3965
vn 0.7244 0.5114 0.4623
vn 0.3849 0.8939 0.2298
vn 0.5046 0.8276 0.2459
vn 0.6398 0.6811 0.3559
vn 0.0325 0.9595 -0.2798
vn 0.2419 0.9585 0.1509
vn 0.4118 0.8597 0.3023
vn 0.7804 0.5475 0.3022
vn 0.8316 0.5274 0.1738
vn 0.7073 0.6387 0.3029
vn 0.7266 0.6615 0.1855
vn 0.7677 0.6295 0.1198
vn 0.7918 0.5976 0.1262
vn 0.5952 0.7622 0.2545
vn 0.6660 0.7110 0.2256
vn 0.7198 0.6366 0.2768
vn 0.7853 0.5984 -0.1585
vn 0.7940 0.5914 -0.1405
vn 0.6012 0.7360 -0.3113
vn 0.6677 0.7442 -0.0215
vn 0.5307 0.7963 0.2903
vn 0.5492 0.8201 0.1607
vn 0.7824 0.5020 0.3685
vn 0.7667 0.6416 -0.0232
vn 0.7329 0.6797 -0.0292
vn 0.3193 0.9457 0.0605
vn 0.3751 0.9249 0.0626
vn 0.6038 0.7911 0.0981
vn 0.0418 0.9989 0.0218
vn 0.7717 0.6316 -0.0749
vn 0.7478 0.6337 -0.1981
vn 0.5383 0.8150 -0.2145
vn 0.0932 0.9955 -0.0172
vn 0.0381 0.9985 -0.0381
vn 0.4927 0.8578 -0.1463
vn 0.0510 0.9980 0.0369
vn 0.0990 0.9950 0.0114
vn 0.5882 0.8076 0.0427
vn 0.1789 0.9706 -0.1611
vn 0.0092 0.9999 -0.0092
vn 0.1394 0.9776 -0.1574
vn 0.1004 0.9899 -0.1004
vn 0.1655 0.7294 -0.6638
vn 0.1448 0.6724 -0.7259
vn 0.0197 0.6466 -0.7626
vn 0.4122 0.6620 -0.6260
vn 0.2476 0.8753 -0.4154
vn 0.2517 0.7492 -0.6127
vn 0.3438 0.8940 -0.2872
vn 0.4553 0.7219 -0.5211
vn 0.2545 0.8752 -0.4115
vn 0.4538 0.8017 -0.3890
vn 0.3160 0.8988 -0.3038
vn 0.4084 0.8003 -0.4390
vn 0.0939 0.9911 -0.0939
vn 0.1361 0.9838 -0.1165
vn 0.4153 0.8769 -0.2418
vn 0.2652 0.9495 -0.1678
vn 0.4618 0.8277 -0.3190
vn 0.1835 0.9164 -0.3557
vn 0.0681 0.9947 -0.0764
vn 0.0668 0.9757 -0.2086
vn 0.0653 0.9957 -0.0653
vn 0.0042 1.0000 -0.0042
vn 0.3392 0.8216 -0.4582
vn 0.2033 0.9355 -0.2891
vn 0.2616 0.8648 -0.4286
vn 0.1331 0.9895 -0.0564
vn 0.0387 0.9985 -0.0387
vn 0.3098 0.9404 -0.1399
vn -0.4669 0.4011 -0.7881
vn -0.4315 0.5482 -0.7165
vn -0.4555 0.5549 -0.6962
vn -0.3686 0.4263 -0.8261
vn -0.3094 0.3787 -0.8723
vn -0.3972 0.4709 -0.7877
vn -0.3302 0.8891 -0.3168
vn -0.3797 0.7549 -0.5347
vn -0.4784 0.5980 -0.6431
vn -0.1962 0.8846 -0.4231
vn -0.0669 0.9848 -0.1601
vn -0.0472 0.9978 -0.0472
vn -0.1458 0.7855 -0.6014
vn -0.1036 0.9255 -0.3642
vn -0.0799 0.9562 -0.2817
vn -0.2459 0.5396 -0.8052
vn -0.1819 0.5857 -0.7899
vn -0.2771 0.6348 -0.7212
vn -0.0893 0.9843 -0.1525
vn -0.4002 0.7232 -0.5628
vn -0.2594 0.8819 -0.3938
vn -0.1568 0.9615 -0.2259
vn 0.3367 0.5591 -0.7577
vn 0.2906 0.3619 -0.8857
vn 0.1689 0.3668 -0.9149
vn 0.4200 0.4253 -0.8017
vn 0.3762 0.4150 -0.8284
vn 0.2647 0.3854 -0.8840
vn 0.5904 0.6470 -0.4826
vn 0.5818 0.6334 -0.5102
vn 0.4065 0.7159 -0.5677
vn 0.1348 0.7339 -0.6658
vn 0.0816 0.8901 -0.4484
vn 0.0389 0.8730 -0.4862
vn 0.1745 0.8198 -0.5454
vn 0.0932 0.9450 -0.3135
vn 0.1022 0.9160 -0.3879
vn 0.3199 0.5457 -0.7745
vn 0.2615 0.6566 -0.7075
vn 0.2330 0.5879 -0.7746
vn -0.0886 0.7453 -0.6608
vn -0.0488 0.8920 -0.4493
vn -0.0804 0.9063 -0.4149
vn 0.0052 0.6727 -0.7399
vn -0.0022 0.8722 -0.4892
vn -0.0273 0.8814 -0.4715
vn 0.0764 0.4061 -0.9106
vn 0.0314 0.4992 -0.8659
vn -0.1007 0.4846 -0.8689
vn -0.0599 0.9961 0.0645
vn -0.0059 0.9579 -0.2870
vn -0.2190 0.9641 -0.1500
vn 0.2879 0.9577 -0.0046
vn 0.3090 0.8780 -0.3656
vn 0.0729 0.9412 -0.3298
vn 0.4608 0.8119 0.3584
vn 0.2894 0.8916 0.3484
vn 0.1281 0.9633 0.2359
vn 0.1433 0.9668 -0.2115
vn 0.1281 0.8742 -0.4683
vn 0.1312 0.9197 -0.3701
vn 0.5584 0.8181 0.1375
vn 0.5006 0.6481 -0.5739
vn 0.2309 0.7818 -0.5791
vn 0.3546 0.8174 -0.4540
vn 0.4538 0.8272 -0.3313
vn 0.4007 0.8907 -0.2148
vn -0.2207 0.9695 -0.1064
vn -0.1970 0.9621 -0.1887
vn -0.2587 0.9462 -0.1944
vn -0.1559 0.9660 -0.2064
vn -0.0598 0.9598 -0.2742
vn -0.1671 0.9650 -0.2021
vn -0.1430 0.9863 -0.0826
vn -0.1384 0.9897 0.0378
vn -0.1967 0.9792 -0.0491
vn 0.7543 0.6480 -0.1056
vn 0.6896 0.7238 -0.0220
vn 0.7205 0.6640 -0.2002
vn 0.7925 0.5639 0.2321
vn 0.6929 0.6261 0.3577
vn 0.4893 0.8031 0.3401
vn 0.7476 0.4969 0.4407
vn 0.8399 0.4813 0.2509
vn 0.7759 0.6012 0.1909
vn 0.4390 0.8697 -0.2255
vn 0.4102 0.8457 -0.3415
vn 0.4709 0.8050 -0.3608
vn 0.8084 0.5480 -0.2147
vn 0.8182 0.5116 -0.2624
vn 0.6579 0.6826 -0.3182
vn 0.6392 0.5850 0.4992
vn 0.7354 0.6039 0.3075
vn 0.5336 0.6820 0.5001
vn -0.0959 0.9946 0.0389
vn -0.0347 0.9505 -0.3086
vn -0.2008 0.9671 -0.1561
vn 0.3346 0.9381 -0.0893
vn 0.3924 0.8375 -0.3803
vn 0.1154 0.9291 -0.3514
vn 0.4830 0.7926 0.3722
vn 0.2905 0.8822 0.3707
vn 0.1632 0.9519 0.2594
vn 0.1410 0.9895 0.0316
vn 0.1644 0.9861 -0.0261
vn 0.8210 0.5676 -0.0620
vn 0.8075 0.5739 -0.1363
vn 0.8846 0.4352 -0.1675
vn 0.5508 0.8340 -0.0324
vn 0.5196 0.8510 -0.0764
vn 0.7371 0.6655 -0.1173
vn 0.5336 0.8441 0.0523
vn 0.5535 0.8328 0.0127
vn 0.7599 0.6495 0.0266
vn 0.3629 0.8907 0.2738
vn 0.5073 0.8003 0.3195
vn 0.6204 0.6424 0.4498
vn 0.0444 0.9980 0.0444
vn 0.3005 0.9377 0.1745
vn 0.0132 0.9998 0.0132
vn -0.0976 0.9813 0.1656
vn -0.0346 0.9988 0.0346
vn -0.0659 0.8815 0.4676
vn -0.0980 0.9323 0.3481
vn 0.0642 0.9959 -0.0642
vn 0.0149 0.9998 -0.0149
vn -0.3667 0.8224 0.4349
vn -0.2542 0.9425 0.2168
vn -0.5107 0.7962 0.3243
vn -0.0704 0.9585 0.2764
vn -0.0430 0.9902 0.1329
vn -0.1284 0.9775 0.1674
vn -0.1007 0.6304 0.7698
vn -0.1131 0.8135 0.5704
vn -0.2616 0.7275 0.6342
vn -0.0001 1.0000 0.0001
vn -0.0654 0.9957 0.0652
vn -0.5656 0.7188 0.4042
vn -0.7017 0.6426 0.3078
vn -0.4997 0.8357 0.2277
vn -0.0814 0.9933 0.0814
vn -0.3201 0.9008 0.2934
vn -0.0669 0.9955 0.0669
vn 0.0048 1.0000 0.0048
vn 0.5029 0.7928 0.3445
vn 0.6775 0.6709 0.3013
vn 0.6127 0.7160 0.3346
vn 0.0071 1.0000 0.0071
vn 0.3617 0.9221 0.1377
vn 0.0167 0.9997 0.0167
vn 0.1861 0.9617 0.2010
vn 0.2830 0.9586 0.0310
vn 0.0408 0.9945 0.0962
vn 0.3690 0.7612 0.5333
vn 0.3131 0.9201 0.2355
vn -0.0993 0.9911 0.0882
vn 0.3090 0.8192 0.4831
vn 0.3851 0.6817 0.6221
vn 0.3670 0.7048 0.6072
vn 0.0881 0.9922 -0.0881
vn 0.0909 0.9917 -0.0909
vn 0.0053 1.0000 -0.0053
vn 0.0570 0.9967 -0.0570
vn 0.7772 0.6072 0.1652
vn 0.8149 0.5797 0.0022
vn 0.6478 0.7605 -0.0449
vn 0.8350 0.5297 0.1490
vn 0.8449 0.5260 0.0976
vn 0.9159 0.3987 0.0467
vn 0.7639 0.5526 0.3332
vn 0.8108 0.5314 0.2453
vn 0.8698 0.3868 0.3062
vn 0.7303 0.6366 -0.2480
vn 0.7148 0.6376 -0.2875
vn 0.6899 0.6669 -0.2814
vn 0.8183 0.5431 -0.1881
vn 0.7871 0.5592 -0.2605
vn 0.8650 0.4442 -0.2333
vn 0.8533 0.5214 0.0064
vn 0.8450 0.5285 -0.0817
vn 0.8796 0.4580 -0.1286
vn 0.4541 0.8474 -0.2751
vn 0.3322 0.9047 0.2668
vn 0.2495 0.9640 0.0924
vn 0.4857 0.8357 -0.2562
vn 0.6983 0.7087 -0.1009
vn 0.5611 0.7863 0.2585
vn 0.4561 0.8543 -0.2494
vn 0.4411 0.8694 -0.2228
vn 0.5719 0.7832 -0.2441
vn -0.0312 0.9793 -0.2000
vn -0.0003 0.9653 -0.2613
vn -0.0589 0.5662 -0.8222
vn -0.0110 0.8313 -0.5557
vn -0.0383 0.8399 -0.5414
vn 0.6791 0.7248 -0.1163
vn 0.6337 0.7584 -0.1524
vn 0.7751 0.5976 -0.2054
vn 0.1071 0.9940 -0.0233
vn 0.0511 0.9981 -0.0330
vn 0.3864 0.9173 -0.0965
vn 0.1554 0.9879 -0.0007
vn 0.1424 0.9897 -0.0126
vn 0.4793 0.8768 -0.0381
vn -0.2390 0.9555 -0.1730
vn -0.2647 0.9280 -0.2624
vn -0.3352 0.9040 -0.2655
vn -0.1866 0.9650 -0.1844
vn -0.1022 0.9367 -0.3349
vn -0.1590 0.9455 -0.2841
vn -0.2151 0.9766 0.0071
vn -0.2244 0.9651 -0.1352
vn -0.1983 0.9722 -0.1245
vn -0.1940 0.3569 -0.9138
vn -0.1565 0.5234 -0.8376
vn -0.2089 0.5447 -0.8122
vn -0.0217 0.3570 -0.9339
vn -0.0660 0.4435 -0.8939
vn -0.1581 0.4629 -0.8722
vn -0.0220 0.9055 -0.4239
vn 0.0063 0.7048 -0.7094
vn -0.2242 0.6361 -0.7383
vn -0.7100 0.4996 -0.4963
vn 0.2232 0.9702 -0.0940
vn 0.6193 0.7319 0.2844
vn -0.3976 0.5051 -0.7661
vn -0.2791 0.5525 -0.7854
vn -0.6885 0.5356 -0.4891
vn -0.5164 0.6402 -0.5688
vn -0.3846 0.3848 -0.8391
vn -0.4923 0.4253 -0.7594
vn 0.3105 0.9101 0.2744
vn 0.1474 0.9807 -0.1288
vn 0.5718 0.8131 -0.1092
vn 0.9257 0.3410 0.1637
vn 0.9285 0.3695 0.0380
vn 0.7510 0.6602 0.0075
vn 0.7212 0.3225 0.6130
vn 0.8644 0.2904 0.4104
vn 0.7900 0.3627 0.4943
vn 0.7805 0.6249 -0.0142
vn 0.8144 0.4545 -0.3609
vn 0.4894 0.7782 -0.3936
vn 0.8306 0.4977 -0.2499
vn 0.3266 0.6858 -0.6504
vn 0.6972 0.4629 -0.5474
vn 0.9028 0.4007 -0.1562
vn 0.8272 0.4312 -0.3604
vn 0.6292 0.6157 -0.4743
vn -0.0897 0.9487 -0.3032
vn -0.0623 0.8859 -0.4597
vn -0.1130 0.8788 -0.4636
vn 0.4175 0.9045 -0.0870
vn 0.0913 0.8768 -0.4722
vn 0.0203 0.8848 -0.4656
vn 0.7084 0.7039 -0.0527
vn 0.6293 0.7498 -0.2044
vn -0.0815 0.9397 -0.3322
vn 0.4070 0.8911 -0.2008
vn 0.3678 0.8945 0.2543
vn -0.0746 0.9964 -0.0408
vn -0.0588 0.9909 -0.1207
vn -0.2196 0.9461 -0.2379
vn 0.0889 0.9941 0.0614
vn 0.0362 0.9982 0.0484
vn 0.0262 0.9996 0.0114
vn -0.0924 0.9938 -0.0617
vn -0.0070 0.4518 -0.8921
vn 0.0364 0.8563 0.5151
vn -0.0135 0.8327 0.5536
vn 0.0368 0.4344 -0.9000
vn 0.0994 0.8881 0.4488
vn 0.0631 0.8751 0.4798
vn 0.0499 0.9952 0.0846
vn 0.3200 0.9376 0.1358
vn 0.0259 0.9972 -0.0699
vn -0.4962 0.6606 -0.5634
vn -0.0749 0.8899 0.4500
vn 0.2993 0.9541 -0.0076
vn -0.0290 0.4625 -0.8861
vn -0.0677 0.8351 0.5459
vn -0.0979 0.8629 0.4958
vn -0.1007 0.9912 -0.0863
vn -0.1096 0.9832 -0.1462
vn -0.6913 0.6953 0.1968
vn -0.0443 0.5450 0.8373
vn -0.0490 0.6600 0.7496
vn -0.1509 0.6408 0.7528
vn 0.1555 0.5341 0.8310
vn 0.1722 0.5811 0.7954
vn 0.0597 0.6412 0.7651
vn 0.0313 0.9876 0.1539
vn 0.1029 0.8257 0.5547
vn 0.0385 0.8026 0.5952
vn -0.0123 0.9877 0.1561
vn -0.0546 0.9974 0.0467
vn -0.2019 0.9786 -0.0396
vn 0.0718 0.9805 0.1827
vn 0.0508 0.9936 0.1007
vn 0.0191 0.9961 0.0866
vn 0.1335 0.8558 0.4998
vn 0.0913 0.9530 0.2889
vn 0.0308 0.9615 0.2730
vn -0.3154 0.9123 0.2613
vn -0.3990 0.9157 -0.0482
vn -0.8315 0.5533 0.0491
vn -0.2490 0.9649 0.0835
vn 0.0220 0.9834 0.1800
vn -0.0435 0.9593 0.2790
vn -0.2371 0.8363 0.4944
vn -0.2408 0.9407 0.2389
vn -0.2187 0.8912 0.3974
vn -0.4683 0.8825 0.0439
vn -0.4647 0.8830 0.0663
vn -0.5847 0.8081 0.0706
vn -0.4014 0.9139 0.0601
vn -0.3921 0.9187 0.0486
vn -0.4945 0.8663 0.0705
vn -0.3239 0.9095 0.2604
vn -0.3357 0.9324 0.1338
vn -0.4875 0.8704 0.0695
vn -0.4800 0.8698 -0.1138
vn -0.4795 0.8543 -0.2004
vn -0.7045 0.6634 -0.2522
vn -0.3694 0.9203 -0.1286
vn -0.3455 0.8915 -0.2929
vn -0.4106 0.8796 -0.2402
vn -0.3461 0.9359 -0.0650
vn -0.3499 0.9357 -0.0454
vn -0.4550 0.8873 -0.0754
vn -0.8380 0.5268 -0.1419
vn -0.8149 0.5425 -0.2040
vn -0.6785 0.7142 -0.1720
vn -0.8688 0.4585 -0.1872
vn -0.8725 0.4169 -0.2546
vn -0.8287 0.4856 -0.2783
vn -0.8561 0.5167 0.0073
vn -0.8607 0.4985 -0.1039
vn -0.9010 0.4254 -0.0852
vn -0.1576 0.9695 -0.1876
vn -0.1989 0.9684 0.1506
vn -0.2056 0.9772 0.0527
vn 0.2303 0.9428 0.2411
vn 0.0132 0.9792 0.2026
vn -0.2164 0.9570 0.1931
vn 0.4119 0.8779 0.2441
vn 0.4223 0.9054 0.0445
vn 0.1115 0.9921 -0.0582
vn -0.1959 0.9752 -0.1033
vn -0.1936 0.9806 -0.0300
vn -0.1592 0.9843 -0.0767
vn 0.0361 0.9660 -0.2558
vn 0.0353 0.9939 0.1048
vn -0.0438 0.9973 0.0594
vn -0.0094 0.9999 0.0133
vn 0.0352 0.9603 -0.2768
vn -0.2015 0.9629 -0.1796
vn -0.0803 0.9746 -0.2089
vn -0.0957 0.9243 -0.3694
vn -0.2596 0.8953 -0.3621
vn -0.1754 0.9812 -0.0810
vn -0.2288 0.9647 -0.1305
vn 0.0272 0.9727 -0.2306
vn -0.1714 0.9843 0.0412
vn -0.1442 0.9880 -0.0551
vn 0.2435 0.9692 -0.0378
vn 0.0056 0.3368 0.9415
vn 0.0471 0.4624 0.8854
vn -0.1011 0.4370 0.8938
vn 0.1755 0.3811 0.9077
vn 0.2767 0.4505 0.8488
vn 0.1653 0.4648 0.8698
vn 0.1369 0.7237 0.6764
vn 0.1387 0.5458 0.8264
vn 0.0857 0.5451 0.8340
vn 0.1912 0.9530 0.2349
vn 0.0887 0.8762 0.4737
vn -0.0149 0.9196 0.3925
vn 0.3673 0.8166 0.4453
vn 0.3626 0.8466 0.3895
vn 0.2128 0.8577 0.4681
vn 0.3641 0.7147 0.5972
vn 0.3756 0.7938 0.4784
vn 0.3023 0.7982 0.5210
vn -0.4367 0.7450 0.5042
vn -0.4163 0.8463 0.3323
vn -0.1348 0.9242 0.3574
vn -0.2999 0.9219 0.2453
vn -0.1967 0.9018 0.3849
vn -0.3730 0.8522 0.3670
vn -0.3201 0.6140 0.7215
vn -0.3439 0.8090 0.4768
vn -0.4952 0.7264 0.4765
vn -0.1377 0.9886 0.0610
vn -0.3942 0.8848 -0.2483
vn -0.0447 0.9335 -0.3557
vn -0.0344 0.9945 0.0986
vn -0.0536 0.9985 0.0131
vn -0.0787 0.9967 -0.0181
vn -0.0424 0.9716 0.2326
vn -0.0361 0.9867 0.1587
vn -0.0685 0.9822 0.1751
vn -0.0595 0.9981 0.0138
vn -0.0705 0.9973 -0.0227
vn -0.1438 0.9889 -0.0374
vn 0.1331 0.9587 0.2515
vn -0.0294 0.9984 -0.0481
vn -0.0682 0.9971 -0.0340
vn -0.3477 0.8553 -0.3841
vn -0.1237 0.9895 0.0745
vn 0.1238 0.9393 0.3201
vn -0.4734 0.8806 -0.0205
vn -0.5000 0.8618 -0.0854
vn -0.7499 0.6525 -0.1088
vn -0.2041 0.9789 -0.0074
vn -0.2193 0.9742 -0.0530
vn -0.3089 0.9490 -0.0627
vn -0.1348 0.9658 0.2214
vn -0.1735 0.9811 0.0860
vn -0.2801 0.9578 0.0640
vn 0.1971 0.9680 0.1552
vn 0.1835 0.9773 0.1057
vn 0.1243 0.9881 0.0905
vn 0.8567 0.5124 -0.0591
vn 0.8085 0.5872 -0.0401
vn 0.8250 0.5646 -0.0245
vn 0.8318 0.5328 0.1557
vn 0.8738 0.4860 0.0161
vn 0.5743 0.8159 0.0675
vn 0.1854 0.9826 -0.0142
vn 0.2013 0.8768 -0.4366
vn 0.1530 0.9137 -0.3765
vn 0.7885 0.5783 0.2093
vn 0.9037 0.4275 0.0228
vn 0.2696 0.9630 0.0067
vn 0.7295 0.6657 -0.1572
vn 0.6227 0.7581 0.1940
vn 0.8394 0.5277 0.1302
vn -0.2280 0.9721 0.0555
vn 0.1107 0.9866 0.1197
vn 0.0533 0.9986 -0.0014
vn -0.1833 0.9354 -0.3025
vn -0.1223 0.9925 0.0071
vn 0.1122 0.9683 0.2233
vn 0.0651 0.9971 0.0405
vn 0.0684 0.9972 0.0293
vn 0.0288 0.9992 0.0261
vn -0.2535 0.5911 -0.7657
vn -0.2245 0.6265 -0.7464
vn -0.3004 0.6857 -0.6630
vn -0.1823 0.6328 -0.7526
vn -0.0835 0.5814 -0.8093
vn -0.1251 0.6029 -0.7880
vn -0.3809 0.8403 -0.3856
vn -0.3048 0.8077 -0.5047
vn -0.1422 0.8378 -0.5271
vn 0.3297 0.7684 0.5485
vn 0.3294 0.8222 0.4642
vn 0.2358 0.8795 0.4134
vn 0.5054 0.8210 0.2656
vn 0.7421 0.6360 0.2117
vn 0.4116 0.7722 0.4840
vn -0.0384 0.7790 -0.6258
vn 0.1604 0.9816 0.1034
vn 0.1657 0.8994 0.4044
vn 0.0533 0.8767 0.4781
vn 0.0412 0.9488 0.3133
vn -0.0057 0.9503 0.3114
vn 0.1920 0.8293 0.5248
vn 0.1551 0.9181 0.3646
vn 0.0921 0.9393 0.3304
vn 0.1177 0.8587 0.4987
vn 0.2501 0.7320 0.6337
vn 0.1233 0.7704 0.6256
vn -0.0463 0.9943 0.0957
vn -0.1111 0.9277 0.3563
vn -0.1043 0.9528 0.2850
vn -0.0527 0.9823 0.1796
vn -0.0474 0.8991 0.4352
vn -0.0830 0.9109 0.4041
vn -0.2579 0.9558 -0.1413
vn -0.1418 0.9838 -0.1093
vn -0.0161 0.9997 -0.0160
vn -0.2226 0.7979 0.5601
vn -0.1825 0.8997 0.3966
vn -0.2756 0.8447 0.4589
vn -0.0726 0.8682 0.4908
vn -0.0545 0.9446 0.3237
vn -0.1121 0.9295 0.3513
vn -0.0695 0.7892 0.6102
vn -0.0770 0.7663 0.6378
vn -0.1454 0.7530 0.6418
vn -0.4127 0.8260 0.3839
vn -0.5446 0.7215 0.4276
vn -0.4586 0.8301 0.3173
vn -0.3600 0.7287 0.5826
vn -0.3783 0.7696 0.5145
vn -0.5045 0.7014 0.5035
vn -0.1981 0.9085 0.3680
vn -0.3012 0.8034 0.5137
vn -0.2879 0.8666 0.4075
vn -0.4731 0.6632 0.5800
vn -0.5248 0.5965 0.6073
vn -0.5079 0.6473 0.5683
vn -0.2475 0.5921 0.7669
vn -0.3938 0.5452 0.7400
vn -0.4654 0.6034 0.6476
vn -0.2084 0.8239 0.5271
vn -0.2282 0.7000 0.6766
vn -0.3153 0.7244 0.6130
vn -0.7012 0.4138 0.5806
vn -0.7217 0.5145 0.4631
vn -0.8199 0.3981 0.4114
vn -0.3682 0.7025 0.6091
vn -0.3686 0.8698 0.3280
vn -0.5675 0.7349 0.3714
vn -0.4252 0.4363 0.7930
vn -0.4516 0.5616 0.6933
vn -0.6140 0.4342 0.6591
vn -0.5561 0.7875 0.2655
vn -0.6376 0.7221 0.2684
vn -0.3882 0.9161 0.1003
vn -0.7168 0.5581 0.4180
vn -0.7375 0.5277 0.4215
vn -0.7427 0.5783 0.3376
vn -0.6159 0.6684 0.4170
vn -0.6898 0.5956 0.4117
vn -0.5682 0.7355 0.3691
vn 0.0245 0.9994 0.0245
vn 0.1402 0.9695 0.2010
vn 0.2385 0.8851 0.3997
vn -0.0796 0.9936 0.0796
vn -0.2405 0.9340 0.2640
vn -0.0380 0.9880 0.1499
vn 0.6933 0.3169 0.6473
vn 0.7627 0.2989 0.5736
vn 0.5765 0.4255 0.6975
vn -0.1512 0.9497 -0.2744
vn 0.6308 0.6885 0.3578
vn 0.7861 0.3792 0.4881
vn -0.5205 0.8109 0.2675
vn -0.6212 0.7683 0.1542
vn 0.4300 0.8087 0.4013
vn 0.4966 0.6781 0.5418
vn 0.2935 0.9455 0.1408
vn 0.3571 0.9272 0.1130
vn 0.5101 0.4262 0.7471
vn 0.3747 0.6157 0.6932
vn 0.5083 0.7867 0.3504
vn 0.4149 0.3641 0.8339
vn 0.4741 0.2552 0.8427
vn 0.3775 0.2422 0.8938
vn 0.3831 0.8102 0.4436
vn 0.5063 0.6793 0.5312
vn 0.5065 0.5974 0.6217
vn -0.7641 0.2531 -0.5934
vn -0.6761 0.3710 -0.6366
vn 0.4346 0.8035 0.4068
vn -0.8441 0.4634 -0.2697
vn -0.8398 0.4098 -0.3561
vn -0.7863 0.3143 -0.5320
vn 0.6324 0.5586 0.5367
vn 0.7178 0.5471 0.4307
vn 0.5622 0.6970 0.4451
vn 0.6679 0.6427 0.3752
vn 0.7413 0.5924 0.3156
vn 0.7218 0.5754 0.3845
vn 0.4128 0.8631 0.2910
vn 0.5673 0.7354 0.3706
vn 0.6123 0.6358 0.4698
vn 0.4924 0.7884 0.3687
vn 0.6710 0.7178 0.1858
vn 0.4536 0.8078 0.3765
vn 0.7189 0.6783 0.1524
vn 0.5615 0.7881 0.2522
vn 0.7737 0.6307 0.0593
vn 0.6028 0.4623 0.6503
vn 0.6963 0.4870 0.5272
vn 0.6049 0.6109 0.5108
vn 0.5830 0.6797 -0.4451
vn 0.5856 0.5799 -0.5663
vn 0.6213 0.6214 -0.4774
vn 0.7629 0.4792 -0.4340
vn 0.6729 0.5297 -0.5164
vn 0.6823 0.4801 -0.5513
vn 0.7928 0.5017 -0.3461
vn 0.8067 0.4826 -0.3412
vn 0.6477 0.6388 -0.4151
vn 0.4279 0.5977 -0.6780
vn 0.3464 0.7412 -0.5750
vn 0.3367 0.6481 -0.6831
vn 0.3904 0.8079 -0.4415
vn 0.2257 0.9341 -0.2765
vn 0.3090 0.8405 -0.4451
vn 0.6184 0.5854 -0.5243
vn 0.5268 0.6676 -0.5262
vn 0.5297 0.5869 -0.6124
vn 0.2358 0.3627 -0.9016
vn 0.2236 0.4997 -0.8369
vn 0.1365 0.4682 -0.8730
vn 0.4030 0.4700 -0.7853
vn 0.3104 0.5698 -0.7609
vn 0.2645 0.5269 -0.8077
vn 0.5546 0.6114 -0.5644
vn 0.3819 0.4090 -0.8287
vn 0.4072 0.4547 -0.7921
vn 0.1324 0.9548 0.2661
vn 0.2791 0.8269 0.4882
vn 0.3048 0.7425 0.5965
vn 0.0021 1.0000 0.0021
vn 0.1183 0.9779 0.1725
vn 0.2488 0.9023 0.3521
vn 0.5711 0.4361 0.6955
vn 0.6422 0.4509 0.6199
vn 0.5585 0.5956 0.5774
vn 0.5667 0.6160 0.5472
vn 0.6480 0.5548 0.5218
vn 0.6701 0.4558 0.5858
vn 0.3126 0.8794 0.3591
vn 0.4573 0.7615 0.4593
vn 0.4919 0.6353 0.5954
vn 0.2871 0.6787 0.6760
vn 0.3235 0.8223 0.4681
vn 0.0285 0.8588 0.5115
vn 0.4840 0.4918 0.7237
vn 0.4958 0.7239 0.4797
vn 0.4251 0.7887 0.4441
vn 0.3687 0.5288 0.7645
vn 0.3869 0.3928 0.8343
vn 0.3013 0.3792 0.8749
vn -0.4069 0.9089 -0.0911
vn -0.3799 0.8574 -0.3471
vn -0.4067 0.8658 -0.2915
vn -0.1228 0.9721 -0.2000
vn -0.1464 0.9493 -0.2783
vn -0.2452 0.9125 -0.3275
vn -0.1113 0.9773 0.1805
vn -0.1194 0.9928 -0.0076
vn -0.3487 0.9367 0.0326
vn -0.4476 0.8721 -0.1978
vn -0.4776 0.8316 -0.2835
vn -0.5887 0.7183 -0.3707
vn -0.3327 0.9315 -0.1473
vn -0.3302 0.9226 -0.1994
vn -0.4148 0.8808 -0.2285
vn -0.2218 0.9558 -0.1928
vn -0.3051 0.9511 -0.0481
vn -0.3421 0.9347 -0.0962
vn -0.7884 0.4303 -0.4395
vn -0.7145 0.5086 -0.4804
vn -0.7280 0.5694 -0.3817
vn -0.6052 0.6812 -0.4120
vn -0.7125 0.5103 -0.4816
vn -0.7493 0.4337 -0.5004
vn -0.2840 0.9200 -0.2702
vn -0.3967 0.8271 -0.3981
vn -0.6981 0.5703 -0.4329
vn 0.9169 0.3724 -0.1438
vn 0.8927 0.4080 -0.1911
vn 0.8378 0.4629 -0.2895
vn 0.7987 0.5997 -0.0494
vn 0.7812 0.6148 -0.1081
vn 0.8066 0.5760 -0.1326
vn 0.7863 0.6136 0.0719
vn 0.7996 0.6003 0.0179
vn 0.8445 0.5323 0.0592
vn 0.7332 0.5648 -0.3787
vn 0.7146 0.5709 -0.4043
vn 0.7095 0.5140 -0.4820
vn 0.6278 0.7358 -0.2538
vn 0.5412 0.8015 -0.2543
vn 0.6644 0.6534 -0.3627
vn 0.7465 0.6422 -0.1743
vn 0.6941 0.6849 -0.2215
vn 0.7875 0.5679 -0.2394
vn 0.5746 0.6875 -0.4440
vn 0.5629 0.6690 -0.4854
vn 0.5982 0.6034 -0.5273
vn 0.7111 0.5547 -0.4319
vn 0.7327 0.4710 -0.4912
vn 0.5908 0.6377 -0.4943
vn 0.6847 0.6056 -0.4055
vn 0.6539 0.5927 -0.4702
vn 0.5727 0.6622 -0.4833
vn -0.1912 0.9808 -0.0373
vn -0.1860 0.9708 -0.1517
vn -0.4247 0.8859 -0.1866
vn -0.0202 0.9998 0.0003
vn -0.0796 0.9967 0.0166
vn -0.0877 0.9954 -0.0385
vn -0.0190 0.9983 0.0544
vn 0.0506 0.9966 -0.0653
vn -0.0749 0.9971 0.0095
vn -0.4537 0.6033 -0.6559
vn -0.1547 0.9746 -0.1622
vn 0.3763 0.8342 0.4032
vn -0.1177 0.7499 -0.6509
vn -0.1028 0.6592 -0.7449
vn -0.2076 0.7301 -0.6510
vn -0.0294 0.9832 -0.1801
vn -0.0726 0.9449 -0.3192
vn -0.2048 0.9117 -0.3562
vn 0.3833 0.6788 0.6264
vn 0.4477 0.5610 0.6964
vn 0.4575 0.5009 0.7347
vn 0.3137 0.8515 0.4201
vn 0.4236 0.7477 0.5114
vn 0.4726 0.6332 0.6130
vn -0.7067 0.5918 -0.3878
vn -0.4066 0.8506 -0.3335
vn 0.2478 0.8832 0.3983
vn -0.0367 0.9986 -0.0367
vn -0.2513 0.9655 -0.0677
vn -0.1341 0.9891 -0.0613
vn 0.7265 0.4388 -0.5288
vn 0.5832 0.6049 -0.5423
vn 0.6331 0.4135 -0.6544
vn 0.2779 0.9466 -0.1634
vn 0.0355 0.9986 0.0402
vn 0.3427 0.8981 -0.2758
vn 0.6469 0.7343 -0.2057
vn 0.4794 0.8487 -0.2235
vn 0.7733 0.5098 -0.3770
vn -0.6934 0.4057 0.5955
vn -0.8218 0.4044 0.4013
vn -0.7753 0.5016 0.3837
vn -0.1176 0.7038 0.7006
vn -0.2057 0.8249 0.5265
vn -0.4216 0.8092 0.4092
vn -0.2358 0.7002 0.6739
vn -0.2131 0.4130 0.8854
vn -0.4598 0.4463 0.7678
vn 0.0693 0.8710 -0.4863
vn 0.0209 0.9976 -0.0656
vn 0.0093 0.9954 -0.0956
vn 0.0111 0.9933 -0.1154
vn -0.2995 0.9426 0.1477
vn 0.0138 0.9998 -0.0145
vn 0.4937 0.4077 -0.7682
vn 0.3485 0.7305 -0.5873
vn 0.3266 0.5437 -0.7732
vn -0.6821 0.4721 -0.5584
vn -0.6416 0.4112 -0.6475
vn -0.6523 0.4721 -0.5929
vn -0.3253 0.8361 -0.4417
vn -0.4813 0.6686 -0.5668
vn -0.4885 0.5081 -0.7093
vn -0.2792 0.8683 -0.4100
vn -0.2446 0.9112 -0.3315
vn -0.2682 0.8889 -0.3713
vn -0.4486 0.6576 -0.6052
vn -0.3236 0.8087 -0.4912
vn 0.1153 0.9930 0.0258
vn -0.4078 0.5508 -0.7282
vn -0.3617 0.6119 -0.7034
vn -0.3685 0.7044 -0.6066
vn -0.5229 0.4546 -0.7210
vn -0.4700 0.4466 -0.7613
vn -0.5173 0.5231 -0.6773
vn 0.1655 0.7659 0.6213
vn 0.2363 0.4043 0.8836
vn 0.1202 0.3609 0.9248
vn -0.2243 0.9416 -0.2510
vn 0.3037 0.6797 0.6677
vn 0.3526 0.4768 0.8052
vn -0.5842 0.6423 -0.4961
vn -0.4608 0.7738 -0.4346
vn -0.3268 0.9029 -0.2794
vn -0.1360 0.9739 -0.1817
vn -0.1615 0.9506 -0.2650
vn -0.2518 0.9157 -0.3131
vn -0.0403 0.9881 -0.1487
vn -0.0502 0.9720 -0.2295
vn -0.0998 0.9648 -0.2432
vn -0.0334 0.9988 -0.0353
vn -0.0373 0.9939 -0.1040
vn -0.0705 0.9919 -0.1056
vn -0.3110 0.4195 -0.8528
vn -0.2805 0.4936 -0.8232
vn -0.3326 0.6073 -0.7215
vn -0.1144 0.5425 -0.8322
vn -0.1056 0.4088 -0.9065
vn -0.1971 0.4303 -0.8809
vn -0.0632 0.9412 -0.3318
vn -0.0897 0.8257 -0.5569
vn -0.1833 0.7735 -0.6067
vn -0.3646 0.8333 -0.4156
vn -0.1601 0.9618 -0.2220
vn -0.0546 0.9970 -0.0546
vn -0.4622 0.4891 -0.7397
vn -0.3288 0.7485 -0.5758
vn -0.2830 0.8661 -0.4120
vn -0.5012 0.6204 -0.6032
vn -0.5168 0.4300 -0.7403
vn -0.5752 0.4580 -0.6778
vn 0.7147 0.4815 -0.5073
vn 0.6350 0.5447 -0.5478
vn 0.7035 0.4098 -0.5806
vn 0.6668 0.6335 -0.3924
vn 0.5660 0.7257 -0.3912
vn 0.6455 0.5945 -0.4794
vn 0.7756 0.5640 -0.2835
vn 0.7437 0.5758 -0.3396
vn 0.7321 0.5266 -0.4321
vn 0.2689 0.8978 -0.3489
vn -0.4496 0.3265 0.8314
vn -0.3731 0.8994 0.2279
vn -0.4721 0.3244 0.8197
vn -0.2829 0.4342 0.8553
vn -0.5775 0.2680 0.7711
vn 0.4231 0.8508 -0.3118
vn -0.5962 0.5669 0.5685
vn 0.4214 0.8115 -0.4047
vn 0.4314 0.4783 -0.7650
vn 0.3378 0.5523 -0.7621
vn 0.2147 0.4930 -0.8431
vn 0.4566 0.5904 -0.6655
vn 0.3489 0.7553 -0.5547
vn 0.3669 0.6511 -0.6644
vn 0.5784 0.4117 -0.7043
vn 0.5365 0.5184 -0.6659
vn 0.5330 0.4346 -0.7260
vn 0.0820 0.9933 0.0820
vn 0.2735 0.9175 0.2888
vn -0.1175 0.9823 0.1462
vn -0.0146 0.9998 0.0146
vn 0.1149 0.9760 -0.1849
vn -0.4932 0.8168 0.2993
vn 0.9941 0.0960 0.0514
vn -0.5896 0.6075 0.5323
vn -0.6626 0.5288 0.5303
vn -0.6359 0.6256 0.4520
vn -0.3193 0.8792 0.3535
vn -0.4665 0.7504 0.4682
vn -0.3272 0.8987 0.2921
vn 0.2224 0.9436 0.2452
vn 0.1854 0.9708 0.1521
vn 0.1089 0.9862 0.1246
vn 0.6299 0.6362 0.4455
vn 0.5604 0.7952 0.2315
vn 0.2949 0.9359 0.1925
vn 0.5920 0.4991 0.6328
vn 0.6638 0.4703 0.5815
vn 0.5030 0.6723 0.5432
vn -0.2011 0.9706 0.1320
vn -0.4006 0.8932 0.2043
vn -0.0779 0.9958 0.0487
vn -0.0491 0.9976 0.0491
vn 0.4056 0.6132 0.6779
vn 0.3050 0.8551 0.4192
vn 0.1764 0.9276 0.3294
vn 0.2842 0.9310 0.2292
vn 0.5597 0.7771 0.2879
vn 0.6883 0.5113 0.5146
vn 0.5481 0.4550 -0.7018
vn 0.4567 0.3614 -0.8129
vn 0.3858 0.3664 -0.8467
vn 0.5821 0.5875 -0.5621
vn 0.4909 0.6902 -0.5316
vn 0.5187 0.5822 -0.6260
vn 0.7634 0.5339 -0.3635
vn 0.7816 0.4606 -0.4206
vn 0.7340 0.5868 -0.3419
vn -0.6668 0.4745 -0.5747
vn -0.5436 0.6364 -0.5472
vn -0.4105 0.8357 -0.3647
vn -0.2156 0.8814 -0.4203
vn -0.2973 0.6746 -0.6756
vn -0.4192 0.5345 -0.7339
vn -0.0895 0.9937 -0.0679
vn -0.1153 0.9864 -0.1175
vn -0.1778 0.9745 -0.1368
vn 0.0659 0.9815 -0.1797
vn 0.1536 0.9578 -0.2428
vn 0.2790 0.7773 -0.5639
vn -0.5784 0.4760 -0.6625
vn -0.5289 0.5669 -0.6316
vn -0.5293 0.6461 -0.5499
vn -0.5355 0.7979 -0.2768
vn -0.6303 0.6449 -0.4323
vn -0.7850 0.4307 -0.4452
vn 0.2579 0.3499 -0.9006
vn 0.1952 0.4201 -0.8862
vn -0.0009 0.3919 -0.9200
vn 0.2529 0.9250 -0.2835
vn -0.4371 0.7406 0.5103
vn 0.0824 0.9779 -0.1919
vn 0.7951 0.5310 -0.2931
vn 0.8019 0.4371 -0.4072
vn 0.6527 0.6467 -0.3946
vn 0.1168 0.9530 0.2795
vn 0.2679 0.8128 0.5173
vn 0.2769 0.7464 0.6051
vn -0.2495 0.9346 -0.2537
vn -0.4365 0.7565 -0.4869
vn -0.5569 0.5869 -0.5877
vn -0.2068 0.9732 0.1009
vn -0.1869 0.9820 0.0256
vn -0.3602 0.9320 0.0399
vn 0.3637 0.8573 -0.3644
vn 0.4660 0.7709 -0.4343
vn 0.3467 0.8524 -0.3916
vn 0.8512 0.4724 -0.2286
vn 0.7874 0.5302 -0.3144
vn 0.8272 0.4435 -0.3450
vn 0.8575 0.4461 0.2563
vn 0.9095 0.3912 0.1406
vn 0.7230 0.5746 0.3834
vn -0.8779 0.4154 -0.2383
vn -0.8599 0.3968 -0.3211
vn -0.7965 0.4992 -0.3410
vn -0.3972 0.8794 -0.2623
vn -0.4242 0.8972 -0.1229
vn -0.4220 0.8850 -0.1964
vn -0.3777 0.9243 0.0540
vn -0.3874 0.9210 0.0402
vn -0.4588 0.8883 0.0207
vn 0.0702 0.4557 0.8873
vn 0.1154 0.3761 0.9194
vn 0.0963 0.3974 0.9126
vn 0.4178 0.6759 0.6071
vn 0.4894 0.5464 0.6797
vn 0.4946 0.4533 0.7415
vn 0.0214 0.9995 0.0214
vn 0.0638 0.9923 0.1063
vn 0.3017 0.8282 -0.4723
vn 0.3159 0.5664 -0.7612
vn 0.1956 0.6742 -0.7122
vn 0.5873 0.4762 -0.6544
vn 0.5308 0.5117 -0.6755
vn 0.5023 0.4153 -0.7585
vn 0.4894 0.7736 -0.4024
vn 0.5811 0.6899 -0.4317
vn 0.5838 0.7909 -0.1834
vn 0.5003 0.5451 0.6728
vn 0.4819 0.7292 0.4858
vn 0.4155 0.7902 0.4505
vn 0.6116 0.6273 0.4822
vn 0.6116 0.6045 0.5104
vn 0.7090 0.4896 0.5075
vn -0.8341 0.4082 -0.3709
vn -0.6011 0.5591 -0.5711
vn 0.2881 0.8507 0.4396
vn 0.3270 0.1417 0.9344
vn 0.5310 0.2565 0.8076
vn 0.2418 0.3291 0.9128
vn 0.3719 0.8044 0.4633
vn 0.5843 0.5099 0.6313
vn 0.5702 0.3192 0.7570
vn 0.2929 0.8940 -0.3391
vn -0.4226 0.8721 0.2469
vn 0.1094 0.9932 0.0405
vn -0.5582 0.5779 0.5953
vn -0.6471 0.4693 0.6008
vn -0.6677 0.5612 0.4892
vn 0.2748 0.4547 -0.8472
vn -0.2971 0.8354 0.4624
vn 0.6210 0.4675 -0.6291
vn -0.1380 0.9853 0.1007
vn -0.2798 0.9148 0.2913
vn -0.1630 0.9787 0.1252
vn -0.1762 0.8280 0.5324
vn -0.2131 0.7456 0.6314
vn -0.2740 0.7589 0.5907
vn -0.0022 1.0000 -0.0007
vn -0.0036 1.0000 -0.0007
vn -0.0036 1.0000 -0.0021
vn 0.0854 0.7805 0.6193
vn 0.0574 0.7756 0.6286
vn -0.0101 0.7750 0.6318
vn -0.1532 0.8441 -0.5138
vn 0.1162 0.7721 0.6248
vn 0.2436 0.7091 0.6617
vn -0.2285 0.8927 -0.3884
vn -0.2651 0.7789 -0.5684
vn -0.3695 0.6669 -0.6471
vn -0.0050 0.9999 0.0117
vn -0.3647 0.8763 -0.3148
vn -0.0057 0.8476 -0.5306
vn 0.1723 0.9831 0.0619
vn 0.1681 0.9856 0.0195
vn 0.1084 0.9939 0.0203
vn 0.2772 0.9015 0.3324
vn 0.2250 0.9483 0.2240
vn 0.1549 0.9687 0.1939
vn -0.4471 0.8786 0.1677
vn -0.4640 0.8837 0.0613
vn -0.7143 0.6965 0.0687
vn -0.2389 0.9651 0.1070
vn 0.0212 0.9866 0.1617
vn -0.1213 0.9877 0.0990
vn -0.1450 0.9530 0.2662
vn -0.1150 0.9721 0.2047
vn -0.1709 0.9570 0.2343
vn -0.4350 0.5373 0.7226
vn -0.5030 0.6999 0.5071
vn -0.2020 0.7236 0.6600
vn 0.1728 0.7511 0.6371
vn 0.2399 0.8244 0.5126
vn 0.0390 0.8733 0.4856
vn 0.0707 0.6788 0.7309
vn 0.0218 0.5699 0.8214
vn -0.0573 0.6042 0.7947
vn 0.0016 0.9778 0.2094
vn -0.1162 0.9919 -0.0520
vn -0.3709 0.9278 -0.0389
vn -0.2432 0.9697 -0.0226
vn -0.2121 0.9706 -0.1142
vn -0.1942 0.9772 -0.0853
vn -0.0400 0.9934 0.1079
vn -0.1483 0.9725 -0.1794
vn -0.1368 0.9624 -0.2345
vn -0.8591 0.5081 0.0614
vn -0.8506 0.5224 -0.0601
vn -0.7571 0.6517 -0.0466
vn -0.4661 0.8844 0.0242
vn -0.4709 0.8775 -0.0905
vn -0.5891 0.8013 -0.1048
vn -0.6102 0.6645 0.4315
vn -0.5251 0.8398 0.1379
vn -0.7993 0.5273 0.2881
vn -0.4603 0.6883 0.5606
vn -0.3680 0.7406 0.5622
vn -0.6538 0.6973 0.2938
vn -0.0347 0.8954 0.4438
vn -0.0153 0.9608 0.2770
vn -0.0916 0.9547 0.2833
vn -0.0100 0.9803 0.1972
vn -0.0317 0.8081 0.5882
vn -0.0934 0.8386 0.5367
vn -0.4733 0.8522 0.2232
vn -0.7435 0.6575 0.1223
vn 0.6316 0.6842 -0.3647
vn 0.0429 0.9989 -0.0204
vn -0.0282 0.9915 -0.1272
vn -0.0984 0.9841 -0.1481
vn -0.1888 0.9763 -0.1059
vn -0.0561 0.9889 0.1377
vn 0.1688 0.9642 0.2044
vn -0.1388 0.9280 -0.3457
vn -0.1214 0.9415 -0.3144
vn -0.1535 0.9341 -0.3223
vn 0.1041 0.9211 -0.3751
vn 0.3247 0.8850 -0.3337
vn 0.7217 0.6832 -0.1113
vn 0.6456 0.3177 0.6945
vn 0.5434 0.7187 0.4339
vn 0.6590 0.6940 0.2899
vn -0.6531 0.3083 -0.6917
vn -0.8393 0.3141 -0.4437
vn -0.2693 0.8576 -0.4382
vn -0.2697 0.8570 -0.4390
vn -0.2741 0.5426 -0.7940
vn -0.3508 0.4345 -0.8295
vn -0.2140 0.9733 -0.0829
vn -0.2295 0.9695 -0.0858
vn -0.3026 0.9495 -0.0828
vn 0.7121 0.7021 0.0050
vn 0.7067 0.7051 -0.0581
vn 0.8248 0.5617 -0.0641
vn -0.0920 0.6311 -0.7702
vn -0.0747 0.8516 -0.5189
vn -0.1212 0.8772 -0.4646
vn 0.3899 0.9146 -0.1073
vn 0.4450 0.8400 -0.3103
vn 0.1628 0.9317 -0.3246
vn 0.7900 0.5953 -0.1469
vn 0.7637 0.6056 -0.2235
vn 0.6556 0.7200 -0.2275
vn 0.6203 0.4991 0.6051
vn 0.6195 0.5401 0.5696
vn 0.3037 0.6671 0.6803
vn 0.4527 0.8377 -0.3054
vn 0.2753 0.9368 -0.2161
vn 0.4478 0.8063 -0.3864
vn 0.0339 0.9988 -0.0339
vn 0.1403 0.6372 0.7578
vn 0.1637 0.7924 0.5877
vn 0.0193 0.8346 0.5506
vn 0.0375 0.9986 0.0375
vn 0.2371 0.9512 0.1974
vn 0.4508 0.7493 0.4851
vn -0.3099 0.7718 0.5553
vn -0.3867 0.6522 0.6520
vn -0.4695 0.7016 0.5360
vn 0.2222 0.8928 -0.3919
vn 0.0772 0.9913 -0.1068
vn 0.0904 0.9609 -0.2617
vn 0.0335 0.9989 0.0335
vn 0.1775 0.9744 0.1377
vn 0.3461 0.8810 0.3226
vn 0.8122 0.5561 0.1762
vn 0.8352 0.5498 0.0072
vn 0.9175 0.3922 0.0660
vn 0.2109 0.9775 0.0032
vn 0.0144 0.9998 0.0144
vn -0.1314 0.9907 -0.0345
vn -0.1756 0.9629 0.2051
vn -0.1319 0.9722 0.1937
vn 0.4279 0.5931 0.6820
vn 0.4831 0.7196 0.4987
vn 0.4463 0.7984 0.4042
vn 0.6534 0.6248 0.4275
vn 0.6843 0.7065 0.1804
vn 0.5272 0.7954 0.2990
vn -0.2362 0.9713 -0.0265
vn -0.2337 0.9684 -0.0870
vn -0.2285 0.9720 -0.0547
vn -0.0028 0.9642 -0.2653
vn 0.1067 0.9940 -0.0226
vn 0.0402 0.9945 0.0971
vn -0.1444 0.9863 0.0793
vn -0.1223 0.9785 0.1663
vn -0.1442 0.9753 0.1672
vn -0.2126 0.4157 -0.8843
vn -0.1544 0.5056 -0.8488
vn -0.1137 0.5543 -0.8245
vn 0.2623 0.4773 -0.8387
vn 0.1740 0.5410 -0.8228
vn 0.1157 0.5141 -0.8499
vn 0.2178 0.8464 -0.4860
vn 0.2299 0.8085 -0.5417
vn 0.2399 0.8206 -0.5187
vn -0.2193 0.9437 -0.2476
vn -0.0677 0.9954 -0.0677
vn -0.3504 0.5537 -0.7554
vn -0.2922 0.7090 -0.6418
vn -0.2869 0.7921 -0.5387
vn -0.5655 0.7103 -0.4191
vn -0.5527 0.4434 -0.7056
vn -0.5873 0.4008 -0.7031
vn 0.3278 0.9426 -0.0635
vn 0.2410 0.9690 -0.0554
vn 0.5184 0.8418 -0.1508
vn 0.3758 0.6432 -0.6671
vn 0.2784 0.7928 -0.5421
vn 0.2755 0.7274 -0.6285
vn 0.1264 0.9822 -0.1391
vn 0.0035 1.0000 -0.0035
vn 0.1067 0.9878 -0.1135
vn 0.6580 0.6069 -0.4459
vn 0.5627 0.6997 -0.4402
vn 0.6174 0.5898 -0.5205
vn 0.0759 0.9823 -0.1711
vn 0.1128 0.9377 -0.3286
vn 0.0146 0.9526 -0.3040
vn 0.6470 0.6897 -0.3252
vn 0.4529 0.8279 -0.3308
vn 0.5746 0.6580 -0.4866
vn 0.7571 0.6305 0.1710
vn 0.7728 0.6327 0.0489
vn 0.4661 0.8835 0.0456
vn 0.1211 0.9910 0.0570
vn 0.2300 0.9716 0.0554
vn 0.4966 0.8545 0.1525
vn 0.5522 0.7870 0.2753
vn 0.6046 0.7724 0.1945
vn 0.5625 0.7889 0.2476
vn 0.7520 0.5873 0.2994
vn 0.7779 0.5622 0.2808
vn 0.8590 0.4851 0.1637
vn 0.4086 0.8433 0.3492
vn 0.5256 0.7310 0.4351
vn 0.5896 0.6035 0.5368
vn -0.1428 0.9803 -0.1365
vn -0.0179 0.9997 -0.0179
vn -0.2719 0.3276 -0.9049
vn -0.2854 0.5073 -0.8131
vn -0.3609 0.6730 -0.6456
vn -0.3919 0.9199 -0.0143
vn 0.0413 0.9982 -0.0439
vn -0.3291 0.9436 0.0360
vn 0.0260 0.4875 0.8727
vn 0.0875 0.4076 0.9089
vn -0.3400 0.3870 0.8571
vn -0.4898 0.8649 -0.1095
vn -0.3097 0.9508 -0.0052
vn 0.6772 0.5149 0.5256
vn -0.5754 0.8165 0.0466
vn -0.5895 0.8077 0.0057
vn -0.3110 0.9504 0.0018
vn -0.0891 0.9291 -0.3589
vn -0.1404 0.8674 -0.4773
vn -0.2908 0.8757 -0.3855
vn 0.7822 0.4635 -0.4164
vn 0.6659 0.4953 -0.5578
vn 0.6676 0.4365 -0.6031
vn 0.7950 0.3630 0.4860
vn 0.7037 0.7012 0.1148
vn 0.4735 0.8777 0.0736
vn -0.8641 0.3640 -0.3476
vn -0.7288 0.3833 -0.5674
vn -0.5066 0.7709 -0.3860
vn -0.8117 0.5371 0.2296
vn -0.7668 0.6341 0.0997
vn -0.9209 0.3841 0.0666
vn -0.4157 0.7053 -0.5743
vn -0.3341 0.4111 -0.8482
vn -0.3858 0.3992 -0.8318
vn -0.0339 0.8813 -0.4714
vn -0.0512 0.5277 -0.8479
vn -0.1002 0.5245 -0.8455
vn -0.1894 0.9680 -0.1648
vn -0.1513 0.9656 -0.2113
vn -0.1682 0.9734 -0.1555
vn 0.0015 1.0000 0.0015
vn 0.0091 0.9999 0.0060
vn 0.3179 0.9474 0.0374
vn -0.3135 0.9425 0.1160
vn -0.4063 0.9041 0.1322
vn -0.1072 0.9932 0.0444
vn 0.1033 0.5788 -0.8089
vn 0.0588 0.7877 -0.6132
vn -0.0063 0.7708 -0.6370
vn 0.3462 0.9283 0.1355
vn 0.3577 0.9269 0.1136
vn 0.3571 0.9223 0.1478
vn 0.7763 0.5745 0.2595
vn 0.7270 0.6753 0.1242
vn 0.4613 0.8819 0.0971
vn 0.3068 0.9210 0.2400
vn 0.6351 0.5217 0.5696
vn 0.6525 0.4127 0.6356
vn 0.0465 0.9450 -0.3238
vn 0.0653 0.8400 -0.5386
vn -0.0109 0.8453 -0.5341
vn 0.4178 0.7340 -0.5354
vn 0.5662 0.5913 -0.5742
vn 0.2599 0.7473 -0.6115
vn 0.2371 0.9694 0.0631
vn 0.2777 0.9598 -0.0412
vn 0.1750 0.9810 -0.0833
vn -0.9126 0.3630 0.1880
vn -0.9289 0.3590 0.0908
vn -0.7917 0.6017 0.1055
vn -0.5097 0.6491 0.5648
vn -0.5850 0.7926 0.1721
vn -0.6412 0.7623 0.0880
vn -0.2450 0.4087 0.8792
vn -0.1271 0.7232 0.6788
vn -0.3125 0.4955 0.8104
vn -0.1870 0.7870 -0.5879
vn -0.0631 0.9572 -0.2825
vn -0.0662 0.9866 -0.1493
vn -0.1432 0.6871 0.7123
vn -0.0811 0.5518 0.8300
vn -0.3373 0.4328 0.8360
vn 0.1131 0.7696 0.6284
vn 0.1356 0.6127 0.7786
vn 0.1146 0.5844 0.8034
vn -0.4080 0.8592 0.3088
vn -0.3205 0.9472 -0.0018
vn -0.0009 0.9663 0.2574
vn 0.1918 0.8985 0.3948
vn 0.2001 0.9410 0.2728
vn -0.1457 0.9747 0.1693
vn 0.2154 0.4882 0.8457
vn 0.2685 0.7325 0.6256
vn -0.0819 0.7387 0.6690
vn -0.7884 0.4449 0.4248
vn -0.8599 0.4083 0.3063
vn -0.8014 0.5083 0.3153
vn -0.4519 0.8635 0.2242
vn -0.4273 0.8926 0.1440
vn -0.4215 0.8948 0.1470
vn -0.5656 0.2692 0.7795
vn -0.5316 0.4455 0.7204
vn -0.5946 0.3792 0.7090
vn -0.4443 0.6327 0.6343
vn -0.5203 0.5399 0.6617
vn -0.5261 0.6122 0.5903
vn -0.1646 0.4668 0.8689
vn -0.1271 0.4970 0.8584
vn -0.2501 0.4300 0.8675
vn -0.0251 0.9985 0.0479
vn -0.0747 0.9110 0.4056
vn -0.0762 0.9396 0.3337
vn -0.4785 0.8735 0.0901
vn -0.4785 0.8775 0.0325
vn -0.5032 0.8640 0.0172
vn 0.1401 0.9824 0.1237
vn 0.1992 0.9776 0.0672
vn -0.1103 0.9899 0.0888
vn -0.1723 0.8866 0.4292
vn -0.2427 0.9312 0.2720
vn -0.1629 0.9358 0.3127
vn 0.0620 0.9800 -0.1890
vn 0.0395 0.9596 -0.2785
vn 0.1255 0.9921 0.0053
vn -0.8456 0.5252 0.0950
vn -0.8505 0.5256 0.0209
vn -0.7625 0.6467 0.0186
vn -0.6300 0.6979 0.3406
vn -0.7355 0.5993 0.3162
vn -0.4314 0.9000 0.0620
vn -0.2294 0.9412 0.2479
vn -0.4879 0.7409 0.4616
vn -0.2436 0.9487 0.2016
vn -0.3206 0.1035 0.9415
vn -0.4408 0.2384 0.8654
vn -0.5712 0.1583 0.8054
vn -0.0256 0.9979 0.0595
vn -0.0168 0.9997 0.0168
vn -0.7649 0.6324 -0.1221
vn -0.7585 0.5985 -0.2579
vn -0.8799 0.4272 -0.2081
vn -0.2028 0.9141 -0.3512
vn -0.2575 0.9176 -0.3027
vn -0.2707 0.9225 -0.2751
vn 0.2593 0.7075 0.6574
vn 0.2156 0.8967 0.3867
vn -0.4036 0.9126 0.0648
vn -0.0074 0.9997 0.0222
vn -0.0222 0.9995 0.0222
vn -0.0222 0.9997 0.0074
vn -0.1230 0.9924 -0.0053
vn -0.0809 0.9966 -0.0152
vn 0.0007 0.9999 0.0141
vn -0.0123 0.9998 0.0123
vn -0.8982 0.2211 0.3800
vn -0.9293 0.2884 0.2309
vn -0.9236 0.3129 0.2215
vn 0.1605 0.9831 0.0877
vn 0.1358 0.9902 0.0315
vn 0.0710 0.9973 0.0177
vn -0.6170 0.5937 0.5166
vn -0.5339 0.7917 0.2969
vn -0.7126 0.5453 0.4414
vn -0.0119 0.9999 0.0119
vn 0.2360 0.7409 -0.6288
vn -0.4692 0.5574 0.6849
vn -0.1720 0.9677 -0.1841
vn 0.0151 0.6718 0.7405
vn 0.0425 0.7809 0.6232
vn -0.0358 0.7886 0.6139
vn 0.5678 0.8041 -0.1759
vn 0.4708 0.8614 -0.1909
vn 0.6411 0.7113 -0.2881
vn -0.0245 0.9994 -0.0245
vn 0.0989 0.6258 -0.7737
vn -0.3532 0.9132 0.2030
vn -0.1758 0.8873 -0.4265
vn 0.0264 0.9990 -0.0365
vn 0.0221 0.9963 -0.0826
vn 0.0086 0.9957 -0.0921
vn 0.3094 0.4334 0.8464
vn 0.3968 0.7245 0.5636
vn 0.3517 0.7638 0.5413
vn -0.2168 0.6359 -0.7407
vn -0.1362 0.8316 -0.5384
vn -0.1599 0.8837 -0.4398
vn -0.2202 0.9084 -0.3554
vn -0.3173 0.9289 -0.1910
vn -0.3217 0.9073 -0.2708
vn 0.3348 0.9296 0.1542
vn 0.3798 0.9151 0.1355
vn 0.2564 0.9533 0.1594
vn 0.1092 0.9925 -0.0543
vn -0.8704 0.4155 -0.2642
vn -0.7854 0.4825 -0.3877
vn -0.5211 0.8167 -0.2477
vn 0.5366 0.4500 0.7138
vn 0.5790 0.3984 0.7114
vn 0.5399 0.4634 0.7027
vn 0.0596 0.9455 -0.3202
vn 0.0343 0.9988 0.0343
vn 0.0516 0.9943 0.0938
vn -0.1909 0.9773 0.0921
vn 0.1680 0.9858 0.0030
vn 0.5218 0.6246 -0.5810
vn 0.5611 0.4830 -0.6722
vn 0.6452 0.5583 -0.5216
vn 0.0434 0.9981 -0.0434
vn 0.4039 0.9143 0.0323
vn 0.4143 0.9101 0.0017
vn 0.6429 0.7660 0.0041
vn -0.6916 0.5560 -0.4610
vn -0.6303 0.5991 -0.4938
vn -0.5356 0.7421 -0.4030
vn -0.1615 0.9325 -0.3232
vn -0.1962 0.8814 -0.4297
vn -0.2686 0.8337 -0.4825
vn -0.1192 0.9821 0.1459
vn -0.0994 0.9939 0.0476
vn 0.2105 0.9775 0.0104
vn 0.2789 0.9276 0.2485
vn 0.2144 0.8756 0.4328
vn 0.0159 0.9417 0.3361
vn 0.6121 0.7201 0.3268
vn 0.6883 0.6617 0.2973
vn 0.7285 0.6001 0.3304
vn 0.1624 0.6142 -0.7723
vn 0.0878 0.8339 -0.5449
vn 0.0182 0.8223 -0.5687
vn 0.7980 0.5734 -0.1858
vn 0.7623 0.5871 -0.2726
vn 0.7613 0.5339 -0.3680
vn 0.7911 0.6116 0.0118
vn 0.5992 0.6672 0.4425
vn 0.5210 0.8480 0.0975
vn 0.5559 0.8135 0.1707
vn 0.6203 0.7695 0.1522
vn 0.7684 0.6078 0.2006
vn -0.2303 0.9235 -0.3066
vn -0.3459 0.8795 -0.3267
vn -0.5947 0.6620 -0.4561
vn 0.2917 0.7777 0.5569
vn 0.0607 0.3399 0.9385
vn -0.0199 0.4366 0.8995
vn -0.6700 0.6118 -0.4205
vn -0.8213 0.5682 -0.0503
vn 0.7619 0.5415 0.3553
vn -0.0901 0.9825 0.1630
vn -0.0367 0.9986 0.0367
vn -0.7135 0.6468 0.2695
vn -0.7818 0.5866 0.2114
vn -0.6197 0.7697 0.1532
vn -0.3211 0.9394 0.1200
vn -0.0784 0.9838 0.1612
vn -0.2306 0.9449 0.2324
vn -0.1176 0.7613 0.6376
vn -0.1655 0.5980 0.7842
vn -0.2597 0.6453 0.7185
vn -0.6207 0.6641 0.4168
vn -0.7108 0.6556 0.2549
vn -0.6660 0.6953 0.2701
vn 0.0346 0.9734 0.2263
vn 0.0308 0.9869 0.1582
vn -0.0021 0.9879 0.1548
vn -0.7002 0.5289 -0.4795
vn -0.5412 0.6819 -0.4920
vn -0.3638 0.8833 -0.2955
vn -0.0354 0.9994 0.0029
vn -0.0324 0.9995 0.0029
vn -0.0324 0.9995 0.0060
vn -0.0402 0.8600 -0.5087
vn 0.0513 0.7925 -0.6078
vn -0.0045 0.8386 -0.5447
vn 0.0208 0.9945 0.1026
vn 0.0086 0.9911 0.1326
vn 0.2044 0.7858 0.5837
vn 0.2672 0.6142 0.7425
vn 0.1488 0.5699 0.8081
vn 0.1111 0.9850 -0.1319
vn 0.1944 0.9760 -0.0982
vn -0.0521 0.9906 -0.1267
vn 0.0234 0.9982 0.0551
vn 0.0723 0.9107 0.4067
vn 0.0352 0.8957 0.4433
vn -0.8649 0.4944 0.0869
vn -0.8575 0.5144 0.0069
vn -0.9111 0.4121 0.0047
vn 0.5316 0.6002 0.5976
vn 0.4667 0.6696 0.5778
vn 0.4506 0.7711 0.4498
vn -0.1795 0.9824 0.0506
vn -0.2444 0.9695 0.0173
vn 0.3299 0.8875 0.3217
vn 0.4803 0.8586 -0.1793
vn 0.0453 0.9888 -0.1421
vn -0.7653 0.5836 -0.2716
vn -0.6849 0.6545 -0.3203
vn -0.0263 0.9435 0.3304
vn -0.5535 0.8148 -0.1723
vn -0.6289 0.7238 -0.2837
vn -0.8025 0.5158 -0.2999
vn 0.2575 0.8897 -0.3771
vn 0.3592 0.8390 -0.4087
vn 0.3075 0.8833 -0.3538
vn 0.0150 0.9998 0.0150
vn 0.1235 0.9329 0.3382
vn 0.1465 0.8682 0.4741
vt 0.375000 0.000000
vt 0.625000 0.000000
vt 0.625000 0.003906
vt 0.625000 0.007812
vt 0.625000 0.011719
vt 0.625000 0.015625
vt 0.625000 0.019531
vt 0.625000 0.023438
vt 0.625000 0.027344
vt 0.625000 0.031250
vt 0.625000 0.035156
vt 0.625000 0.039062
vt 0.625000 0.042969
vt 0.625000 0.046875
vt 0.625000 0.050781
vt 0.625000 0.054688
vt 0.625000 0.058594
vt 0.625000 0.062500
vt 0.625000 0.066406
vt 0.625000 0.070312
vt 0.625000 0.074219
vt 0.625000 0.078125
vt 0.625000 0.082031
vt 0.625000 0.085938
vt 0.625000 0.089844
vt 0.625000 0.093750
vt 0.625000 0.097656
vt 0.625000 0.101562
vt 0.625000 0.105469
vt 0.625000 0.109375
vt 0.625000 0.113281
vt 0.625000 0.117188
vt 0.625000 0.121094
vt 0.625000 0.125000
vt 0.625000 0.128906
vt 0.625000 0.132812
vt 0.625000 0.136719
vt 0.625000 0.140625
vt 0.625000 0.144531
vt 0.625000 0.148438
vt 0.625000 0.152344
vt 0.625000 0.156250
vt 0.625000 0.160156
vt 0.625000 0.164062
vt 0.625000 0.167969
vt 0.625000 0.171875
vt 0.625000 0.175781
vt 0.625000 0.179688
vt 0.625000 0.183594
vt 0.625000 0.187500
vt 0.625000 0.191406
vt 0.625000 0.195312
vt 0.625000 0.199219
vt 0.625000 0.203125
vt 0.625000 0.207031
vt 0.625000 0.210938
vt 0.625000 0.214844
vt 0.625000 0.218750
vt 0.625000 0.222656
vt 0.625000 0.226562
vt 0.625000 0.230469
vt 0.625000 0.234375
vt 0.625000 0.238281
vt 0.625000 0.242188
vt 0.625000 0.246094
vt 0.625000 0.250000
vt 0.375000 0.250000
vt 0.625000 0.253906
vt 0.625000 0.257812
vt 0.625000 0.261719
vt 0.625000 0.265625
vt 0.625000 0.269531
vt 0.625000 0.273438
vt 0.625000 0.277344
vt 0.625000 0.281250
vt 0.625000 0.285156
vt 0.625000 0.289062
vt 0.625000 0.292969
vt 0.625000 0.296875
vt 0.625000 0.300781
vt 0.625000 0.304688
vt 0.625000 0.308594
vt 0.625000 0.312500
vt 0.625000 0.316406
vt 0.625000 0.320312
vt 0.625000 0.324219
vt 0.625000 0.328125
vt 0.625000 0.332031
vt 0.625000 0.335938
vt 0.625000 0.339844
vt 0.625000 0.343750
vt 0.625000 0.347656
vt 0.625000 0.351562
vt 0.625000 0.355469
vt 0.625000 0.359375
vt 0.625000 0.363281
vt 0.625000 0.367188
vt 0.625000 0.371094
vt 0.625000 0.375000
vt 0.625000 0.378906
vt 0.625000 0.382812
vt 0.625000 0.386719
vt 0.625000 0.390625
vt 0.625000 0.394531
vt 0.625000 0.398438
vt 0.625000 0.402344
vt 0.625000 0.406250
vt 0.625000 0.410156
vt 0.625000 0.414062
vt 0.625000 0.417969
vt 0.625000 0.421875
vt 0.625000 0.425781
vt 0.625000 0.429688
vt 0.625000 0.433594
vt 0.625000 0.437500
vt 0.625000 0.441406
vt 0.625000 0.445312
vt 0.625000 0.449219
vt 0.625000 0.453125
vt 0.625000 0.457031
vt 0.625000 0.460938
vt 0.625000 0.464844
vt 0.625000 0.468750
vt 0.625000 0.472656
vt 0.625000 0.476562
vt 0.625000 0.480469
vt 0.625000 0.484375
vt 0.625000 0.488281
vt 0.625000 0.492188
vt 0.625000 0.496094
vt 0.625000 0.500000
vt 0.375000 0.500000
vt 0.625000 0.503906
vt 0.625000 0.507812
vt 0.625000 0.511719
vt 0.625000 0.515625
vt 0.625000 0.519531
vt 0.625000 0.523438
vt 0.625000 0.527344
vt 0.625000 0.531250
vt 0.625000 0.535156
vt 0.625000 0.539062
vt 0.625000 0.542969
vt 0.625000 0.546875
vt 0.625000 0.550781
vt 0.625000 0.554688
vt 0.625000 0.558594
vt 0.625000 0.562500
vt 0.625000 0.566406
vt 0.625000 0.570312
vt 0.625000 0.574219
vt 0.625000 0.578125
vt 0.625000 0.582031
vt 0.625000 0.585938
vt 0.625000 0.589844
vt 0.625000 0.593750
vt 0.625000 0.597656
vt 0.625000 0.601562
vt 0.625000 0.605469
vt 0.625000 0.609375
vt 0.625000 0.613281
vt 0.625000 0.617188
vt 0.625000 0.621094
vt 0.625000 0.625000
vt 0.625000 0.628906
vt 0.625000 0.632812
vt 0.625000 0.636719
vt 0.625000 0.640625
vt 0.625000 0.644531
vt 0.625000 0.648438
vt 0.625000 0.652344
vt 0.625000 0.656250
vt 0.625000 0.660156
vt 0.625000 0.664062
vt 0.625000 0.667969
vt 0.625000 0.671875
vt 0.625000 0.675781
vt 0.625000 0.679688
vt 0.625000 0.683594
vt 0.625000 0.687500
vt 0.625000 0.691406
vt 0.625000 0.695312
vt 0.625000 0.699219
vt 0.625000 0.703125
vt 0.625000 0.707031
vt 0.625000 0.710938
vt 0.625000 0.714844
vt 0.625000 0.718750
vt 0.625000 0.722656
vt 0.625000 0.726562
vt 0.625000 0.730469
vt 0.625000 0.734375
vt 0.625000 0.738281
vt 0.625000 0.742188
vt 0.625000 0.746094
vt 0.625000 0.750000
vt 0.375000 0.750000
vt 0.625000 0.753906
vt 0.625000 0.757812
vt 0.625000 0.761719
vt 0.625000 0.765625
vt 0.625000 0.769531
vt 0.625000 0.773438
vt 0.625000 0.777344
vt 0.625000 0.781250
vt 0.625000 0.785156
vt 0.625000 0.789062
vt 0.625000 0.792969
vt 0.625000 0.796875
vt 0.625000 0.800781
vt 0.625000 0.804688
vt 0.625000 0.808594
vt 0.625000 0.812500
vt 0.625000 0.816406
vt 0.625000 0.820312
vt 0.625000 0.824219
vt 0.625000 0.828125
vt 0.625000 0.832031
vt 0.625000 0.835938
vt 0.625000 0.839844
vt 0.625000 0.843750
vt 0.625000 0.847656
vt 0.625000 0.851562
vt 0.625000 0.855469
vt 0.625000 0.859375
vt 0.625000 0.863281
vt 0.625000 0.867188
vt 0.625000 0.871094
vt 0.625000 0.875000
vt 0.625000 0.878906
vt 0.625000 0.882812
vt 0.625000 0.886719
vt 0.625000 0.890625
vt 0.625000 0.894531
vt 0.625000 0.898438
vt 0.625000 0.902344
vt 0.625000 0.906250
vt 0.625000 0.910156
vt 0.625000 0.914062
vt 0.625000 0.917969
vt 0.625000 0.921875
vt 0.625000 0.925781
vt 0.625000 0.929688
vt 0.625000 0.933594
vt 0.625000 0.937500
vt 0.625000 0.941406
vt 0.625000 0.945312
vt 0.625000 0.949219
vt 0.625000 0.953125
vt 0.625000 0.957031
vt 0.625000 0.960938
vt 0.625000 0.964844
vt 0.625000 0.968750
vt 0.625000 0.972656
vt 0.625000 0.976562
vt 0.625000 0.980469
vt 0.625000 0.984375
vt 0.625000 0.988281
vt 0.625000 0.992188
vt 0.625000 0.996094
vt 0.625000 1.000000
vt 0.375000 1.000000
vt 0.125000 0.500000
vt 0.125000 0.750000
vt 0.871094 0.746094
vt 0.875000 0.746094
vt 0.875000 0.750000
vt 0.871094 0.750000
vt 0.746094 0.746094
vt 0.750000 0.746094
vt 0.750000 0.750000
vt 0.746094 0.750000
vt 0.746094 0.621094
vt 0.750000 0.621094
vt 0.750000 0.625000
vt 0.746094 0.625000
vt 0.871094 0.621094
vt 0.875000 0.621094
vt 0.875000 0.625000
vt 0.871094 0.625000
vt 0.808594 0.621094
vt 0.812500 0.621094
vt 0.812500 0.625000
vt 0.808594 0.625000
vt 0.808594 0.558594
vt 0.812500 0.558594
vt 0.812500 0.562500
vt 0.808594 0.562500
vt 0.871094 0.558594
vt 0.875000 0.558594
vt 0.875000 0.562500
vt 0.871094 0.562500
vt 0.683594 0.621094
vt 0.687500 0.621094
vt 0.687500 0.625000
vt 0.683594 0.625000
vt 0.683594 0.558594
vt 0.687500 0.558594
vt 0.687500 0.562500
vt 0.683594 0.562500
vt 0.746094 0.558594
vt 0.750000 0.558594
vt 0.750000 0.562500
vt 0.746094 0.562500
vt 0.683594 0.746094
vt 0.687500 0.746094
vt 0.687500 0.750000
vt 0.683594 0.750000
vt 0.683594 0.683594
vt 0.687500 0.683594
vt 0.687500 0.687500
vt 0.683594 0.687500
vt 0.746094 0.683594
vt 0.750000 0.683594
vt 0.750000 0.687500
vt 0.746094 0.687500
vt 0.808594 0.746094
vt 0.812500 0.746094
vt 0.812500 0.750000
vt 0.808594 0.750000
vt 0.808594 0.683594
vt 0.812500 0.683594
vt 0.812500 0.687500
vt 0.808594 0.687500
vt 0.871094 0.683594
vt 0.875000 0.683594
vt 0.875000 0.687500
vt 0.871094 0.687500
vt 0.839844 0.683594
vt 0.843750 0.683594
vt 0.843750 0.687500
vt 0.839844 0.687500
vt 0.839844 0.652344
vt 0.843750 0.652344
vt 0.843750 0.656250
vt 0.839844 0.656250
vt 0.871094 0.652344
vt 0.875000 0.652344
vt 0.875000 0.656250
vt 0.871094 0.656250
vt 0.777344 0.683594
vt 0.781250 0.683594
vt 0.781250 0.687500
vt 0.777344 0.687500
vt 0.777344 0.652344
vt 0.781250 0.652344
vt 0.781250 0.656250
vt 0.777344 0.656250
vt 0.808594 0.652344
vt 0.812500 0.652344
vt 0.812500 0.656250
vt 0.808594 0.656250
vt 0.777344 0.746094
vt 0.781250 0.746094
vt 0.781250 0.750000
vt 0.777344 0.750000
vt 0.777344 0.714844
vt 0.781250 0.714844
vt 0.781250 0.718750
vt 0.777344 0.718750
vt 0.808594 0.714844
vt 0.812500 0.714844
vt 0.812500 0.718750
vt 0.808594 0.718750
vt 0.714844 0.683594
vt 0.718750 0.683594
vt 0.718750 0.687500
vt 0.714844 0.687500
vt 0.714844 0.652344
vt 0.718750 0.652344
vt 0.718750 0.656250
vt 0.714844 0.656250
vt 0.746094 0.652344
vt 0.750000 0.652344
vt 0.750000 0.656250
vt 0.746094 0.656250
vt 0.652344 0.683594
vt 0.656250 0.683594
vt 0.656250 0.687500
vt 0.652344 0.687500
vt 0.652344 0.652344
vt 0.656250 0.652344
vt 0.656250 0.656250
vt 0.652344 0.656250
vt 0.683594 0.652344
vt 0.687500 0.652344
vt 0.687500 0.656250
vt 0.683594 0.656250
vt 0.652344 0.746094
vt 0.656250 0.746094
vt 0.656250 0.750000
vt 0.652344 0.750000
vt 0.652344 0.714844
vt 0.656250 0.714844
vt 0.656250 0.718750
vt 0.652344 0.718750
vt 0.683594 0.714844
vt 0.687500 0.714844
vt 0.687500 0.718750
vt 0.683594 0.718750
vt 0.714844 0.558594
vt 0.718750 0.558594
vt 0.718750 0.562500
vt 0.714844 0.562500
vt 0.714844 0.527344
vt 0.718750 0.527344
vt 0.718750 0.531250
vt 0.714844 0.531250
vt 0.746094 0.527344
vt 0.750000 0.527344
vt 0.750000 0.531250
vt 0.746094 0.531250
vt 0.652344 0.558594
vt 0.656250 0.558594
vt 0.656250 0.562500
vt 0.652344 0.562500
vt 0.652344 0.527344
vt 0.656250 0.527344
vt 0.656250 0.531250
vt 0.652344 0.531250
vt 0.683594 0.527344
vt 0.687500 0.527344
vt 0.687500 0.531250
vt 0.683594 0.531250
vt 0.652344 0.621094
vt 0.656250 0.621094
vt 0.656250 0.625000
vt 0.652344 0.625000
vt 0.652344 0.589844
vt 0.656250 0.589844
vt 0.656250 0.593750
vt 0.652344 0.593750
vt 0.683594 0.589844
vt 0.687500 0.589844
vt 0.687500 0.593750
vt 0.683594 0.593750
vt 0.839844 0.558594
vt 0.843750 0.558594
vt 0.843750 0.562500
vt 0.839844 0.562500
vt 0.839844 0.527344
vt 0.843750 0.527344
vt 0.843750 0.531250
vt 0.839844 0.531250
vt 0.871094 0.527344
vt 0.875000 0.527344
vt 0.875000 0.531250
vt 0.871094 0.531250
vt 0.777344 0.558594
vt 0.781250 0.558594
vt 0.781250 0.562500
vt 0.777344 0.562500
vt 0.777344 0.527344
vt 0.781250 0.527344
vt 0.781250 0.531250
vt 0.777344 0.531250
vt 0.808594 0.527344
vt 0.812500 0.527344
vt 0.812500 0.531250
vt 0.808594 0.531250
vt 0.777344 0.621094
vt 0.781250 0.621094
vt 0.781250 0.625000
vt 0.777344 0.625000
vt 0.777344 0.589844
vt 0.781250 0.589844
vt 0.781250 0.593750
vt 0.777344 0.593750
vt 0.808594 0.589844
vt 0.812500 0.589844
vt 0.812500 0.593750
vt 0.808594 0.593750
vt 0.839844 0.621094
vt 0.843750 0.621094
vt 0.843750 0.625000
vt 0.839844 0.625000
vt 0.839844 0.589844
vt 0.843750 0.589844
vt 0.843750 0.593750
vt 0.839844 0.593750
vt 0.871094 0.589844
vt 0.875000 0.589844
vt 0.875000 0.593750
vt 0.871094 0.593750
vt 0.714844 0.621094
vt 0.718750 0.621094
vt 0.718750 0.625000
vt 0.714844 0.625000
vt 0.714844 0.589844
vt 0.718750 0.589844
vt 0.718750 0.593750
vt 0.714844 0.593750
vt 0.746094 0.589844
vt 0.750000 0.589844
vt 0.750000 0.593750
vt 0.746094 0.593750
vt 0.714844 0.746094
vt 0.718750 0.746094
vt 0.718750 0.750000
vt 0.714844 0.750000
vt 0.714844 0.714844
vt 0.718750 0.714844
vt 0.718750 0.718750
vt 0.714844 0.718750
vt 0.746094 0.714844
vt 0.750000 0.714844
vt 0.750000 0.718750
vt 0.746094 0.718750
vt 0.839844 0.746094
vt 0.843750 0.746094
vt 0.843750 0.750000
vt 0.839844 0.750000
vt 0.839844 0.714844
vt 0.843750 0.714844
vt 0.843750 0.718750
vt 0.839844 0.718750
vt 0.871094 0.714844
vt 0.875000 0.714844
vt 0.875000 0.718750
vt 0.871094 0.718750
vt 0.855469 0.714844
vt 0.859375 0.714844
vt 0.859375 0.718750
vt 0.855469 0.718750
vt 0.855469 0.699219
vt 0.859375 0.699219
vt 0.859375 0.703125
vt 0.855469 0.703125
vt 0.871094 0.699219
vt 0.875000 0.699219
vt 0.875000 0.703125
vt 0.871094 0.703125
vt 0.824219 0.714844
vt 0.828125 0.714844
vt 0.828125 0.718750
vt 0.824219 0.718750
vt 0.824219 0.699219
vt 0.828125 0.699219
vt 0.828125 0.703125
vt 0.824219 0.703125
vt 0.839844 0.699219
vt 0.843750 0.699219
vt 0.843750 0.703125
vt 0.839844 0.703125
vt 0.824219 0.746094
vt 0.828125 0.746094
vt 0.828125 0.750000
vt 0.824219 0.750000
vt 0.824219 0.730469
vt 0.828125 0.730469
vt 0.828125 0.734375
vt 0.824219 0.734375
vt 0.839844 0.730469
vt 0.843750 0.730469
vt 0.843750 0.734375
vt 0.839844 0.734375
vt 0.730469 0.714844
vt 0.734375 0.714844
vt 0.734375 0.718750
vt 0.730469 0.718750
vt 0.730469 0.699219
vt 0.734375 0.699219
vt 0.734375 0.703125
vt 0.730469 0.703125
vt 0.746094 0.699219
vt 0.750000 0.699219
vt 0.750000 0.703125
vt 0.746094 0.703125
vt 0.699219 0.714844
vt 0.703125 0.714844
vt 0.703125 0.718750
vt 0.699219 0.718750
vt 0.699219 0.699219
vt 0.703125 0.699219
vt 0.703125 0.703125
vt 0.699219 0.703125
vt 0.714844 0.699219
vt 0.718750 0.699219
vt 0.718750 0.703125
vt 0.714844 0.703125
vt 0.699219 0.746094
vt 0.703125 0.746094
vt 0.703125 0.750000
vt 0.699219 0.750000
vt 0.699219 0.730469
vt 0.703125 0.730469
vt 0.703125 0.734375
vt 0.699219 0.734375
vt 0.714844 0.730469
vt 0.718750 0.730469
vt 0.718750 0.734375
vt 0.714844 0.734375
vt 0.730469 0.589844
vt 0.734375 0.589844
vt 0.734375 0.593750
vt 0.730469 0.593750
vt 0.730469 0.574219
vt 0.734375 0.574219
vt 0.734375 0.578125
vt 0.730469 0.578125
vt 0.746094 0.574219
vt 0.750000 0.574219
vt 0.750000 0.578125
vt 0.746094 0.578125
vt 0.699219 0.589844
vt 0.703125 0.589844
vt 0.703125 0.593750
vt 0.699219 0.593750
vt 0.699219 0.574219
vt 0.703125 0.574219
vt 0.703125 0.578125
vt 0.699219 0.578125
vt 0.714844 0.574219
vt 0.718750 0.574219
vt 0.718750 0.578125
vt 0.714844 0.578125
vt 0.699219 0.621094
vt 0.703125 0.621094
vt 0.703125 0.625000
vt 0.699219 0.625000
vt 0.699219 0.605469
vt 0.703125 0.605469
vt 0.703125 0.609375
vt 0.699219 0.609375
vt 0.714844 0.605469
vt 0.718750 0.605469
vt 0.718750 0.609375
vt 0.714844 0.609375
vt 0.855469 0.589844
vt 0.859375 0.589844
vt 0.859375 0.593750
vt 0.855469 0.593750
vt 0.855469 0.574219
vt 0.859375 0.574219
vt 0.859375 0.578125
vt 0.855469 0.578125
vt 0.871094 0.574219
vt 0.875000 0.574219
vt 0.875000 0.578125
vt 0.871094 0.578125
vt 0.824219 0.589844
vt 0.828125 0.589844
vt 0.828125 0.593750
vt 0.824219 0.593750
vt 0.824219 0.574219
vt 0.828125 0.574219
vt 0.828125 0.578125
vt 0.824219 0.578125
vt 0.839844 0.574219
vt 0.843750 0.574219
vt 0.843750 0.578125
vt 0.839844 0.578125
vt 0.824219 0.621094
vt 0.828125 0.621094
vt 0.828125 0.625000
vt 0.824219 0.625000
vt 0.824219 0.605469
vt 0.828125 0.605469
vt 0.828125 0.609375
vt 0.824219 0.609375
vt 0.839844 0.605469
vt 0.843750 0.605469
vt 0.843750 0.609375
vt 0.839844 0.609375
vt 0.792969 0.589844
vt 0.796875 0.589844
vt 0.796875 0.593750
vt 0.792969 0.593750
vt 0.792969 0.574219
vt 0.796875 0.574219
vt 0.796875 0.578125
vt 0.792969 0.578125
vt 0.808594 0.574219
vt 0.812500 0.574219
vt 0.812500 0.578125
vt 0.808594 0.578125
vt 0.761719 0.589844
vt 0.765625 0.589844
vt 0.765625 0.593750
vt 0.761719 0.593750
vt 0.761719 0.574219
vt 0.765625 0.574219
vt 0.765625 0.578125
vt 0.761719 0.578125
vt 0.777344 0.574219
vt 0.781250 0.574219
vt 0.781250 0.578125
vt 0.777344 0.578125
vt 0.761719 0.621094
vt 0.765625 0.621094
vt 0.765625 0.625000
vt 0.761719 0.625000
vt 0.761719 0.605469
vt 0.765625 0.605469
vt 0.765625 0.609375
vt 0.761719 0.609375
vt 0.777344 0.605469
vt 0.781250 0.605469
vt 0.781250 0.609375
vt 0.777344 0.609375
vt 0.792969 0.527344
vt 0.796875 0.527344
vt 0.796875 0.531250
vt 0.792969 0.531250
vt 0.792969 0.511719
vt 0.796875 0.511719
vt 0.796875 0.515625
vt 0.792969 0.515625
vt 0.808594 0.511719
vt 0.812500 0.511719
vt 0.812500 0.515625
vt 0.808594 0.515625
vt 0.761719 0.527344
vt 0.765625 0.527344
vt 0.765625 0.531250
vt 0.761719 0.531250
vt 0.761719 0.511719
vt 0.765625 0.511719
vt 0.765625 0.515625
vt 0.761719 0.515625
vt 0.777344 0.511719
vt 0.781250 0.511719
vt 0.781250 0.515625
vt 0.777344 0.515625
vt 0.761719 0.558594
vt 0.765625 0.558594
vt 0.765625 0.562500
vt 0.761719 0.562500
vt 0.761719 0.542969
vt 0.765625 0.542969
vt 0.765625 0.546875
vt 0.761719 0.546875
vt 0.777344 0.542969
vt 0.781250 0.542969
vt 0.781250 0.546875
vt 0.777344 0.546875
vt 0.855469 0.527344
vt 0.859375 0.527344
vt 0.859375 0.531250
vt 0.855469 0.531250
vt 0.855469 0.511719
vt 0.859375 0.511719
vt 0.859375 0.515625
vt 0.855469 0.515625
vt 0.871094 0.511719
vt 0.875000 0.511719
vt 0.875000 0.515625
vt 0.871094 0.515625
vt 0.824219 0.527344
vt 0.828125 0.527344
vt 0.828125 0.531250
vt 0.824219 0.531250
vt 0.824219 0.511719
vt 0.828125 0.511719
vt 0.828125 0.515625
vt 0.824219 0.515625
vt 0.839844 0.511719
vt 0.843750 0.511719
vt 0.843750 0.515625
vt 0.839844 0.515625
vt 0.824219 0.558594
vt 0.828125 0.558594
vt 0.828125 0.562500
vt 0.824219 0.562500
vt 0.824219 0.542969
vt 0.828125 0.542969
vt 0.828125 0.546875
vt 0.824219 0.546875
vt 0.839844 0.542969
vt 0.843750 0.542969
vt 0.843750 0.546875
vt 0.839844 0.546875
vt 0.667969 0.589844
vt 0.671875 0.589844
vt 0.671875 0.593750
vt 0.667969 0.593750
vt 0.667969 0.574219
vt 0.671875 0.574219
vt 0.671875 0.578125
vt 0.667969 0.578125
vt 0.683594 0.574219
vt 0.687500 0.574219
vt 0.687500 0.578125
vt 0.683594 0.578125
vt 0.636719 0.589844
vt 0.640625 0.589844
vt 0.640625 0.593750
vt 0.636719 0.593750
vt 0.636719 0.574219
vt 0.640625 0.574219
vt 0.640625 0.578125
vt 0.636719 0.578125
vt 0.652344 0.574219
vt 0.656250 0.574219
vt 0.656250 0.578125
vt 0.652344 0.578125
vt 0.636719 0.621094
vt 0.640625 0.621094
vt 0.640625 0.625000
vt 0.636719 0.625000
vt 0.636719 0.605469
vt 0.640625 0.605469
vt 0.640625 0.609375
vt 0.636719 0.609375
vt 0.652344 0.605469
vt 0.656250 0.605469
vt 0.656250 0.609375
vt 0.652344 0.609375
vt 0.667969 0.527344
vt 0.671875 0.527344
vt 0.671875 0.531250
vt 0.667969 0.531250
vt 0.667969 0.511719
vt 0.671875 0.511719
vt 0.671875 0.515625
vt 0.667969 0.515625
vt 0.683594 0.511719
vt 0.687500 0.511719
vt 0.687500 0.515625
vt 0.683594 0.515625
vt 0.636719 0.527344
vt 0.640625 0.527344
vt 0.640625 0.531250
vt 0.636719 0.531250
vt 0.636719 0.511719
vt 0.640625 0.511719
vt 0.640625 0.515625
vt 0.636719 0.515625
vt 0.652344 0.511719
vt 0.656250 0.511719
vt 0.656250 0.515625
vt 0.652344 0.515625
vt 0.636719 0.558594
vt 0.640625 0.558594
vt 0.640625 0.562500
vt 0.636719 0.562500
vt 0.636719 0.542969
vt 0.640625 0.542969
vt 0.640625 0.546875
vt 0.636719 0.546875
vt 0.652344 0.542969
vt 0.656250 0.542969
vt 0.656250 0.546875
vt 0.652344 0.546875
vt 0.730469 0.527344
vt 0.734375 0.527344
vt 0.734375 0.531250
vt 0.730469 0.531250
vt 0.730469 0.511719
vt 0.734375 0.511719
vt 0.734375 0.515625
vt 0.730469 0.515625
vt 0.746094 0.511719
vt 0.750000 0.511719
vt 0.750000 0.515625
vt 0.746094 0.515625
vt 0.699219 0.527344
vt 0.703125 0.527344
vt 0.703125 0.531250
vt 0.699219 0.531250
vt 0.699219 0.511719
vt 0.703125 0.511719
vt 0.703125 0.515625
vt 0.699219 0.515625
vt 0.714844 0.511719
vt 0.718750 0.511719
vt 0.718750 0.515625
vt 0.714844 0.515625
vt 0.699219 0.558594
vt 0.703125 0.558594
vt 0.703125 0.562500
vt 0.699219 0.562500
vt 0.699219 0.542969
vt 0.703125 0.542969
vt 0.703125 0.546875
vt 0.699219 0.546875
vt 0.714844 0.542969
vt 0.718750 0.542969
vt 0.718750 0.546875
vt 0.714844 0.546875
vt 0.667969 0.714844
vt 0.671875 0.714844
vt 0.671875 0.718750
vt 0.667969 0.718750
vt 0.667969 0.699219
vt 0.671875 0.699219
vt 0.671875 0.703125
vt 0.667969 0.703125
vt 0.683594 0.699219
vt 0.687500 0.699219
vt 0.687500 0.703125
vt 0.683594 0.703125
vt 0.636719 0.714844
vt 0.640625 0.714844
vt 0.640625 0.718750
vt 0.636719 0.718750
vt 0.636719 0.699219
vt 0.640625 0.699219
vt 0.640625 0.703125
vt 0.636719 0.703125
vt 0.652344 0.699219
vt 0.656250 0.699219
vt 0.656250 0.703125
vt 0.652344 0.703125
vt 0.636719 0.746094
vt 0.640625 0.746094
vt 0.640625 0.750000
vt 0.636719 0.750000
vt 0.636719 0.730469
vt 0.640625 0.730469
vt 0.640625 0.734375
vt 0.636719 0.734375
vt 0.652344 0.730469
vt 0.656250 0.730469
vt 0.656250 0.734375
vt 0.652344 0.734375
vt 0.667969 0.652344
vt 0.671875 0.652344
vt 0.671875 0.656250
vt 0.667969 0.656250
vt 0.667969 0.636719
vt 0.671875 0.636719
vt 0.671875 0.640625
vt 0.667969 0.640625
vt 0.683594 0.636719
vt 0.687500 0.636719
vt 0.687500 0.640625
vt 0.683594 0.640625
vt 0.636719 0.652344
vt 0.640625 0.652344
vt 0.640625 0.656250
vt 0.636719 0.656250
vt 0.636719 0.636719
vt 0.640625 0.636719
vt 0.640625 0.640625
vt 0.636719 0.640625
vt 0.652344 0.636719
vt 0.656250 0.636719
vt 0.656250 0.640625
vt 0.652344 0.640625
vt 0.636719 0.683594
vt 0.640625 0.683594
vt 0.640625 0.687500
vt 0.636719 0.687500
vt 0.636719 0.667969
vt 0.640625 0.667969
vt 0.640625 0.671875
vt 0.636719 0.671875
vt 0.652344 0.667969
vt 0.656250 0.667969
vt 0.656250 0.671875
vt 0.652344 0.671875
vt 0.730469 0.652344
vt 0.734375 0.652344
vt 0.734375 0.656250
vt 0.730469 0.656250
vt 0.730469 0.636719
vt 0.734375 0.636719
vt 0.734375 0.640625
vt 0.730469 0.640625
vt 0.746094 0.636719
vt 0.750000 0.636719
vt 0.750000 0.640625
vt 0.746094 0.640625
vt 0.699219 0.652344
vt 0.703125 0.652344
vt 0.703125 0.656250
vt 0.699219 0.656250
vt 0.699219 0.636719
vt 0.703125 0.636719
vt 0.703125 0.640625
vt 0.699219 0.640625
vt 0.714844 0.636719
vt 0.718750 0.636719
vt 0.718750 0.640625
vt 0.714844 0.640625
vt 0.699219 0.683594
vt 0.703125 0.683594
vt 0.703125 0.687500
vt 0.699219 0.687500
vt 0.699219 0.667969
vt 0.703125 0.667969
vt 0.703125 0.671875
vt 0.699219 0.671875
vt 0.714844 0.667969
vt 0.718750 0.667969
vt 0.718750 0.671875
vt 0.714844 0.671875
vt 0.792969 0.714844
vt 0.796875 0.714844
vt 0.796875 0.718750
vt 0.792969 0.718750
vt 0.792969 0.699219
vt 0.796875 0.699219
vt 0.796875 0.703125
vt 0.792969 0.703125
vt 0.808594 0.699219
vt 0.812500 0.699219
vt 0.812500 0.703125
vt 0.808594 0.703125
vt 0.761719 0.714844
vt 0.765625 0.714844
vt 0.765625 0.718750
vt 0.761719 0.718750
vt 0.761719 0.699219
vt 0.765625 0.699219
vt 0.765625 0.703125
vt 0.761719 0.703125
vt 0.777344 0.699219
vt 0.781250 0.699219
vt 0.781250 0.703125
vt 0.777344 0.703125
vt 0.761719 0.746094
vt 0.765625 0.746094
vt 0.765625 0.750000
vt 0.761719 0.750000
vt 0.761719 0.730469
vt 0.765625 0.730469
vt 0.765625 0.734375
vt 0.761719 0.734375
vt 0.777344 0.730469
vt 0.781250 0.730469
vt 0.781250 0.734375
vt 0.777344 0.734375
vt 0.792969 0.652344
vt 0.796875 0.652344
vt 0.796875 0.656250
vt 0.792969 0.656250
vt 0.792969 0.636719
vt 0.796875 0.636719
vt 0.796875 0.640625
vt 0.792969 0.640625
vt 0.808594 0.636719
vt 0.812500 0.636719
vt 0.812500 0.640625
vt 0.808594 0.640625
vt 0.761719 0.652344
vt 0.765625 0.652344
vt 0.765625 0.656250
vt 0.761719 0.656250
vt 0.761719 0.636719
vt 0.765625 0.636719
vt 0.765625 0.640625
vt 0.761719 0.640625
vt 0.777344 0.636719
vt 0.781250 0.636719
vt 0.781250 0.640625
vt 0.777344 0.640625
vt 0.761719 0.683594
vt 0.765625 0.683594
vt 0.765625 0.687500
vt 0.761719 0.687500
vt 0.761719 0.667969
vt 0.765625 0.667969
vt 0.765625 0.671875
vt 0.761719 0.671875
vt 0.777344 0.667969
vt 0.781250 0.667969
vt 0.781250 0.671875
vt 0.777344 0.671875
vt 0.855469 0.652344
vt 0.859375 0.652344
vt 0.859375 0.656250
vt 0.855469 0.656250
vt 0.855469 0.636719
vt 0.859375 0.636719
vt 0.859375 0.640625
vt 0.855469 0.640625
vt 0.871094 0.636719
vt 0.875000 0.636719
vt 0.875000 0.640625
vt 0.871094 0.640625
vt 0.824219 0.652344
vt 0.828125 0.652344
vt 0.828125 0.656250
vt 0.824219 0.656250
vt 0.824219 0.636719
vt 0.828125 0.636719
vt 0.828125 0.640625
vt 0.824219 0.640625
vt 0.839844 0.636719
vt 0.843750 0.636719
vt 0.843750 0.640625
vt 0.839844 0.640625
vt 0.824219 0.683594
vt 0.828125 0.683594
vt 0.828125 0.687500
vt 0.824219 0.687500
vt 0.824219 0.667969
vt 0.828125 0.667969
vt 0.828125 0.671875
vt 0.824219 0.671875
vt 0.839844 0.667969
vt 0.843750 0.667969
vt 0.843750 0.671875
vt 0.839844 0.671875
vt 0.855469 0.683594
vt 0.859375 0.683594
vt 0.859375 0.687500
vt 0.855469 0.687500
vt 0.855469 0.667969
vt 0.859375 0.667969
vt 0.859375 0.671875
vt 0.855469 0.671875
vt 0.871094 0.667969
vt 0.875000 0.667969
vt 0.875000 0.671875
vt 0.871094 0.671875
vt 0.792969 0.683594
vt 0.796875 0.683594
vt 0.796875 0.687500
vt 0.792969 0.687500
vt 0.792969 0.667969
vt 0.796875 0.667969
vt 0.796875 0.671875
vt 0.792969 0.671875
vt 0.808594 0.667969
vt 0.812500 0.667969
vt 0.812500 0.671875
vt 0.808594 0.671875
vt 0.792969 0.746094
vt 0.796875 0.746094
vt 0.796875 0.750000
vt 0.792969 0.750000
vt 0.792969 0.730469
vt 0.796875 0.730469
vt 0.796875 0.734375
vt 0.792969 0.734375
vt 0.808594 0.730469
vt 0.812500 0.730469
vt 0.812500 0.734375
vt 0.808594 0.734375
vt 0.730469 0.683594
vt 0.734375 0.683594
vt 0.734375 0.687500
vt 0.730469 0.687500
vt 0.730469 0.667969
vt 0.734375 0.667969
vt 0.734375 0.671875
vt 0.730469 0.671875
vt 0.746094 0.667969
vt 0.750000 0.667969
vt 0.750000 0.671875
vt 0.746094 0.671875
vt 0.667969 0.683594
vt 0.671875 0.683594
vt 0.671875 0.687500
vt 0.667969 0.687500
vt 0.667969 0.667969
vt 0.671875 0.667969
vt 0.671875 0.671875
vt 0.667969 0.671875
vt 0.683594 0.667969
vt 0.687500 0.667969
vt 0.687500 0.671875
vt 0.683594 0.671875
vt 0.667969 0.746094
vt 0.671875 0.746094
vt 0.671875 0.750000
vt 0.667969 0.750000
vt 0.667969 0.730469
vt 0.671875 0.730469
vt 0.671875 0.734375
vt 0.667969 0.734375
vt 0.683594 0.730469
vt 0.687500 0.730469
vt 0.687500 0.734375
vt 0.683594 0.734375
vt 0.730469 0.558594
vt 0.734375 0.558594
vt 0.734375 0.562500
vt 0.730469 0.562500
vt 0.730469 0.542969
vt 0.734375 0.542969
vt 0.734375 0.546875
vt 0.730469 0.546875
vt 0.746094 0.542969
vt 0.750000 0.542969
vt 0.750000 0.546875
vt 0.746094 0.546875
vt 0.667969 0.558594
vt 0.671875 0.558594
vt 0.671875 0.562500
vt 0.667969 0.562500
vt 0.667969 0.542969
vt 0.671875 0.542969
vt 0.671875 0.546875
vt 0.667969 0.546875
vt 0.683594 0.542969
vt 0.687500 0.542969
vt 0.687500 0.546875
vt 0.683594 0.546875
vt 0.667969 0.621094
vt 0.671875 0.621094
vt 0.671875 0.625000
vt 0.667969 0.625000
vt 0.667969 0.605469
vt 0.671875 0.605469
vt 0.671875 0.609375
vt 0.667969 0.609375
vt 0.683594 0.605469
vt 0.687500 0.605469
vt 0.687500 0.609375
vt 0.683594 0.609375
vt 0.855469 0.558594
vt 0.859375 0.558594
vt 0.859375 0.562500
vt 0.855469 0.562500
vt 0.855469 0.542969
vt 0.859375 0.542969
vt 0.859375 0.546875
vt 0.855469 0.546875
vt 0.871094 0.542969
vt 0.875000 0.542969
vt 0.875000 0.546875
vt 0.871094 0.546875
vt 0.792969 0.558594
vt 0.796875 0.558594
vt 0.796875 0.562500
vt 0.792969 0.562500
vt 0.792969 0.542969
vt 0.796875 0.542969
vt 0.796875 0.546875
vt 0.792969 0.546875
vt 0.808594 0.542969
vt 0.812500 0.542969
vt 0.812500 0.546875
vt 0.808594 0.546875
vt 0.792969 0.621094
vt 0.796875 0.621094
vt 0.796875 0.625000
vt 0.792969 0.625000
vt 0.792969 0.605469
vt 0.796875 0.605469
vt 0.796875 0.609375
vt 0.792969 0.609375
vt 0.808594 0.605469
vt 0.812500 0.605469
vt 0.812500 0.609375
vt 0.808594 0.609375
vt 0.855469 0.621094
vt 0.859375 0.621094
vt 0.859375 0.625000
vt 0.855469 0.625000
vt 0.855469 0.605469
vt 0.859375 0.605469
vt 0.859375 0.609375
vt 0.855469 0.609375
vt 0.871094 0.605469
vt 0.875000 0.605469
vt 0.875000 0.609375
vt 0.871094 0.609375
vt 0.730469 0.621094
vt 0.734375 0.621094
vt 0.734375 0.625000
vt 0.730469 0.625000
vt 0.730469 0.605469
vt 0.734375 0.605469
vt 0.734375 0.609375
vt 0.730469 0.609375
vt 0.746094 0.605469
vt 0.750000 0.605469
vt 0.750000 0.609375
vt 0.746094 0.609375
vt 0.730469 0.746094
vt 0.734375 0.746094
vt 0.734375 0.750000
vt 0.730469 0.750000
vt 0.730469 0.730469
vt 0.734375 0.730469
vt 0.734375 0.734375
vt 0.730469 0.734375
vt 0.746094 0.730469
vt 0.750000 0.730469
vt 0.750000 0.734375
vt 0.746094 0.734375
vt 0.855469 0.746094
vt 0.859375 0.746094
vt 0.859375 0.750000
vt 0.855469 0.750000
vt 0.855469 0.730469
vt 0.859375 0.730469
vt 0.859375 0.734375
vt 0.855469 0.734375
vt 0.871094 0.730469
vt 0.875000 0.730469
vt 0.875000 0.734375
vt 0.871094 0.734375
vt 0.863281 0.730469
vt 0.867188 0.730469
vt 0.867188 0.734375
vt 0.863281 0.734375
vt 0.863281 0.722656
vt 0.867188 0.722656
vt 0.867188 0.726562
vt 0.863281 0.726562
vt 0.871094 0.722656
vt 0.875000 0.722656
vt 0.875000 0.726562
vt 0.871094 0.726562
vt 0.847656 0.730469
vt 0.851562 0.730469
vt 0.851562 0.734375
vt 0.847656 0.734375
vt 0.847656 0.722656
vt 0.851562 0.722656
vt 0.851562 0.726562
vt 0.847656 0.726562
vt 0.855469 0.722656
vt 0.859375 0.722656
vt 0.859375 0.726562
vt 0.855469 0.726562
vt 0.847656 0.746094
vt 0.851562 0.746094
vt 0.851562 0.750000
vt 0.847656 0.750000
vt 0.847656 0.738281
vt 0.851562 0.738281
vt 0.851562 0.742188
vt 0.847656 0.742188
vt 0.855469 0.738281
vt 0.859375 0.738281
vt 0.859375 0.742188
vt 0.855469 0.742188
vt 0.738281 0.730469
vt 0.742188 0.730469
vt 0.742188 0.734375
vt 0.738281 0.734375
vt 0.738281 0.722656
vt 0.742188 0.722656
vt 0.742188 0.726562
vt 0.738281 0.726562
vt 0.746094 0.722656
vt 0.750000 0.722656
vt 0.750000 0.726562
vt 0.746094 0.726562
vt 0.722656 0.730469
vt 0.726562 0.730469
vt 0.726562 0.734375
vt 0.722656 0.734375
vt 0.722656 0.722656
vt 0.726562 0.722656
vt 0.726562 0.726562
vt 0.722656 0.726562
vt 0.730469 0.722656
vt 0.734375 0.722656
vt 0.734375 0.726562
vt 0.730469 0.726562
vt 0.722656 0.746094
vt 0.726562 0.746094
vt 0.726562 0.750000
vt 0.722656 0.750000
vt 0.722656 0.738281
vt 0.726562 0.738281
vt 0.726562 0.742188
vt 0.722656 0.742188
vt 0.730469 0.738281
vt 0.734375 0.738281
vt 0.734375 0.742188
vt 0.730469 0.742188
vt 0.738281 0.605469
vt 0.742188 0.605469
vt 0.742188 0.609375
vt 0.738281 0.609375
vt 0.738281 0.597656
vt 0.742188 0.597656
vt 0.742188 0.601562
vt 0.738281 0.601562
vt 0.746094 0.597656
vt 0.750000 0.597656
vt 0.750000 0.601562
vt 0.746094 0.601562
vt 0.722656 0.605469
vt 0.726562 0.605469
vt 0.726562 0.609375
vt 0.722656 0.609375
vt 0.722656 0.597656
vt 0.726562 0.597656
vt 0.726562 0.601562
vt 0.722656 0.601562
vt 0.730469 0.597656
vt 0.734375 0.597656
vt 0.734375 0.601562
vt 0.730469 0.601562
vt 0.722656 0.621094
vt 0.726562 0.621094
vt 0.726562 0.625000
vt 0.722656 0.625000
vt 0.722656 0.613281
vt 0.726562 0.613281
vt 0.726562 0.617188
vt 0.722656 0.617188
vt 0.730469 0.613281
vt 0.734375 0.613281
vt 0.734375 0.617188
vt 0.730469 0.617188
vt 0.863281 0.605469
vt 0.867188 0.605469
vt 0.867188 0.609375
vt 0.863281 0.609375
vt 0.863281 0.597656
vt 0.867188 0.597656
vt 0.867188 0.601562
vt 0.863281 0.601562
vt 0.871094 0.597656
vt 0.875000 0.597656
vt 0.875000 0.601562
vt 0.871094 0.601562
vt 0.847656 0.605469
vt 0.851562 0.605469
vt 0.851562 0.609375
vt 0.847656 0.609375
vt 0.847656 0.597656
vt 0.851562 0.597656
vt 0.851562 0.601562
vt 0.847656 0.601562
vt 0.855469 0.597656
vt 0.859375 0.597656
vt 0.859375 0.601562
vt 0.855469 0.601562
vt 0.847656 0.621094
vt 0.851562 0.621094
vt 0.851562 0.625000
vt 0.847656 0.625000
vt 0.847656 0.613281
vt 0.851562 0.613281
vt 0.851562 0.617188
vt 0.847656 0.617188
vt 0.855469 0.613281
vt 0.859375 0.613281
vt 0.859375 0.617188
vt 0.855469 0.617188
vt 0.800781 0.605469
vt 0.804688 0.605469
vt 0.804688 0.609375
vt 0.800781 0.609375
vt 0.800781 0.597656
vt 0.804688 0.597656
vt 0.804688 0.601562
vt 0.800781 0.601562
vt 0.808594 0.597656
vt 0.812500 0.597656
vt 0.812500 0.601562
vt 0.808594 0.601562
vt 0.785156 0.605469
vt 0.789062 0.605469
vt 0.789062 0.609375
vt 0.785156 0.609375
vt 0.785156 0.597656
vt 0.789062 0.597656
vt 0.789062 0.601562
vt 0.785156 0.601562
vt 0.792969 0.597656
vt 0.796875 0.597656
vt 0.796875 0.601562
vt 0.792969 0.601562
vt 0.785156 0.621094
vt 0.789062 0.621094
vt 0.789062 0.625000
vt 0.785156 0.625000
vt 0.785156 0.613281
vt 0.789062 0.613281
vt 0.789062 0.617188
vt 0.785156 0.617188
vt 0.792969 0.613281
vt 0.796875 0.613281
vt 0.796875 0.617188
vt 0.792969 0.617188
vt 0.800781 0.542969
vt 0.804688 0.542969
vt 0.804688 0.546875
vt 0.800781 0.546875
vt 0.800781 0.535156
vt 0.804688 0.535156
vt 0.804688 0.539062
vt 0.800781 0.539062
vt 0.808594 0.535156
vt 0.812500 0.535156
vt 0.812500 0.539062
vt 0.808594 0.539062
vt 0.785156 0.542969
vt 0.789062 0.542969
vt 0.789062 0.546875
vt 0.785156 0.546875
vt 0.785156 0.535156
vt 0.789062 0.535156
vt 0.789062 0.539062
vt 0.785156 0.539062
vt 0.792969 0.535156
vt 0.796875 0.535156
vt 0.796875 0.539062
vt 0.792969 0.539062
vt 0.785156 0.558594
vt 0.789062 0.558594
vt 0.789062 0.562500
vt 0.785156 0.562500
vt 0.785156 0.550781
vt 0.789062 0.550781
vt 0.789062 0.554688
vt 0.785156 0.554688
vt 0.792969 0.550781
vt 0.796875 0.550781
vt 0.796875 0.554688
vt 0.792969 0.554688
vt 0.863281 0.542969
vt 0.867188 0.542969
vt 0.867188 0.546875
vt 0.863281 0.546875
vt 0.863281 0.535156
vt 0.867188 0.535156
vt 0.867188 0.539062
vt 0.863281 0.539062
vt 0.871094 0.535156
vt 0.875000 0.535156
vt 0.875000 0.539062
vt 0.871094 0.539062
vt 0.847656 0.542969
vt 0.851562 0.542969
vt 0.851562 0.546875
vt 0.847656 0.546875
vt 0.847656 0.535156
vt 0.851562 0.535156
vt 0.851562 0.539062
vt 0.847656 0.539062
vt 0.855469 0.535156
vt 0.859375 0.535156
vt 0.859375 0.539062
vt 0.855469 0.539062
vt 0.847656 0.558594
vt 0.851562 0.558594
vt 0.851562 0.562500
vt 0.847656 0.562500
vt 0.847656 0.550781
vt 0.851562 0.550781
vt 0.851562 0.554688
vt 0.847656 0.554688
vt 0.855469 0.550781
vt 0.859375 0.550781
vt 0.859375 0.554688
vt 0.855469 0.554688
vt 0.675781 0.605469
vt 0.679688 0.605469
vt 0.679688 0.609375
vt 0.675781 0.609375
vt 0.675781 0.597656
vt 0.679688 0.597656
vt 0.679688 0.601562
vt 0.675781 0.601562
vt 0.683594 0.597656
vt 0.687500 0.597656
vt 0.687500 0.601562
vt 0.683594 0.601562
vt 0.660156 0.605469
vt 0.664062 0.605469
vt 0.664062 0.609375
vt 0.660156 0.609375
vt 0.660156 0.597656
vt 0.664062 0.597656
vt 0.664062 0.601562
vt 0.660156 0.601562
vt 0.667969 0.597656
vt 0.671875 0.597656
vt 0.671875 0.601562
vt 0.667969 0.601562
vt 0.660156 0.621094
vt 0.664062 0.621094
vt 0.664062 0.625000
vt 0.660156 0.625000
vt 0.660156 0.613281
vt 0.664062 0.613281
vt 0.664062 0.617188
vt 0.660156 0.617188
vt 0.667969 0.613281
vt 0.671875 0.613281
vt 0.671875 0.617188
vt 0.667969 0.617188
vt 0.675781 0.542969
vt 0.679688 0.542969
vt 0.679688 0.546875
vt 0.675781 0.546875
vt 0.675781 0.535156
vt 0.679688 0.535156
vt 0.679688 0.539062
vt 0.675781 0.539062
vt 0.683594 0.535156
vt 0.687500 0.535156
vt 0.687500 0.539062
vt 0.683594 0.539062
vt 0.660156 0.542969
vt 0.664062 0.542969
vt 0.664062 0.546875
vt 0.660156 0.546875
vt 0.660156 0.535156
vt 0.664062 0.535156
vt 0.664062 0.539062
vt 0.660156 0.539062
vt 0.667969 0.535156
vt 0.671875 0.535156
vt 0.671875 0.539062
vt 0.667969 0.539062
vt 0.660156 0.558594
vt 0.664062 0.558594
vt 0.664062 0.562500
vt 0.660156 0.562500
vt 0.660156 0.550781
vt 0.664062 0.550781
vt 0.664062 0.554688
vt 0.660156 0.554688
vt 0.667969 0.550781
vt 0.671875 0.550781
vt 0.671875 0.554688
vt 0.667969 0.554688
vt 0.738281 0.542969
vt 0.742188 0.542969
vt 0.742188 0.546875
vt 0.738281 0.546875
vt 0.738281 0.535156
vt 0.742188 0.535156
vt 0.742188 0.539062
vt 0.738281 0.539062
vt 0.746094 0.535156
vt 0.750000 0.535156
vt 0.750000 0.539062
vt 0.746094 0.539062
vt 0.722656 0.542969
vt 0.726562 0.542969
vt 0.726562 0.546875
vt 0.722656 0.546875
vt 0.722656 0.535156
vt 0.726562 0.535156
vt 0.726562 0.539062
vt 0.722656 0.539062
vt 0.730469 0.535156
vt 0.734375 0.535156
vt 0.734375 0.539062
vt 0.730469 0.539062
vt 0.722656 0.558594
vt 0.726562 0.558594
vt 0.726562 0.562500
vt 0.722656 0.562500
vt 0.722656 0.550781
vt 0.726562 0.550781
vt 0.726562 0.554688
vt 0.722656 0.554688
vt 0.730469 0.550781
vt 0.734375 0.550781
vt 0.734375 0.554688
vt 0.730469 0.554688
vt 0.675781 0.730469
vt 0.679688 0.730469
vt 0.679688 0.734375
vt 0.675781 0.734375
vt 0.675781 0.722656
vt 0.679688 0.722656
vt 0.679688 0.726562
vt 0.675781 0.726562
vt 0.683594 0.722656
vt 0.687500 0.722656
vt 0.687500 0.726562
vt 0.683594 0.726562
vt 0.660156 0.730469
vt 0.664062 0.730469
vt 0.664062 0.734375
vt 0.660156 0.734375
vt 0.660156 0.722656
vt 0.664062 0.722656
vt 0.664062 0.726562
vt 0.660156 0.726562
vt 0.667969 0.722656
vt 0.671875 0.722656
vt 0.671875 0.726562
vt 0.667969 0.726562
vt 0.660156 0.746094
vt 0.664062 0.746094
vt 0.664062 0.750000
vt 0.660156 0.750000
vt 0.660156 0.738281
vt 0.664062 0.738281
vt 0.664062 0.742188
vt 0.660156 0.742188
vt 0.667969 0.738281
vt 0.671875 0.738281
vt 0.671875 0.742188
vt 0.667969 0.742188
vt 0.675781 0.667969
vt 0.679688 0.667969
vt 0.679688 0.671875
vt 0.675781 0.671875
vt 0.675781 0.660156
vt 0.679688 0.660156
vt 0.679688 0.664062
vt 0.675781 0.664062
vt 0.683594 0.660156
vt 0.687500 0.660156
vt 0.687500 0.664062
vt 0.683594 0.664062
vt 0.660156 0.667969
vt 0.664062 0.667969
vt 0.664062 0.671875
vt 0.660156 0.671875
vt 0.660156 0.660156
vt 0.664062 0.660156
vt 0.664062 0.664062
vt 0.660156 0.664062
vt 0.667969 0.660156
vt 0.671875 0.660156
vt 0.671875 0.664062
vt 0.667969 0.664062
vt 0.660156 0.683594
vt 0.664062 0.683594
vt 0.664062 0.687500
vt 0.660156 0.687500
vt 0.660156 0.675781
vt 0.664062 0.675781
vt 0.664062 0.679688
vt 0.660156 0.679688
vt 0.667969 0.675781
vt 0.671875 0.675781
vt 0.671875 0.679688
vt 0.667969 0.679688
vt 0.738281 0.667969
vt 0.742188 0.667969
vt 0.742188 0.671875
vt 0.738281 0.671875
vt 0.738281 0.660156
vt 0.742188 0.660156
vt 0.742188 0.664062
vt 0.738281 0.664062
vt 0.746094 0.660156
vt 0.750000 0.660156
vt 0.750000 0.664062
vt 0.746094 0.664062
vt 0.722656 0.667969
vt 0.726562 0.667969
vt 0.726562 0.671875
vt 0.722656 0.671875
vt 0.722656 0.660156
vt 0.726562 0.660156
vt 0.726562 0.664062
vt 0.722656 0.664062
vt 0.730469 0.660156
vt 0.734375 0.660156
vt 0.734375 0.664062
vt 0.730469 0.664062
vt 0.722656 0.683594
vt 0.726562 0.683594
vt 0.726562 0.687500
vt 0.722656 0.687500
vt 0.722656 0.675781
vt 0.726562 0.675781
vt 0.726562 0.679688
vt 0.722656 0.679688
vt 0.730469 0.675781
vt 0.734375 0.675781
vt 0.734375 0.679688
vt 0.730469 0.679688
vt 0.800781 0.730469
vt 0.804688 0.730469
vt 0.804688 0.734375
vt 0.800781 0.734375
vt 0.800781 0.722656
vt 0.804688 0.722656
vt 0.804688 0.726562
vt 0.800781 0.726562
vt 0.808594 0.722656
vt 0.812500 0.722656
vt 0.812500 0.726562
vt 0.808594 0.726562
vt 0.785156 0.730469
vt 0.789062 0.730469
vt 0.789062 0.734375
vt 0.785156 0.734375
vt 0.785156 0.722656
vt 0.789062 0.722656
vt 0.789062 0.726562
vt 0.785156 0.726562
vt 0.792969 0.722656
vt 0.796875 0.722656
vt 0.796875 0.726562
vt 0.792969 0.726562
vt 0.785156 0.746094
vt 0.789062 0.746094
vt 0.789062 0.750000
vt 0.785156 0.750000
vt 0.785156 0.738281
vt 0.789062 0.738281
vt 0.789062 0.742188
vt 0.785156 0.742188
vt 0.792969 0.738281
vt 0.796875 0.738281
vt 0.796875 0.742188
vt 0.792969 0.742188
vt 0.800781 0.667969
vt 0.804688 0.667969
vt 0.804688 0.671875
vt 0.800781 0.671875
vt 0.800781 0.660156
vt 0.804688 0.660156
vt 0.804688 0.664062
vt 0.800781 0.664062
vt 0.808594 0.660156
vt 0.812500 0.660156
vt 0.812500 0.664062
vt 0.808594 0.664062
vt 0.785156 0.667969
vt 0.789062 0.667969
vt 0.789062 0.671875
vt 0.785156 0.671875
vt 0.785156 0.660156
vt 0.789062 0.660156
vt 0.789062 0.664062
vt 0.785156 0.664062
vt 0.792969 0.660156
vt 0.796875 0.660156
vt 0.796875 0.664062
vt 0.792969 0.664062
vt 0.785156 0.683594
vt 0.789062 0.683594
vt 0.789062 0.687500
vt 0.785156 0.687500
vt 0.785156 0.675781
vt 0.789062 0.675781
vt 0.789062 0.679688
vt 0.785156 0.679688
vt 0.792969 0.675781
vt 0.796875 0.675781
vt 0.796875 0.679688
vt 0.792969 0.679688
vt 0.863281 0.667969
vt 0.867188 0.667969
vt 0.867188 0.671875
vt 0.863281 0.671875
vt 0.863281 0.660156
vt 0.867188 0.660156
vt 0.867188 0.664062
vt 0.863281 0.664062
vt 0.871094 0.660156
vt 0.875000 0.660156
vt 0.875000 0.664062
vt 0.871094 0.664062
vt 0.847656 0.667969
vt 0.851562 0.667969
vt 0.851562 0.671875
vt 0.847656 0.671875
vt 0.847656 0.660156
vt 0.851562 0.660156
vt 0.851562 0.664062
vt 0.847656 0.664062
vt 0.855469 0.660156
vt 0.859375 0.660156
vt 0.859375 0.664062
vt 0.855469 0.664062
vt 0.847656 0.683594
vt 0.851562 0.683594
vt 0.851562 0.687500
vt 0.847656 0.687500
vt 0.847656 0.675781
vt 0.851562 0.675781
vt 0.851562 0.679688
vt 0.847656 0.679688
vt 0.855469 0.675781
vt 0.859375 0.675781
vt 0.859375 0.679688
vt 0.855469 0.679688
vt 0.832031 0.667969
vt 0.835938 0.667969
vt 0.835938 0.671875
vt 0.832031 0.671875
vt 0.832031 0.660156
vt 0.835938 0.660156
vt 0.835938 0.664062
vt 0.832031 0.664062
vt 0.839844 0.660156
vt 0.843750 0.660156
vt 0.843750 0.664062
vt 0.839844 0.664062
vt 0.816406 0.667969
vt 0.820312 0.667969
vt 0.820312 0.671875
vt 0.816406 0.671875
vt 0.816406 0.660156
vt 0.820312 0.660156
vt 0.820312 0.664062
vt 0.816406 0.664062
vt 0.824219 0.660156
vt 0.828125 0.660156
vt 0.828125 0.664062
vt 0.824219 0.664062
vt 0.816406 0.683594
vt 0.820312 0.683594
vt 0.820312 0.687500
vt 0.816406 0.687500
vt 0.816406 0.675781
vt 0.820312 0.675781
vt 0.820312 0.679688
vt 0.816406 0.679688
vt 0.824219 0.675781
vt 0.828125 0.675781
vt 0.828125 0.679688
vt 0.824219 0.679688
vt 0.832031 0.636719
vt 0.835938 0.636719
vt 0.835938 0.640625
vt 0.832031 0.640625
vt 0.832031 0.628906
vt 0.835938 0.628906
vt 0.835938 0.632812
vt 0.832031 0.632812
vt 0.839844 0.628906
vt 0.843750 0.628906
vt 0.843750 0.632812
vt 0.839844 0.632812
vt 0.816406 0.636719
vt 0.820312 0.636719
vt 0.820312 0.640625
vt 0.816406 0.640625
vt 0.816406 0.628906
vt 0.820312 0.628906
vt 0.820312 0.632812
vt 0.816406 0.632812
vt 0.824219 0.628906
vt 0.828125 0.628906
vt 0.828125 0.632812
vt 0.824219 0.632812
vt 0.816406 0.652344
vt 0.820312 0.652344
vt 0.820312 0.656250
vt 0.816406 0.656250
vt 0.816406 0.644531
vt 0.820312 0.644531
vt 0.820312 0.648438
vt 0.816406 0.648438
vt 0.824219 0.644531
vt 0.828125 0.644531
vt 0.828125 0.648438
vt 0.824219 0.648438
vt 0.863281 0.636719
vt 0.867188 0.636719
vt 0.867188 0.640625
vt 0.863281 0.640625
vt 0.863281 0.628906
vt 0.867188 0.628906
vt 0.867188 0.632812
vt 0.863281 0.632812
vt 0.871094 0.628906
vt 0.875000 0.628906
vt 0.875000 0.632812
vt 0.871094 0.632812
vt 0.847656 0.636719
vt 0.851562 0.636719
vt 0.851562 0.640625
vt 0.847656 0.640625
vt 0.847656 0.628906
vt 0.851562 0.628906
vt 0.851562 0.632812
vt 0.847656 0.632812
vt 0.855469 0.628906
vt 0.859375 0.628906
vt 0.859375 0.632812
vt 0.855469 0.632812
vt 0.847656 0.652344
vt 0.851562 0.652344
vt 0.851562 0.656250
vt 0.847656 0.656250
vt 0.847656 0.644531
vt 0.851562 0.644531
vt 0.851562 0.648438
vt 0.847656 0.648438
vt 0.855469 0.644531
vt 0.859375 0.644531
vt 0.859375 0.648438
vt 0.855469 0.648438
vt 0.769531 0.667969
vt 0.773438 0.667969
vt 0.773438 0.671875
vt 0.769531 0.671875
vt 0.769531 0.660156
vt 0.773438 0.660156
vt 0.773438 0.664062
vt 0.769531 0.664062
vt 0.777344 0.660156
vt 0.781250 0.660156
vt 0.781250 0.664062
vt 0.777344 0.664062
vt 0.753906 0.667969
vt 0.757812 0.667969
vt 0.757812 0.671875
vt 0.753906 0.671875
vt 0.753906 0.660156
vt 0.757812 0.660156
vt 0.757812 0.664062
vt 0.753906 0.664062
vt 0.761719 0.660156
vt 0.765625 0.660156
vt 0.765625 0.664062
vt 0.761719 0.664062
vt 0.753906 0.683594
vt 0.757812 0.683594
vt 0.757812 0.687500
vt 0.753906 0.687500
vt 0.753906 0.675781
vt 0.757812 0.675781
vt 0.757812 0.679688
vt 0.753906 0.679688
vt 0.761719 0.675781
vt 0.765625 0.675781
vt 0.765625 0.679688
vt 0.761719 0.679688
vt 0.769531 0.636719
vt 0.773438 0.636719
vt 0.773438 0.640625
vt 0.769531 0.640625
vt 0.769531 0.628906
vt 0.773438 0.628906
vt 0.773438 0.632812
vt 0.769531 0.632812
vt 0.777344 0.628906
vt 0.781250 0.628906
vt 0.781250 0.632812
vt 0.777344 0.632812
vt 0.753906 0.636719
vt 0.757812 0.636719
vt 0.757812 0.640625
vt 0.753906 0.640625
vt 0.753906 0.628906
vt 0.757812 0.628906
vt 0.757812 0.632812
vt 0.753906 0.632812
vt 0.761719 0.628906
vt 0.765625 0.628906
vt 0.765625 0.632812
vt 0.761719 0.632812
vt 0.753906 0.652344
vt 0.757812 0.652344
vt 0.757812 0.656250
vt 0.753906 0.656250
vt 0.753906 0.644531
vt 0.757812 0.644531
vt 0.757812 0.648438
vt 0.753906 0.648438
vt 0.761719 0.644531
vt 0.765625 0.644531
vt 0.765625 0.648438
vt 0.761719 0.648438
vt 0.800781 0.636719
vt 0.804688 0.636719
vt 0.804688 0.640625
vt 0.800781 0.640625
vt 0.800781 0.628906
vt 0.804688 0.628906
vt 0.804688 0.632812
vt 0.800781 0.632812
vt 0.808594 0.628906
vt 0.812500 0.628906
vt 0.812500 0.632812
vt 0.808594 0.632812
vt 0.785156 0.636719
vt 0.789062 0.636719
vt 0.789062 0.640625
vt 0.785156 0.640625
vt 0.785156 0.628906
vt 0.789062 0.628906
vt 0.789062 0.632812
vt 0.785156 0.632812
vt 0.792969 0.628906
vt 0.796875 0.628906
vt 0.796875 0.632812
vt 0.792969 0.632812
vt 0.785156 0.652344
vt 0.789062 0.652344
vt 0.789062 0.656250
vt 0.785156 0.656250
vt 0.785156 0.644531
vt 0.789062 0.644531
vt 0.789062 0.648438
vt 0.785156 0.648438
vt 0.792969 0.644531
vt 0.796875 0.644531
vt 0.796875 0.648438
vt 0.792969 0.648438
vt 0.769531 0.730469
vt 0.773438 0.730469
vt 0.773438 0.734375
vt 0.769531 0.734375
vt 0.769531 0.722656
vt 0.773438 0.722656
vt 0.773438 0.726562
vt 0.769531 0.726562
vt 0.777344 0.722656
vt 0.781250 0.722656
vt 0.781250 0.726562
vt 0.777344 0.726562
vt 0.753906 0.730469
vt 0.757812 0.730469
vt 0.757812 0.734375
vt 0.753906 0.734375
vt 0.753906 0.722656
vt 0.757812 0.722656
vt 0.757812 0.726562
vt 0.753906 0.726562
vt 0.761719 0.722656
vt 0.765625 0.722656
vt 0.765625 0.726562
vt 0.761719 0.726562
vt 0.753906 0.746094
vt 0.757812 0.746094
vt 0.757812 0.750000
vt 0.753906 0.750000
vt 0.753906 0.738281
vt 0.757812 0.738281
vt 0.757812 0.742188
vt 0.753906 0.742188
vt 0.761719 0.738281
vt 0.765625 0.738281
vt 0.765625 0.742188
vt 0.761719 0.742188
vt 0.769531 0.699219
vt 0.773438 0.699219
vt 0.773438 0.703125
vt 0.769531 0.703125
vt 0.769531 0.691406
vt 0.773438 0.691406
vt 0.773438 0.695312
vt 0.769531 0.695312
vt 0.777344 0.691406
vt 0.781250 0.691406
vt 0.781250 0.695312
vt 0.777344 0.695312
vt 0.753906 0.699219
vt 0.757812 0.699219
vt 0.757812 0.703125
vt 0.753906 0.703125
vt 0.753906 0.691406
vt 0.757812 0.691406
vt 0.757812 0.695312
vt 0.753906 0.695312
vt 0.761719 0.691406
vt 0.765625 0.691406
vt 0.765625 0.695312
vt 0.761719 0.695312
vt 0.753906 0.714844
vt 0.757812 0.714844
vt 0.757812 0.718750
vt 0.753906 0.718750
vt 0.753906 0.707031
vt 0.757812 0.707031
vt 0.757812 0.710938
vt 0.753906 0.710938
vt 0.761719 0.707031
vt 0.765625 0.707031
vt 0.765625 0.710938
vt 0.761719 0.710938
vt 0.800781 0.699219
vt 0.804688 0.699219
vt 0.804688 0.703125
vt 0.800781 0.703125
vt 0.800781 0.691406
vt 0.804688 0.691406
vt 0.804688 0.695312
vt 0.800781 0.695312
vt 0.808594 0.691406
vt 0.812500 0.691406
vt 0.812500 0.695312
vt 0.808594 0.695312
vt 0.785156 0.699219
vt 0.789062 0.699219
vt 0.789062 0.703125
vt 0.785156 0.703125
vt 0.785156 0.691406
vt 0.789062 0.691406
vt 0.789062 0.695312
vt 0.785156 0.695312
vt 0.792969 0.691406
vt 0.796875 0.691406
vt 0.796875 0.695312
vt 0.792969 0.695312
vt 0.785156 0.714844
vt 0.789062 0.714844
vt 0.789062 0.718750
vt 0.785156 0.718750
vt 0.785156 0.707031
vt 0.789062 0.707031
vt 0.789062 0.710938
vt 0.785156 0.710938
vt 0.792969 0.707031
vt 0.796875 0.707031
vt 0.796875 0.710938
vt 0.792969 0.710938
vt 0.707031 0.667969
vt 0.710938 0.667969
vt 0.710938 0.671875
vt 0.707031 0.671875
vt 0.707031 0.660156
vt 0.710938 0.660156
vt 0.710938 0.664062
vt 0.707031 0.664062
vt 0.714844 0.660156
vt 0.718750 0.660156
vt 0.718750 0.664062
vt 0.714844 0.664062
vt 0.691406 0.667969
vt 0.695312 0.667969
vt 0.695312 0.671875
vt 0.691406 0.671875
vt 0.691406 0.660156
vt 0.695312 0.660156
vt 0.695312 0.664062
vt 0.691406 0.664062
vt 0.699219 0.660156
vt 0.703125 0.660156
vt 0.703125 0.664062
vt 0.699219 0.664062
vt 0.691406 0.683594
vt 0.695312 0.683594
vt 0.695312 0.687500
vt 0.691406 0.687500
vt 0.691406 0.675781
vt 0.695312 0.675781
vt 0.695312 0.679688
vt 0.691406 0.679688
vt 0.699219 0.675781
vt 0.703125 0.675781
vt 0.703125 0.679688
vt 0.699219 0.679688
vt 0.707031 0.636719
vt 0.710938 0.636719
vt 0.710938 0.640625
vt 0.707031 0.640625
vt 0.707031 0.628906
vt 0.710938 0.628906
vt 0.710938 0.632812
vt 0.707031 0.632812
vt 0.714844 0.628906
vt 0.718750 0.628906
vt 0.718750 0.632812
vt 0.714844 0.632812
vt 0.691406 0.636719
vt 0.695312 0.636719
vt 0.695312 0.640625
vt 0.691406 0.640625
vt 0.691406 0.628906
vt 0.695312 0.628906
vt 0.695312 0.632812
vt 0.691406 0.632812
vt 0.699219 0.628906
vt 0.703125 0.628906
vt 0.703125 0.632812
vt 0.699219 0.632812
vt 0.691406 0.652344
vt 0.695312 0.652344
vt 0.695312 0.656250
vt 0.691406 0.656250
vt 0.691406 0.644531
vt 0.695312 0.644531
vt 0.695312 0.648438
vt 0.691406 0.648438
vt 0.699219 0.644531
vt 0.703125 0.644531
vt 0.703125 0.648438
vt 0.699219 0.648438
vt 0.738281 0.636719
vt 0.742188 0.636719
vt 0.742188 0.640625
vt 0.738281 0.640625
vt 0.738281 0.628906
vt 0.742188 0.628906
vt 0.742188 0.632812
vt 0.738281 0.632812
vt 0.746094 0.628906
vt 0.750000 0.628906
vt 0.750000 0.632812
vt 0.746094 0.632812
vt 0.722656 0.636719
vt 0.726562 0.636719
vt 0.726562 0.640625
vt 0.722656 0.640625
vt 0.722656 0.628906
vt 0.726562 0.628906
vt 0.726562 0.632812
vt 0.722656 0.632812
vt 0.730469 0.628906
vt 0.734375 0.628906
vt 0.734375 0.632812
vt 0.730469 0.632812
vt 0.722656 0.652344
vt 0.726562 0.652344
vt 0.726562 0.656250
vt 0.722656 0.656250
vt 0.722656 0.644531
vt 0.726562 0.644531
vt 0.726562 0.648438
vt 0.722656 0.648438
vt 0.730469 0.644531
vt 0.734375 0.644531
vt 0.734375 0.648438
vt 0.730469 0.648438
vt 0.644531 0.667969
vt 0.648438 0.667969
vt 0.648438 0.671875
vt 0.644531 0.671875
vt 0.644531 0.660156
vt 0.648438 0.660156
vt 0.648438 0.664062
vt 0.644531 0.664062
vt 0.652344 0.660156
vt 0.656250 0.660156
vt 0.656250 0.664062
vt 0.652344 0.664062
vt 0.628906 0.667969
vt 0.632812 0.667969
vt 0.632812 0.671875
vt 0.628906 0.671875
vt 0.628906 0.660156
vt 0.632812 0.660156
vt 0.632812 0.664062
vt 0.628906 0.664062
vt 0.636719 0.660156
vt 0.640625 0.660156
vt 0.640625 0.664062
vt 0.636719 0.664062
vt 0.628906 0.683594
vt 0.632812 0.683594
vt 0.632812 0.687500
vt 0.628906 0.687500
vt 0.628906 0.675781
vt 0.632812 0.675781
vt 0.632812 0.679688
vt 0.628906 0.679688
vt 0.636719 0.675781
vt 0.640625 0.675781
vt 0.640625 0.679688
vt 0.636719 0.679688
vt 0.644531 0.636719
vt 0.648438 0.636719
vt 0.648438 0.640625
vt 0.644531 0.640625
vt 0.644531 0.628906
vt 0.648438 0.628906
vt 0.648438 0.632812
vt 0.644531 0.632812
vt 0.652344 0.628906
vt 0.656250 0.628906
vt 0.656250 0.632812
vt 0.652344 0.632812
vt 0.628906 0.636719
vt 0.632812 0.636719
vt 0.632812 0.640625
vt 0.628906 0.640625
vt 0.628906 0.628906
vt 0.632812 0.628906
vt 0.632812 0.632812
vt 0.628906 0.632812
vt 0.636719 0.628906
vt 0.640625 0.628906
vt 0.640625 0.632812
vt 0.636719 0.632812
vt 0.628906 0.652344
vt 0.632812 0.652344
vt 0.632812 0.656250
vt 0.628906 0.656250
vt 0.628906 0.644531
vt 0.632812 0.644531
vt 0.632812 0.648438
vt 0.628906 0.648438
vt 0.636719 0.644531
vt 0.640625 0.644531
vt 0.640625 0.648438
vt 0.636719 0.648438
vt 0.675781 0.636719
vt 0.679688 0.636719
vt 0.679688 0.640625
vt 0.675781 0.640625
vt 0.675781 0.628906
vt 0.679688 0.628906
vt 0.679688 0.632812
vt 0.675781 0.632812
vt 0.683594 0.628906
vt 0.687500 0.628906
vt 0.687500 0.632812
vt 0.683594 0.632812
vt 0.660156 0.636719
vt 0.664062 0.636719
vt 0.664062 0.640625
vt 0.660156 0.640625
vt 0.660156 0.628906
vt 0.664062 0.628906
vt 0.664062 0.632812
vt 0.660156 0.632812
vt 0.667969 0.628906
vt 0.671875 0.628906
vt 0.671875 0.632812
vt 0.667969 0.632812
vt 0.660156 0.652344
vt 0.664062 0.652344
vt 0.664062 0.656250
vt 0.660156 0.656250
vt 0.660156 0.644531
vt 0.664062 0.644531
vt 0.664062 0.648438
vt 0.660156 0.648438
vt 0.667969 0.644531
vt 0.671875 0.644531
vt 0.671875 0.648438
vt 0.667969 0.648438
vt 0.644531 0.730469
vt 0.648438 0.730469
vt 0.648438 0.734375
vt 0.644531 0.734375
vt 0.644531 0.722656
vt 0.648438 0.722656
vt 0.648438 0.726562
vt 0.644531 0.726562
vt 0.652344 0.722656
vt 0.656250 0.722656
vt 0.656250 0.726562
vt 0.652344 0.726562
vt 0.628906 0.730469
vt 0.632812 0.730469
vt 0.632812 0.734375
vt 0.628906 0.734375
vt 0.628906 0.722656
vt 0.632812 0.722656
vt 0.632812 0.726562
vt 0.628906 0.726562
vt 0.636719 0.722656
vt 0.640625 0.722656
vt 0.640625 0.726562
vt 0.636719 0.726562
vt 0.628906 0.746094
vt 0.632812 0.746094
vt 0.632812 0.750000
vt 0.628906 0.750000
vt 0.628906 0.738281
vt 0.632812 0.738281
vt 0.632812 0.742188
vt 0.628906 0.742188
vt 0.636719 0.738281
vt 0.640625 0.738281
vt 0.640625 0.742188
vt 0.636719 0.742188
vt 0.644531 0.699219
vt 0.648438 0.699219
vt 0.648438 0.703125
vt 0.644531 0.703125
vt 0.644531 0.691406
vt 0.648438 0.691406
vt 0.648438 0.695312
vt 0.644531 0.695312
vt 0.652344 0.691406
vt 0.656250 0.691406
vt 0.656250 0.695312
vt 0.652344 0.695312
vt 0.628906 0.699219
vt 0.632812 0.699219
vt 0.632812 0.703125
vt 0.628906 0.703125
vt 0.628906 0.691406
vt 0.632812 0.691406
vt 0.632812 0.695312
vt 0.628906 0.695312
vt 0.636719 0.691406
vt 0.640625 0.691406
vt 0.640625 0.695312
vt 0.636719 0.695312
vt 0.628906 0.714844
vt 0.632812 0.714844
vt 0.632812 0.718750
vt 0.628906 0.718750
vt 0.628906 0.707031
vt 0.632812 0.707031
vt 0.632812 0.710938
vt 0.628906 0.710938
vt 0.636719 0.707031
vt 0.640625 0.707031
vt 0.640625 0.710938
vt 0.636719 0.710938
vt 0.675781 0.699219
vt 0.679688 0.699219
vt 0.679688 0.703125
vt 0.675781 0.703125
vt 0.675781 0.691406
vt 0.679688 0.691406
vt 0.679688 0.695312
vt 0.675781 0.695312
vt 0.683594 0.691406
vt 0.687500 0.691406
vt 0.687500 0.695312
vt 0.683594 0.695312
vt 0.660156 0.699219
vt 0.664062 0.699219
vt 0.664062 0.703125
vt 0.660156 0.703125
vt 0.660156 0.691406
vt 0.664062 0.691406
vt 0.664062 0.695312
vt 0.660156 0.695312
vt 0.667969 0.691406
vt 0.671875 0.691406
vt 0.671875 0.695312
vt 0.667969 0.695312
vt 0.660156 0.714844
vt 0.664062 0.714844
vt 0.664062 0.718750
vt 0.660156 0.718750
vt 0.660156 0.707031
vt 0.664062 0.707031
vt 0.664062 0.710938
vt 0.660156 0.710938
vt 0.667969 0.707031
vt 0.671875 0.707031
vt 0.671875 0.710938
vt 0.667969 0.710938
vt 0.707031 0.542969
vt 0.710938 0.542969
vt 0.710938 0.546875
vt 0.707031 0.546875
vt 0.707031 0.535156
vt 0.710938 0.535156
vt 0.710938 0.539062
vt 0.707031 0.539062
vt 0.714844 0.535156
vt 0.718750 0.535156
vt 0.718750 0.539062
vt 0.714844 0.539062
vt 0.691406 0.542969
vt 0.695312 0.542969
vt 0.695312 0.546875
vt 0.691406 0.546875
vt 0.691406 0.535156
vt 0.695312 0.535156
vt 0.695312 0.539062
vt 0.691406 0.539062
vt 0.699219 0.535156
vt 0.703125 0.535156
vt 0.703125 0.539062
vt 0.699219 0.539062
vt 0.691406 0.558594
vt 0.695312 0.558594
vt 0.695312 0.562500
vt 0.691406 0.562500
vt 0.691406 0.550781
vt 0.695312 0.550781
vt 0.695312 0.554688
vt 0.691406 0.554688
vt 0.699219 0.550781
vt 0.703125 0.550781
vt 0.703125 0.554688
vt 0.699219 0.554688
vt 0.707031 0.511719
vt 0.710938 0.511719
vt 0.710938 0.515625
vt 0.707031 0.515625
vt 0.707031 0.503906
vt 0.710938 0.503906
vt 0.710938 0.507812
vt 0.707031 0.507812
vt 0.714844 0.503906
vt 0.718750 0.503906
vt 0.718750 0.507812
vt 0.714844 0.507812
vt 0.691406 0.511719
vt 0.695312 0.511719
vt 0.695312 0.515625
vt 0.691406 0.515625
vt 0.691406 0.503906
vt 0.695312 0.503906
vt 0.695312 0.507812
vt 0.691406 0.507812
vt 0.699219 0.503906
vt 0.703125 0.503906
vt 0.703125 0.507812
vt 0.699219 0.507812
vt 0.691406 0.527344
vt 0.695312 0.527344
vt 0.695312 0.531250
vt 0.691406 0.531250
vt 0.691406 0.519531
vt 0.695312 0.519531
vt 0.695312 0.523438
vt 0.691406 0.523438
vt 0.699219 0.519531
vt 0.703125 0.519531
vt 0.703125 0.523438
vt 0.699219 0.523438
vt 0.738281 0.511719
vt 0.742188 0.511719
vt 0.742188 0.515625
vt 0.738281 0.515625
vt 0.738281 0.503906
vt 0.742188 0.503906
vt 0.742188 0.507812
vt 0.738281 0.507812
vt 0.746094 0.503906
vt 0.750000 0.503906
vt 0.750000 0.507812
vt 0.746094 0.507812
vt 0.722656 0.511719
vt 0.726562 0.511719
vt 0.726562 0.515625
vt 0.722656 0.515625
vt 0.722656 0.503906
vt 0.726562 0.503906
vt 0.726562 0.507812
vt 0.722656 0.507812
vt 0.730469 0.503906
vt 0.734375 0.503906
vt 0.734375 0.507812
vt 0.730469 0.507812
vt 0.722656 0.527344
vt 0.726562 0.527344
vt 0.726562 0.531250
vt 0.722656 0.531250
vt 0.722656 0.519531
vt 0.726562 0.519531
vt 0.726562 0.523438
vt 0.722656 0.523438
vt 0.730469 0.519531
vt 0.734375 0.519531
vt 0.734375 0.523438
vt 0.730469 0.523438
vt 0.644531 0.542969
vt 0.648438 0.542969
vt 0.648438 0.546875
vt 0.644531 0.546875
vt 0.644531 0.535156
vt 0.648438 0.535156
vt 0.648438 0.539062
vt 0.644531 0.539062
vt 0.652344 0.535156
vt 0.656250 0.535156
vt 0.656250 0.539062
vt 0.652344 0.539062
vt 0.628906 0.542969
vt 0.632812 0.542969
vt 0.632812 0.546875
vt 0.628906 0.546875
vt 0.628906 0.535156
vt 0.632812 0.535156
vt 0.632812 0.539062
vt 0.628906 0.539062
vt 0.636719 0.535156
vt 0.640625 0.535156
vt 0.640625 0.539062
vt 0.636719 0.539062
vt 0.628906 0.558594
vt 0.632812 0.558594
vt 0.632812 0.562500
vt 0.628906 0.562500
vt 0.628906 0.550781
vt 0.632812 0.550781
vt 0.632812 0.554688
vt 0.628906 0.554688
vt 0.636719 0.550781
vt 0.640625 0.550781
vt 0.640625 0.554688
vt 0.636719 0.554688
vt 0.644531 0.511719
vt 0.648438 0.511719
vt 0.648438 0.515625
vt 0.644531 0.515625
vt 0.644531 0.503906
vt 0.648438 0.503906
vt 0.648438 0.507812
vt 0.644531 0.507812
vt 0.652344 0.503906
vt 0.656250 0.503906
vt 0.656250 0.507812
vt 0.652344 0.507812
vt 0.628906 0.511719
vt 0.632812 0.511719
vt 0.632812 0.515625
vt 0.628906 0.515625
vt 0.628906 0.503906
vt 0.632812 0.503906
vt 0.632812 0.507812
vt 0.628906 0.507812
vt 0.636719 0.503906
vt 0.640625 0.503906
vt 0.640625 0.507812
vt 0.636719 0.507812
vt 0.628906 0.527344
vt 0.632812 0.527344
vt 0.632812 0.531250
vt 0.628906 0.531250
vt 0.628906 0.519531
vt 0.632812 0.519531
vt 0.632812 0.523438
vt 0.628906 0.523438
vt 0.636719 0.519531
vt 0.640625 0.519531
vt 0.640625 0.523438
vt 0.636719 0.523438
vt 0.675781 0.511719
vt 0.679688 0.511719
vt 0.679688 0.515625
vt 0.675781 0.515625
vt 0.675781 0.503906
vt 0.679688 0.503906
vt 0.679688 0.507812
vt 0.675781 0.507812
vt 0.683594 0.503906
vt 0.687500 0.503906
vt 0.687500 0.507812
vt 0.683594 0.507812
vt 0.660156 0.511719
vt 0.664062 0.511719
vt 0.664062 0.515625
vt 0.660156 0.515625
vt 0.660156 0.503906
vt 0.664062 0.503906
vt 0.664062 0.507812
vt 0.660156 0.507812
vt 0.667969 0.503906
vt 0.671875 0.503906
vt 0.671875 0.507812
vt 0.667969 0.507812
vt 0.660156 0.527344
vt 0.664062 0.527344
vt 0.664062 0.531250
vt 0.660156 0.531250
vt 0.660156 0.519531
vt 0.664062 0.519531
vt 0.664062 0.523438
vt 0.660156 0.523438
vt 0.667969 0.519531
vt 0.671875 0.519531
vt 0.671875 0.523438
vt 0.667969 0.523438
vt 0.644531 0.605469
vt 0.648438 0.605469
vt 0.648438 0.609375
vt 0.644531 0.609375
vt 0.644531 0.597656
vt 0.648438 0.597656
vt 0.648438 0.601562
vt 0.644531 0.601562
vt 0.652344 0.597656
vt 0.656250 0.597656
vt 0.656250 0.601562
vt 0.652344 0.601562
vt 0.628906 0.605469
vt 0.632812 0.605469
vt 0.632812 0.609375
vt 0.628906 0.609375
vt 0.628906 0.597656
vt 0.632812 0.597656
vt 0.632812 0.601562
vt 0.628906 0.601562
vt 0.636719 0.597656
vt 0.640625 0.597656
vt 0.640625 0.601562
vt 0.636719 0.601562
vt 0.628906 0.621094
vt 0.632812 0.621094
vt 0.632812 0.625000
vt 0.628906 0.625000
vt 0.628906 0.613281
vt 0.632812 0.613281
vt 0.632812 0.617188
vt 0.628906 0.617188
vt 0.636719 0.613281
vt 0.640625 0.613281
vt 0.640625 0.617188
vt 0.636719 0.617188
vt 0.644531 0.574219
vt 0.648438 0.574219
vt 0.648438 0.578125
vt 0.644531 0.578125
vt 0.644531 0.566406
vt 0.648438 0.566406
vt 0.648438 0.570312
vt 0.644531 0.570312
vt 0.652344 0.566406
vt 0.656250 0.566406
vt 0.656250 0.570312
vt 0.652344 0.570312
vt 0.628906 0.574219
vt 0.632812 0.574219
vt 0.632812 0.578125
vt 0.628906 0.578125
vt 0.628906 0.566406
vt 0.632812 0.566406
vt 0.632812 0.570312
vt 0.628906 0.570312
vt 0.636719 0.566406
vt 0.640625 0.566406
vt 0.640625 0.570312
vt 0.636719 0.570312
vt 0.628906 0.589844
vt 0.632812 0.589844
vt 0.632812 0.593750
vt 0.628906 0.593750
vt 0.628906 0.582031
vt 0.632812 0.582031
vt 0.632812 0.585938
vt 0.628906 0.585938
vt 0.636719 0.582031
vt 0.640625 0.582031
vt 0.640625 0.585938
vt 0.636719 0.585938
vt 0.675781 0.574219
vt 0.679688 0.574219
vt 0.679688 0.578125
vt 0.675781 0.578125
vt 0.675781 0.566406
vt 0.679688 0.566406
vt 0.679688 0.570312
vt 0.675781 0.570312
vt 0.683594 0.566406
vt 0.687500 0.566406
vt 0.687500 0.570312
vt 0.683594 0.570312
vt 0.660156 0.574219
vt 0.664062 0.574219
vt 0.664062 0.578125
vt 0.660156 0.578125
vt 0.660156 0.566406
vt 0.664062 0.566406
vt 0.664062 0.570312
vt 0.660156 0.570312
vt 0.667969 0.566406
vt 0.671875 0.566406
vt 0.671875 0.570312
vt 0.667969 0.570312
vt 0.660156 0.589844
vt 0.664062 0.589844
vt 0.664062 0.593750
vt 0.660156 0.593750
vt 0.660156 0.582031
vt 0.664062 0.582031
vt 0.664062 0.585938
vt 0.660156 0.585938
vt 0.667969 0.582031
vt 0.671875 0.582031
vt 0.671875 0.585938
vt 0.667969 0.585938
vt 0.832031 0.542969
vt 0.835938 0.542969
vt 0.835938 0.546875
vt 0.832031 0.546875
vt 0.832031 0.535156
vt 0.835938 0.535156
vt 0.835938 0.539062
vt 0.832031 0.539062
vt 0.839844 0.535156
vt 0.843750 0.535156
vt 0.843750 0.539062
vt 0.839844 0.539062
vt 0.816406 0.542969
vt 0.820312 0.542969
vt 0.820312 0.546875
vt 0.816406 0.546875
vt 0.816406 0.535156
vt 0.820312 0.535156
vt 0.820312 0.539062
vt 0.816406 0.539062
vt 0.824219 0.535156
vt 0.828125 0.535156
vt 0.828125 0.539062
vt 0.824219 0.539062
vt 0.816406 0.558594
vt 0.820312 0.558594
vt 0.820312 0.562500
vt 0.816406 0.562500
vt 0.816406 0.550781
vt 0.820312 0.550781
vt 0.820312 0.554688
vt 0.816406 0.554688
vt 0.824219 0.550781
vt 0.828125 0.550781
vt 0.828125 0.554688
vt 0.824219 0.554688
vt 0.832031 0.511719
vt 0.835938 0.511719
vt 0.835938 0.515625
vt 0.832031 0.515625
vt 0.832031 0.503906
vt 0.835938 0.503906
vt 0.835938 0.507812
vt 0.832031 0.507812
vt 0.839844 0.503906
vt 0.843750 0.503906
vt 0.843750 0.507812
vt 0.839844 0.507812
vt 0.816406 0.511719
vt 0.820312 0.511719
vt 0.820312 0.515625
vt 0.816406 0.515625
vt 0.816406 0.503906
vt 0.820312 0.503906
vt 0.820312 0.507812
vt 0.816406 0.507812
vt 0.824219 0.503906
vt 0.828125 0.503906
vt 0.828125 0.507812
vt 0.824219 0.507812
vt 0.816406 0.527344
vt 0.820312 0.527344
vt 0.820312 0.531250
vt 0.816406 0.531250
vt 0.816406 0.519531
vt 0.820312 0.519531
vt 0.820312 0.523438
vt 0.816406 0.523438
vt 0.824219 0.519531
vt 0.828125 0.519531
vt 0.828125 0.523438
vt 0.824219 0.523438
vt 0.863281 0.511719
vt 0.867188 0.511719
vt 0.867188 0.515625
vt 0.863281 0.515625
vt 0.863281 0.503906
vt 0.867188 0.503906
vt 0.867188 0.507812
vt 0.863281 0.507812
vt 0.871094 0.503906
vt 0.875000 0.503906
vt 0.875000 0.507812
vt 0.871094 0.507812
vt 0.847656 0.511719
vt 0.851562 0.511719
vt 0.851562 0.515625
vt 0.847656 0.515625
vt 0.847656 0.503906
vt 0.851562 0.503906
vt 0.851562 0.507812
vt 0.847656 0.507812
vt 0.855469 0.503906
vt 0.859375 0.503906
vt 0.859375 0.507812
vt 0.855469 0.507812
vt 0.847656 0.527344
vt 0.851562 0.527344
vt 0.851562 0.531250
vt 0.847656 0.531250
vt 0.847656 0.519531
vt 0.851562 0.519531
vt 0.851562 0.523438
vt 0.847656 0.523438
vt 0.855469 0.519531
vt 0.859375 0.519531
vt 0.859375 0.523438
vt 0.855469 0.523438
vt 0.769531 0.542969
vt 0.773438 0.542969
vt 0.773438 0.546875
vt 0.769531 0.546875
vt 0.769531 0.535156
vt 0.773438 0.535156
vt 0.773438 0.539062
vt 0.769531 0.539062
vt 0.777344 0.535156
vt 0.781250 0.535156
vt 0.781250 0.539062
vt 0.777344 0.539062
vt 0.753906 0.542969
vt 0.757812 0.542969
vt 0.757812 0.546875
vt 0.753906 0.546875
vt 0.753906 0.535156
vt 0.757812 0.535156
vt 0.757812 0.539062
vt 0.753906 0.539062
vt 0.761719 0.535156
vt 0.765625 0.535156
vt 0.765625 0.539062
vt 0.761719 0.539062
vt 0.753906 0.558594
vt 0.757812 0.558594
vt 0.757812 0.562500
vt 0.753906 0.562500
vt 0.753906 0.550781
vt 0.757812 0.550781
vt 0.757812 0.554688
vt 0.753906 0.554688
vt 0.761719 0.550781
vt 0.765625 0.550781
vt 0.765625 0.554688
vt 0.761719 0.554688
vt 0.769531 0.511719
vt 0.773438 0.511719
vt 0.773438 0.515625
vt 0.769531 0.515625
vt 0.769531 0.503906
vt 0.773438 0.503906
vt 0.773438 0.507812
vt 0.769531 0.507812
vt 0.777344 0.503906
vt 0.781250 0.503906
vt 0.781250 0.507812
vt 0.777344 0.507812
vt 0.753906 0.511719
vt 0.757812 0.511719
vt 0.757812 0.515625
vt 0.753906 0.515625
vt 0.753906 0.503906
vt 0.757812 0.503906
vt 0.757812 0.507812
vt 0.753906 0.507812
vt 0.761719 0.503906
vt 0.765625 0.503906
vt 0.765625 0.507812
vt 0.761719 0.507812
vt 0.753906 0.527344
vt 0.757812 0.527344
vt 0.757812 0.531250
vt 0.753906 0.531250
vt 0.753906 0.519531
vt 0.757812 0.519531
vt 0.757812 0.523438
vt 0.753906 0.523438
vt 0.761719 0.519531
vt 0.765625 0.519531
vt 0.765625 0.523438
vt 0.761719 0.523438
vt 0.800781 0.511719
vt 0.804688 0.511719
vt 0.804688 0.515625
vt 0.800781 0.515625
vt 0.800781 0.503906
vt 0.804688 0.503906
vt 0.804688 0.507812
vt 0.800781 0.507812
vt 0.808594 0.503906
vt 0.812500 0.503906
vt 0.812500 0.507812
vt 0.808594 0.507812
vt 0.785156 0.511719
vt 0.789062 0.511719
vt 0.789062 0.515625
vt 0.785156 0.515625
vt 0.785156 0.503906
vt 0.789062 0.503906
vt 0.789062 0.507812
vt 0.785156 0.507812
vt 0.792969 0.503906
vt 0.796875 0.503906
vt 0.796875 0.507812
vt 0.792969 0.507812
vt 0.785156 0.527344
vt 0.789062 0.527344
vt 0.789062 0.531250
vt 0.785156 0.531250
vt 0.785156 0.519531
vt 0.789062 0.519531
vt 0.789062 0.523438
vt 0.785156 0.523438
vt 0.792969 0.519531
vt 0.796875 0.519531
vt 0.796875 0.523438
vt 0.792969 0.523438
vt 0.769531 0.605469
vt 0.773438 0.605469
vt 0.773438 0.609375
vt 0.769531 0.609375
vt 0.769531 0.597656
vt 0.773438 0.597656
vt 0.773438 0.601562
vt 0.769531 0.601562
vt 0.777344 0.597656
vt 0.781250 0.597656
vt 0.781250 0.601562
vt 0.777344 0.601562
vt 0.753906 0.605469
vt 0.757812 0.605469
vt 0.757812 0.609375
vt 0.753906 0.609375
vt 0.753906 0.597656
vt 0.757812 0.597656
vt 0.757812 0.601562
vt 0.753906 0.601562
vt 0.761719 0.597656
vt 0.765625 0.597656
vt 0.765625 0.601562
vt 0.761719 0.601562
vt 0.753906 0.621094
vt 0.757812 0.621094
vt 0.757812 0.625000
vt 0.753906 0.625000
vt 0.753906 0.613281
vt 0.757812 0.613281
vt 0.757812 0.617188
vt 0.753906 0.617188
vt 0.761719 0.613281
vt 0.765625 0.613281
vt 0.765625 0.617188
vt 0.761719 0.617188
vt 0.769531 0.574219
vt 0.773438 0.574219
vt 0.773438 0.578125
vt 0.769531 0.578125
vt 0.769531 0.566406
vt 0.773438 0.566406
vt 0.773438 0.570312
vt 0.769531 0.570312
vt 0.777344 0.566406
vt 0.781250 0.566406
vt 0.781250 0.570312
vt 0.777344 0.570312
vt 0.753906 0.574219
vt 0.757812 0.574219
vt 0.757812 0.578125
vt 0.753906 0.578125
vt 0.753906 0.566406
vt 0.757812 0.566406
vt 0.757812 0.570312
vt 0.753906 0.570312
vt 0.761719 0.566406
vt 0.765625 0.566406
vt 0.765625 0.570312
vt 0.761719 0.570312
vt 0.753906 0.589844
vt 0.757812 0.589844
vt 0.757812 0.593750
vt 0.753906 0.593750
vt 0.753906 0.582031
vt 0.757812 0.582031
vt 0.757812 0.585938
vt 0.753906 0.585938
vt 0.761719 0.582031
vt 0.765625 0.582031
vt 0.765625 0.585938
vt 0.761719 0.585938
vt 0.800781 0.574219
vt 0.804688 0.574219
vt 0.804688 0.578125
vt 0.800781 0.578125
vt 0.800781 0.566406
vt 0.804688 0.566406
vt 0.804688 0.570312
vt 0.800781 0.570312
vt 0.808594 0.566406
vt 0.812500 0.566406
vt 0.812500 0.570312
vt 0.808594 0.570312
vt 0.785156 0.574219
vt 0.789062 0.574219
vt 0.789062 0.578125
vt 0.785156 0.578125
vt 0.785156 0.566406
vt 0.789062 0.566406
vt 0.789062 0.570312
vt 0.785156 0.570312
vt 0.792969 0.566406
vt 0.796875 0.566406
vt 0.796875 0.570312
vt 0.792969 0.570312
vt 0.785156 0.589844
vt 0.789062 0.589844
vt 0.789062 0.593750
vt 0.785156 0.593750
vt 0.785156 0.582031
vt 0.789062 0.582031
vt 0.789062 0.585938
vt 0.785156 0.585938
vt 0.792969 0.582031
vt 0.796875 0.582031
vt 0.796875 0.585938
vt 0.792969 0.585938
vt 0.832031 0.605469
vt 0.835938 0.605469
vt 0.835938 0.609375
vt 0.832031 0.609375
vt 0.832031 0.597656
vt 0.835938 0.597656
vt 0.835938 0.601562
vt 0.832031 0.601562
vt 0.839844 0.597656
vt 0.843750 0.597656
vt 0.843750 0.601562
vt 0.839844 0.601562
vt 0.816406 0.605469
vt 0.820312 0.605469
vt 0.820312 0.609375
vt 0.816406 0.609375
vt 0.816406 0.597656
vt 0.820312 0.597656
vt 0.820312 0.601562
vt 0.816406 0.601562
vt 0.824219 0.597656
vt 0.828125 0.597656
vt 0.828125 0.601562
vt 0.824219 0.601562
vt 0.816406 0.621094
vt 0.820312 0.621094
vt 0.820312 0.625000
vt 0.816406 0.625000
vt 0.816406 0.613281
vt 0.820312 0.613281
vt 0.820312 0.617188
vt 0.816406 0.617188
vt 0.824219 0.613281
vt 0.828125 0.613281
vt 0.828125 0.617188
vt 0.824219 0.617188
vt 0.832031 0.574219
vt 0.835938 0.574219
vt 0.835938 0.578125
vt 0.832031 0.578125
vt 0.832031 0.566406
vt 0.835938 0.566406
vt 0.835938 0.570312
vt 0.832031 0.570312
vt 0.839844 0.566406
vt 0.843750 0.566406
vt 0.843750 0.570312
vt 0.839844 0.570312
vt 0.816406 0.574219
vt 0.820312 0.574219
vt 0.820312 0.578125
vt 0.816406 0.578125
vt 0.816406 0.566406
vt 0.820312 0.566406
vt 0.820312 0.570312
vt 0.816406 0.570312
vt 0.824219 0.566406
vt 0.828125 0.566406
vt 0.828125 0.570312
vt 0.824219 0.570312
vt 0.816406 0.589844
vt 0.820312 0.589844
vt 0.820312 0.593750
vt 0.816406 0.593750
vt 0.816406 0.582031
vt 0.820312 0.582031
vt 0.820312 0.585938
vt 0.816406 0.585938
vt 0.824219 0.582031
vt 0.828125 0.582031
vt 0.828125 0.585938
vt 0.824219 0.585938
vt 0.863281 0.574219
vt 0.867188 0.574219
vt 0.867188 0.578125
vt 0.863281 0.578125
vt 0.863281 0.566406
vt 0.867188 0.566406
vt 0.867188 0.570312
vt 0.863281 0.570312
vt 0.871094 0.566406
vt 0.875000 0.566406
vt 0.875000 0.570312
vt 0.871094 0.570312
vt 0.847656 0.574219
vt 0.851562 0.574219
vt 0.851562 0.578125
vt 0.847656 0.578125
vt 0.847656 0.566406
vt 0.851562 0.566406
vt 0.851562 0.570312
vt 0.847656 0.570312
vt 0.855469 0.566406
vt 0.859375 0.566406
vt 0.859375 0.570312
vt 0.855469 0.570312
vt 0.847656 0.589844
vt 0.851562 0.589844
vt 0.851562 0.593750
vt 0.847656 0.593750
vt 0.847656 0.582031
vt 0.851562 0.582031
vt 0.851562 0.585938
vt 0.847656 0.585938
vt 0.855469 0.582031
vt 0.859375 0.582031
vt 0.859375 0.585938
vt 0.855469 0.585938
vt 0.707031 0.605469
vt 0.710938 0.605469
vt 0.710938 0.609375
vt 0.707031 0.609375
vt 0.707031 0.597656
vt 0.710938 0.597656
vt 0.710938 0.601562
vt 0.707031 0.601562
vt 0.714844 0.597656
vt 0.718750 0.597656
vt 0.718750 0.601562
vt 0.714844 0.601562
vt 0.691406 0.605469
vt 0.695312 0.605469
vt 0.695312 0.609375
vt 0.691406 0.609375
vt 0.691406 0.597656
vt 0.695312 0.597656
vt 0.695312 0.601562
vt 0.691406 0.601562
vt 0.699219 0.597656
vt 0.703125 0.597656
vt 0.703125 0.601562
vt 0.699219 0.601562
vt 0.691406 0.621094
vt 0.695312 0.621094
vt 0.695312 0.625000
vt 0.691406 0.625000
vt 0.691406 0.613281
vt 0.695312 0.613281
vt 0.695312 0.617188
vt 0.691406 0.617188
vt 0.699219 0.613281
vt 0.703125 0.613281
vt 0.703125 0.617188
vt 0.699219 0.617188
vt 0.707031 0.574219
vt 0.710938 0.574219
vt 0.710938 0.578125
vt 0.707031 0.578125
vt 0.707031 0.566406
vt 0.710938 0.566406
vt 0.710938 0.570312
vt 0.707031 0.570312
vt 0.714844 0.566406
vt 0.718750 0.566406
vt 0.718750 0.570312
vt 0.714844 0.570312
vt 0.691406 0.574219
vt 0.695312 0.574219
vt 0.695312 0.578125
vt 0.691406 0.578125
vt 0.691406 0.566406
vt 0.695312 0.566406
vt 0.695312 0.570312
vt 0.691406 0.570312
vt 0.699219 0.566406
vt 0.703125 0.566406
vt 0.703125 0.570312
vt 0.699219 0.570312
vt 0.691406 0.589844
vt 0.695312 0.589844
vt 0.695312 0.593750
vt 0.691406 0.593750
vt 0.691406 0.582031
vt 0.695312 0.582031
vt 0.695312 0.585938
vt 0.691406 0.585938
vt 0.699219 0.582031
vt 0.703125 0.582031
vt 0.703125 0.585938
vt 0.699219 0.585938
vt 0.738281 0.574219
vt 0.742188 0.574219
vt 0.742188 0.578125
vt 0.738281 0.578125
vt 0.738281 0.566406
vt 0.742188 0.566406
vt 0.742188 0.570312
vt 0.738281 0.570312
vt 0.746094 0.566406
vt 0.750000 0.566406
vt 0.750000 0.570312
vt 0.746094 0.570312
vt 0.722656 0.574219
vt 0.726562 0.574219
vt 0.726562 0.578125
vt 0.722656 0.578125
vt 0.722656 0.566406
vt 0.726562 0.566406
vt 0.726562 0.570312
vt 0.722656 0.570312
vt 0.730469 0.566406
vt 0.734375 0.566406
vt 0.734375 0.570312
vt 0.730469 0.570312
vt 0.722656 0.589844
vt 0.726562 0.589844
vt 0.726562 0.593750
vt 0.722656 0.593750
vt 0.722656 0.582031
vt 0.726562 0.582031
vt 0.726562 0.585938
vt 0.722656 0.585938
vt 0.730469 0.582031
vt 0.734375 0.582031
vt 0.734375 0.585938
vt 0.730469 0.585938
vt 0.707031 0.730469
vt 0.710938 0.730469
vt 0.710938 0.734375
vt 0.707031 0.734375
vt 0.707031 0.722656
vt 0.710938 0.722656
vt 0.710938 0.726562
vt 0.707031 0.726562
vt 0.714844 0.722656
vt 0.718750 0.722656
vt 0.718750 0.726562
vt 0.714844 0.726562
vt 0.691406 0.730469
vt 0.695312 0.730469
vt 0.695312 0.734375
vt 0.691406 0.734375
vt 0.691406 0.722656
vt 0.695312 0.722656
vt 0.695312 0.726562
vt 0.691406 0.726562
vt 0.699219 0.722656
vt 0.703125 0.722656
vt 0.703125 0.726562
vt 0.699219 0.726562
vt 0.691406 0.746094
vt 0.695312 0.746094
vt 0.695312 0.750000
vt 0.691406 0.750000
vt 0.691406 0.738281
vt 0.695312 0.738281
vt 0.695312 0.742188
vt 0.691406 0.742188
vt 0.699219 0.738281
vt 0.703125 0.738281
vt 0.703125 0.742188
vt 0.699219 0.742188
vt 0.707031 0.699219
vt 0.710938 0.699219
vt 0.710938 0.703125
vt 0.707031 0.703125
vt 0.707031 0.691406
vt 0.710938 0.691406
vt 0.710938 0.695312
vt 0.707031 0.695312
vt 0.714844 0.691406
vt 0.718750 0.691406
vt 0.718750 0.695312
vt 0.714844 0.695312
vt 0.691406 0.699219
vt 0.695312 0.699219
vt 0.695312 0.703125
vt 0.691406 0.703125
vt 0.691406 0.691406
vt 0.695312 0.691406
vt 0.695312 0.695312
vt 0.691406 0.695312
vt 0.699219 0.691406
vt 0.703125 0.691406
vt 0.703125 0.695312
vt 0.699219 0.695312
vt 0.691406 0.714844
vt 0.695312 0.714844
vt 0.695312 0.718750
vt 0.691406 0.718750
vt 0.691406 0.707031
vt 0.695312 0.707031
vt 0.695312 0.710938
vt 0.691406 0.710938
vt 0.699219 0.707031
vt 0.703125 0.707031
vt 0.703125 0.710938
vt 0.699219 0.710938
vt 0.738281 0.699219
vt 0.742188 0.699219
vt 0.742188 0.703125
vt 0.738281 0.703125
vt 0.738281 0.691406
vt 0.742188 0.691406
vt 0.742188 0.695312
vt 0.738281 0.695312
vt 0.746094 0.691406
vt 0.750000 0.691406
vt 0.750000 0.695312
vt 0.746094 0.695312
vt 0.722656 0.699219
vt 0.726562 0.699219
vt 0.726562 0.703125
vt 0.722656 0.703125
vt 0.722656 0.691406
vt 0.726562 0.691406
vt 0.726562 0.695312
vt 0.722656 0.695312
vt 0.730469 0.691406
vt 0.734375 0.691406
vt 0.734375 0.695312
vt 0.730469 0.695312
vt 0.722656 0.714844
vt 0.726562 0.714844
vt 0.726562 0.718750
vt 0.722656 0.718750
vt 0.722656 0.707031
vt 0.726562 0.707031
vt 0.726562 0.710938
vt 0.722656 0.710938
vt 0.730469 0.707031
vt 0.734375 0.707031
vt 0.734375 0.710938
vt 0.730469 0.710938
vt 0.832031 0.730469
vt 0.835938 0.730469
vt 0.835938 0.734375
vt 0.832031 0.734375
vt 0.832031 0.722656
vt 0.835938 0.722656
vt 0.835938 0.726562
vt 0.832031 0.726562
vt 0.839844 0.722656
vt 0.843750 0.722656
vt 0.843750 0.726562
vt 0.839844 0.726562
vt 0.816406 0.730469
vt 0.820312 0.730469
vt 0.820312 0.734375
vt 0.816406 0.734375
vt 0.816406 0.722656
vt 0.820312 0.722656
vt 0.820312 0.726562
vt 0.816406 0.726562
vt 0.824219 0.722656
vt 0.828125 0.722656
vt 0.828125 0.726562
vt 0.824219 0.726562
vt 0.816406 0.746094
vt 0.820312 0.746094
vt 0.820312 0.750000
vt 0.816406 0.750000
vt 0.816406 0.738281
vt 0.820312 0.738281
vt 0.820312 0.742188
vt 0.816406 0.742188
vt 0.824219 0.738281
vt 0.828125 0.738281
vt 0.828125 0.742188
vt 0.824219 0.742188
vt 0.832031 0.699219
vt 0.835938 0.699219
vt 0.835938 0.703125
vt 0.832031 0.703125
vt 0.832031 0.691406
vt 0.835938 0.691406
vt 0.835938 0.695312
vt 0.832031 0.695312
vt 0.839844 0.691406
vt 0.843750 0.691406
vt 0.843750 0.695312
vt 0.839844 0.695312
vt 0.816406 0.699219
vt 0.820312 0.699219
vt 0.820312 0.703125
vt 0.816406 0.703125
vt 0.816406 0.691406
vt 0.820312 0.691406
vt 0.820312 0.695312
vt 0.816406 0.695312
vt 0.824219 0.691406
vt 0.828125 0.691406
vt 0.828125 0.695312
vt 0.824219 0.695312
vt 0.816406 0.714844
vt 0.820312 0.714844
vt 0.820312 0.718750
vt 0.816406 0.718750
vt 0.816406 0.707031
vt 0.820312 0.707031
vt 0.820312 0.710938
vt 0.816406 0.710938
vt 0.824219 0.707031
vt 0.828125 0.707031
vt 0.828125 0.710938
vt 0.824219 0.710938
vt 0.863281 0.699219
vt 0.867188 0.699219
vt 0.867188 0.703125
vt 0.863281 0.703125
vt 0.863281 0.691406
vt 0.867188 0.691406
vt 0.867188 0.695312
vt 0.863281 0.695312
vt 0.871094 0.691406
vt 0.875000 0.691406
vt 0.875000 0.695312
vt 0.871094 0.695312
vt 0.847656 0.699219
vt 0.851562 0.699219
vt 0.851562 0.703125
vt 0.847656 0.703125
vt 0.847656 0.691406
vt 0.851562 0.691406
vt 0.851562 0.695312
vt 0.847656 0.695312
vt 0.855469 0.691406
vt 0.859375 0.691406
vt 0.859375 0.695312
vt 0.855469 0.695312
vt 0.847656 0.714844
vt 0.851562 0.714844
vt 0.851562 0.718750
vt 0.847656 0.718750
vt 0.847656 0.707031
vt 0.851562 0.707031
vt 0.851562 0.710938
vt 0.847656 0.710938
vt 0.855469 0.707031
vt 0.859375 0.707031
vt 0.859375 0.710938
vt 0.855469 0.710938
vt 0.863281 0.714844
vt 0.867188 0.714844
vt 0.867188 0.718750
vt 0.863281 0.718750
vt 0.863281 0.707031
vt 0.867188 0.707031
vt 0.867188 0.710938
vt 0.863281 0.710938
vt 0.871094 0.707031
vt 0.875000 0.707031
vt 0.875000 0.710938
vt 0.871094 0.710938
vt 0.832031 0.714844
vt 0.835938 0.714844
vt 0.835938 0.718750
vt 0.832031 0.718750
vt 0.832031 0.707031
vt 0.835938 0.707031
vt 0.835938 0.710938
vt 0.832031 0.710938
vt 0.839844 0.707031
vt 0.843750 0.707031
vt 0.843750 0.710938
vt 0.839844 0.710938
vt 0.832031 0.746094
vt 0.835938 0.746094
vt 0.835938 0.750000
vt 0.832031 0.750000
vt 0.832031 0.738281
vt 0.835938 0.738281
vt 0.835938 0.742188
vt 0.832031 0.742188
vt 0.839844 0.738281
vt 0.843750 0.738281
vt 0.843750 0.742188
vt 0.839844 0.742188
vt 0.738281 0.714844
vt 0.742188 0.714844
vt 0.742188 0.718750
vt 0.738281 0.718750
vt 0.738281 0.707031
vt 0.742188 0.707031
vt 0.742188 0.710938
vt 0.738281 0.710938
vt 0.746094 0.707031
vt 0.750000 0.707031
vt 0.750000 0.710938
vt 0.746094 0.710938
vt 0.707031 0.714844
vt 0.710938 0.714844
vt 0.710938 0.718750
vt 0.707031 0.718750
vt 0.707031 0.707031
vt 0.710938 0.707031
vt 0.710938 0.710938
vt 0.707031 0.710938
vt 0.714844 0.707031
vt 0.718750 0.707031
vt 0.718750 0.710938
vt 0.714844 0.710938
vt 0.707031 0.746094
vt 0.710938 0.746094
vt 0.710938 0.750000
vt 0.707031 0.750000
vt 0.707031 0.738281
vt 0.710938 0.738281
vt 0.710938 0.742188
vt 0.707031 0.742188
vt 0.714844 0.738281
vt 0.718750 0.738281
vt 0.718750 0.742188
vt 0.714844 0.742188
vt 0.738281 0.589844
vt 0.742188 0.589844
vt 0.742188 0.593750
vt 0.738281 0.593750
vt 0.738281 0.582031
vt 0.742188 0.582031
vt 0.742188 0.585938
vt 0.738281 0.585938
vt 0.746094 0.582031
vt 0.750000 0.582031
vt 0.750000 0.585938
vt 0.746094 0.585938
vt 0.707031 0.589844
vt 0.710938 0.589844
vt 0.710938 0.593750
vt 0.707031 0.593750
vt 0.707031 0.582031
vt 0.710938 0.582031
vt 0.710938 0.585938
vt 0.707031 0.585938
vt 0.714844 0.582031
vt 0.718750 0.582031
vt 0.718750 0.585938
vt 0.714844 0.585938
vt 0.707031 0.621094
vt 0.710938 0.621094
vt 0.710938 0.625000
vt 0.707031 0.625000
vt 0.707031 0.613281
vt 0.710938 0.613281
vt 0.710938 0.617188
vt 0.707031 0.617188
vt 0.714844 0.613281
vt 0.718750 0.613281
vt 0.718750 0.617188
vt 0.714844 0.617188
vt 0.863281 0.589844
vt 0.867188 0.589844
vt 0.867188 0.593750
vt 0.863281 0.593750
vt 0.863281 0.582031
vt 0.867188 0.582031
vt 0.867188 0.585938
vt 0.863281 0.585938
vt 0.871094 0.582031
vt 0.875000 0.582031
vt 0.875000 0.585938
vt 0.871094 0.585938
vt 0.832031 0.589844
vt 0.835938 0.589844
vt 0.835938 0.593750
vt 0.832031 0.593750
vt 0.832031 0.582031
vt 0.835938 0.582031
vt 0.835938 0.585938
vt 0.832031 0.585938
vt 0.839844 0.582031
vt 0.843750 0.582031
vt 0.843750 0.585938
vt 0.839844 0.585938
vt 0.832031 0.621094
vt 0.835938 0.621094
vt 0.835938 0.625000
vt 0.832031 0.625000
vt 0.832031 0.613281
vt 0.835938 0.613281
vt 0.835938 0.617188
vt 0.832031 0.617188
vt 0.839844 0.613281
vt 0.843750 0.613281
vt 0.843750 0.617188
vt 0.839844 0.617188
vt 0.800781 0.589844
vt 0.804688 0.589844
vt 0.804688 0.593750
vt 0.800781 0.593750
vt 0.800781 0.582031
vt 0.804688 0.582031
vt 0.804688 0.585938
vt 0.800781 0.585938
vt 0.808594 0.582031
vt 0.812500 0.582031
vt 0.812500 0.585938
vt 0.808594 0.585938
vt 0.769531 0.589844
vt 0.773438 0.589844
vt 0.773438 0.593750
vt 0.769531 0.593750
vt 0.769531 0.582031
vt 0.773438 0.582031
vt 0.773438 0.585938
vt 0.769531 0.585938
vt 0.777344 0.582031
vt 0.781250 0.582031
vt 0.781250 0.585938
vt 0.777344 0.585938
vt 0.769531 0.621094
vt 0.773438 0.621094
vt 0.773438 0.625000
vt 0.769531 0.625000
vt 0.769531 0.613281
vt 0.773438 0.613281
vt 0.773438 0.617188
vt 0.769531 0.617188
vt 0.777344 0.613281
vt 0.781250 0.613281
vt 0.781250 0.617188
vt 0.777344 0.617188
vt 0.800781 0.527344
vt 0.804688 0.527344
vt 0.804688 0.531250
vt 0.800781 0.531250
vt 0.800781 0.519531
vt 0.804688 0.519531
vt 0.804688 0.523438
vt 0.800781 0.523438
vt 0.808594 0.519531
vt 0.812500 0.519531
vt 0.812500 0.523438
vt 0.808594 0.523438
vt 0.769531 0.527344
vt 0.773438 0.527344
vt 0.773438 0.531250
vt 0.769531 0.531250
vt 0.769531 0.519531
vt 0.773438 0.519531
vt 0.773438 0.523438
vt 0.769531 0.523438
vt 0.777344 0.519531
vt 0.781250 0.519531
vt 0.781250 0.523438
vt 0.777344 0.523438
vt 0.769531 0.558594
vt 0.773438 0.558594
vt 0.773438 0.562500
vt 0.769531 0.562500
vt 0.769531 0.550781
vt 0.773438 0.550781
vt 0.773438 0.554688
vt 0.769531 0.554688
vt 0.777344 0.550781
vt 0.781250 0.550781
vt 0.781250 0.554688
vt 0.777344 0.554688
vt 0.863281 0.527344
vt 0.867188 0.527344
vt 0.867188 0.531250
vt 0.863281 0.531250
vt 0.863281 0.519531
vt 0.867188 0.519531
vt 0.867188 0.523438
vt 0.863281 0.523438
vt 0.871094 0.519531
vt 0.875000 0.519531
vt 0.875000 0.523438
vt 0.871094 0.523438
vt 0.832031 0.527344
vt 0.835938 0.527344
vt 0.835938 0.531250
vt 0.832031 0.531250
vt 0.832031 0.519531
vt 0.835938 0.519531
vt 0.835938 0.523438
vt 0.832031 0.523438
vt 0.839844 0.519531
vt 0.843750 0.519531
vt 0.843750 0.523438
vt 0.839844 0.523438
vt 0.832031 0.558594
vt 0.835938 0.558594
vt 0.835938 0.562500
vt 0.832031 0.562500
vt 0.832031 0.550781
vt 0.835938 0.550781
vt 0.835938 0.554688
vt 0.832031 0.554688
vt 0.839844 0.550781
vt 0.843750 0.550781
vt 0.843750 0.554688
vt 0.839844 0.554688
vt 0.675781 0.589844
vt 0.679688 0.589844
vt 0.679688 0.593750
vt 0.675781 0.593750
vt 0.675781 0.582031
vt 0.679688 0.582031
vt 0.679688 0.585938
vt 0.675781 0.585938
vt 0.683594 0.582031
vt 0.687500 0.582031
vt 0.687500 0.585938
vt 0.683594 0.585938
vt 0.644531 0.589844
vt 0.648438 0.589844
vt 0.648438 0.593750
vt 0.644531 0.593750
vt 0.644531 0.582031
vt 0.648438 0.582031
vt 0.648438 0.585938
vt 0.644531 0.585938
vt 0.652344 0.582031
vt 0.656250 0.582031
vt 0.656250 0.585938
vt 0.652344 0.585938
vt 0.644531 0.621094
vt 0.648438 0.621094
vt 0.648438 0.625000
vt 0.644531 0.625000
vt 0.644531 0.613281
vt 0.648438 0.613281
vt 0.648438 0.617188
vt 0.644531 0.617188
vt 0.652344 0.613281
vt 0.656250 0.613281
vt 0.656250 0.617188
vt 0.652344 0.617188
vt 0.675781 0.527344
vt 0.679688 0.527344
vt 0.679688 0.531250
vt 0.675781 0.531250
vt 0.675781 0.519531
vt 0.679688 0.519531
vt 0.679688 0.523438
vt 0.675781 0.523438
vt 0.683594 0.519531
vt 0.687500 0.519531
vt 0.687500 0.523438
vt 0.683594 0.523438
vt 0.644531 0.527344
vt 0.648438 0.527344
vt 0.648438 0.531250
vt 0.644531 0.531250
vt 0.644531 0.519531
vt 0.648438 0.519531
vt 0.648438 0.523438
vt 0.644531 0.523438
vt 0.652344 0.519531
vt 0.656250 0.519531
vt 0.656250 0.523438
vt 0.652344 0.523438
vt 0.644531 0.558594
vt 0.648438 0.558594
vt 0.648438 0.562500
vt 0.644531 0.562500
vt 0.644531 0.550781
vt 0.648438 0.550781
vt 0.648438 0.554688
vt 0.644531 0.554688
vt 0.652344 0.550781
vt 0.656250 0.550781
vt 0.656250 0.554688
vt 0.652344 0.554688
vt 0.738281 0.527344
vt 0.742188 0.527344
vt 0.742188 0.531250
vt 0.738281 0.531250
vt 0.738281 0.519531
vt 0.742188 0.519531
vt 0.742188 0.523438
vt 0.738281 0.523438
vt 0.746094 0.519531
vt 0.750000 0.519531
vt 0.750000 0.523438
vt 0.746094 0.523438
vt 0.707031 0.527344
vt 0.710938 0.527344
vt 0.710938 0.531250
vt 0.707031 0.531250
vt 0.707031 0.519531
vt 0.710938 0.519531
vt 0.710938 0.523438
vt 0.707031 0.523438
vt 0.714844 0.519531
vt 0.718750 0.519531
vt 0.718750 0.523438
vt 0.714844 0.523438
vt 0.707031 0.558594
vt 0.710938 0.558594
vt 0.710938 0.562500
vt 0.707031 0.562500
vt 0.707031 0.550781
vt 0.710938 0.550781
vt 0.710938 0.554688
vt 0.707031 0.554688
vt 0.714844 0.550781
vt 0.718750 0.550781
vt 0.718750 0.554688
vt 0.714844 0.554688
vt 0.675781 0.714844
vt 0.679688 0.714844
vt 0.679688 0.718750
vt 0.675781 0.718750
vt 0.675781 0.707031
vt 0.679688 0.707031
vt 0.679688 0.710938
vt 0.675781 0.710938
vt 0.683594 0.707031
vt 0.687500 0.707031
vt 0.687500 0.710938
vt 0.683594 0.710938
vt 0.644531 0.714844
vt 0.648438 0.714844
vt 0.648438 0.718750
vt 0.644531 0.718750
vt 0.644531 0.707031
vt 0.648438 0.707031
vt 0.648438 0.710938
vt 0.644531 0.710938
vt 0.652344 0.707031
vt 0.656250 0.707031
vt 0.656250 0.710938
vt 0.652344 0.710938
vt 0.644531 0.746094
vt 0.648438 0.746094
vt 0.648438 0.750000
vt 0.644531 0.750000
vt 0.644531 0.738281
vt 0.648438 0.738281
vt 0.648438 0.742188
vt 0.644531 0.742188
vt 0.652344 0.738281
vt 0.656250 0.738281
vt 0.656250 0.742188
vt 0.652344 0.742188
vt 0.675781 0.652344
vt 0.679688 0.652344
vt 0.679688 0.656250
vt 0.675781 0.656250
vt 0.675781 0.644531
vt 0.679688 0.644531
vt 0.679688 0.648438
vt 0.675781 0.648438
vt 0.683594 0.644531
vt 0.687500 0.644531
vt 0.687500 0.648438
vt 0.683594 0.648438
vt 0.644531 0.652344
vt 0.648438 0.652344
vt 0.648438 0.656250
vt 0.644531 0.656250
vt 0.644531 0.644531
vt 0.648438 0.644531
vt 0.648438 0.648438
vt 0.644531 0.648438
vt 0.652344 0.644531
vt 0.656250 0.644531
vt 0.656250 0.648438
vt 0.652344 0.648438
vt 0.644531 0.683594
vt 0.648438 0.683594
vt 0.648438 0.687500
vt 0.644531 0.687500
vt 0.644531 0.675781
vt 0.648438 0.675781
vt 0.648438 0.679688
vt 0.644531 0.679688
vt 0.652344 0.675781
vt 0.656250 0.675781
vt 0.656250 0.679688
vt 0.652344 0.679688
vt 0.738281 0.652344
vt 0.742188 0.652344
vt 0.742188 0.656250
vt 0.738281 0.656250
vt 0.738281 0.644531
vt 0.742188 0.644531
vt 0.742188 0.648438
vt 0.738281 0.648438
vt 0.746094 0.644531
vt 0.750000 0.644531
vt 0.750000 0.648438
vt 0.746094 0.648438
vt 0.707031 0.652344
vt 0.710938 0.652344
vt 0.710938 0.656250
vt 0.707031 0.656250
vt 0.707031 0.644531
vt 0.710938 0.644531
vt 0.710938 0.648438
vt 0.707031 0.648438
vt 0.714844 0.644531
vt 0.718750 0.644531
vt 0.718750 0.648438
vt 0.714844 0.648438
vt 0.707031 0.683594
vt 0.710938 0.683594
vt 0.710938 0.687500
vt 0.707031 0.687500
vt 0.707031 0.675781
vt 0.710938 0.675781
vt 0.710938 0.679688
vt 0.707031 0.679688
vt 0.714844 0.675781
vt 0.718750 0.675781
vt 0.718750 0.679688
vt 0.714844 0.679688
vt 0.800781 0.714844
vt 0.804688 0.714844
vt 0.804688 0.718750
vt 0.800781 0.718750
vt 0.800781 0.707031
vt 0.804688 0.707031
vt 0.804688 0.710938
vt 0.800781 0.710938
vt 0.808594 0.707031
vt 0.812500 0.707031
vt 0.812500 0.710938
vt 0.808594 0.710938
vt 0.769531 0.714844
vt 0.773438 0.714844
vt 0.773438 0.718750
vt 0.769531 0.718750
vt 0.769531 0.707031
vt 0.773438 0.707031
vt 0.773438 0.710938
vt 0.769531 0.710938
vt 0.777344 0.707031
vt 0.781250 0.707031
vt 0.781250 0.710938
vt 0.777344 0.710938
vt 0.769531 0.746094
vt 0.773438 0.746094
vt 0.773438 0.750000
vt 0.769531 0.750000
vt 0.769531 0.738281
vt 0.773438 0.738281
vt 0.773438 0.742188
vt 0.769531 0.742188
vt 0.777344 0.738281
vt 0.781250 0.738281
vt 0.781250 0.742188
vt 0.777344 0.742188
vt 0.800781 0.652344
vt 0.804688 0.652344
vt 0.804688 0.656250
vt 0.800781 0.656250
vt 0.800781 0.644531
vt 0.804688 0.644531
vt 0.804688 0.648438
vt 0.800781 0.648438
vt 0.808594 0.644531
vt 0.812500 0.644531
vt 0.812500 0.648438
vt 0.808594 0.648438
vt 0.769531 0.652344
vt 0.773438 0.652344
vt 0.773438 0.656250
vt 0.769531 0.656250
vt 0.769531 0.644531
vt 0.773438 0.644531
vt 0.773438 0.648438
vt 0.769531 0.648438
vt 0.777344 0.644531
vt 0.781250 0.644531
vt 0.781250 0.648438
vt 0.777344 0.648438
vt 0.769531 0.683594
vt 0.773438 0.683594
vt 0.773438 0.687500
vt 0.769531 0.687500
vt 0.769531 0.675781
vt 0.773438 0.675781
vt 0.773438 0.679688
vt 0.769531 0.679688
vt 0.777344 0.675781
vt 0.781250 0.675781
vt 0.781250 0.679688
vt 0.777344 0.679688
vt 0.863281 0.652344
vt 0.867188 0.652344
vt 0.867188 0.656250
vt 0.863281 0.656250
vt 0.863281 0.644531
vt 0.867188 0.644531
vt 0.867188 0.648438
vt 0.863281 0.648438
vt 0.871094 0.644531
vt 0.875000 0.644531
vt 0.875000 0.648438
vt 0.871094 0.648438
vt 0.832031 0.652344
vt 0.835938 0.652344
vt 0.835938 0.656250
vt 0.832031 0.656250
vt 0.832031 0.644531
vt 0.835938 0.644531
vt 0.835938 0.648438
vt 0.832031 0.648438
vt 0.839844 0.644531
vt 0.843750 0.644531
vt 0.843750 0.648438
vt 0.839844 0.648438
vt 0.832031 0.683594
vt 0.835938 0.683594
vt 0.835938 0.687500
vt 0.832031 0.687500
vt 0.832031 0.675781
vt 0.835938 0.675781
vt 0.835938 0.679688
vt 0.832031 0.679688
vt 0.839844 0.675781
vt 0.843750 0.675781
vt 0.843750 0.679688
vt 0.839844 0.679688
vt 0.863281 0.683594
vt 0.867188 0.683594
vt 0.867188 0.687500
vt 0.863281 0.687500
vt 0.863281 0.675781
vt 0.867188 0.675781
vt 0.867188 0.679688
vt 0.863281 0.679688
vt 0.871094 0.675781
vt 0.875000 0.675781
vt 0.875000 0.679688
vt 0.871094 0.679688
vt 0.800781 0.683594
vt 0.804688 0.683594
vt 0.804688 0.687500
vt 0.800781 0.687500
vt 0.800781 0.675781
vt 0.804688 0.675781
vt 0.804688 0.679688
vt 0.800781 0.679688
vt 0.808594 0.675781
vt 0.812500 0.675781
vt 0.812500 0.679688
vt 0.808594 0.679688
vt 0.800781 0.746094
vt 0.804688 0.746094
vt 0.804688 0.750000
vt 0.800781 0.750000
vt 0.800781 0.738281
vt 0.804688 0.738281
vt 0.804688 0.742188
vt 0.800781 0.742188
vt 0.808594 0.738281
vt 0.812500 0.738281
vt 0.812500 0.742188
vt 0.808594 0.742188
vt 0.738281 0.683594
vt 0.742188 0.683594
vt 0.742188 0.687500
vt 0.738281 0.687500
vt 0.738281 0.675781
vt 0.742188 0.675781
vt 0.742188 0.679688
vt 0.738281 0.679688
vt 0.746094 0.675781
vt 0.750000 0.675781
vt 0.750000 0.679688
vt 0.746094 0.679688
vt 0.675781 0.683594
vt 0.679688 0.683594
vt 0.679688 0.687500
vt 0.675781 0.687500
vt 0.675781 0.675781
vt 0.679688 0.675781
vt 0.679688 0.679688
vt 0.675781 0.679688
vt 0.683594 0.675781
vt 0.687500 0.675781
vt 0.687500 0.679688
vt 0.683594 0.679688
vt 0.675781 0.746094
vt 0.679688 0.746094
vt 0.679688 0.750000
vt 0.675781 0.750000
vt 0.675781 0.738281
vt 0.679688 0.738281
vt 0.679688 0.742188
vt 0.675781 0.742188
vt 0.683594 0.738281
vt 0.687500 0.738281
vt 0.687500 0.742188
vt 0.683594 0.742188
vt 0.738281 0.558594
vt 0.742188 0.558594
vt 0.742188 0.562500
vt 0.738281 0.562500
vt 0.738281 0.550781
vt 0.742188 0.550781
vt 0.742188 0.554688
vt 0.738281 0.554688
vt 0.746094 0.550781
vt 0.750000 0.550781
vt 0.750000 0.554688
vt 0.746094 0.554688
vt 0.675781 0.558594
vt 0.679688 0.558594
vt 0.679688 0.562500
vt 0.675781 0.562500
vt 0.675781 0.550781
vt 0.679688 0.550781
vt 0.679688 0.554688
vt 0.675781 0.554688
vt 0.683594 0.550781
vt 0.687500 0.550781
vt 0.687500 0.554688
vt 0.683594 0.554688
vt 0.675781 0.621094
vt 0.679688 0.621094
vt 0.679688 0.625000
vt 0.675781 0.625000
vt 0.675781 0.613281
vt 0.679688 0.613281
vt 0.679688 0.617188
vt 0.675781 0.617188
vt 0.683594 0.613281
vt 0.687500 0.613281
vt 0.687500 0.617188
vt 0.683594 0.617188
vt 0.863281 0.558594
vt 0.867188 0.558594
vt 0.867188 0.562500
vt 0.863281 0.562500
vt 0.863281 0.550781
vt 0.867188 0.550781
vt 0.867188 0.554688
vt 0.863281 0.554688
vt 0.871094 0.550781
vt 0.875000 0.550781
vt 0.875000 0.554688
vt 0.871094 0.554688
vt 0.800781 0.558594
vt 0.804688 0.558594
vt 0.804688 0.562500
vt 0.800781 0.562500
vt 0.800781 0.550781
vt 0.804688 0.550781
vt 0.804688 0.554688
vt 0.800781 0.554688
vt 0.808594 0.550781
vt 0.812500 0.550781
vt 0.812500 0.554688
vt 0.808594 0.554688
vt 0.800781 0.621094
vt 0.804688 0.621094
vt 0.804688 0.625000
vt 0.800781 0.625000
vt 0.800781 0.613281
vt 0.804688 0.613281
vt 0.804688 0.617188
vt 0.800781 0.617188
vt 0.808594 0.613281
vt 0.812500 0.613281
vt 0.812500 0.617188
vt 0.808594 0.617188
vt 0.863281 0.621094
vt 0.867188 0.621094
vt 0.867188 0.625000
vt 0.863281 0.625000
vt 0.863281 0.613281
vt 0.867188 0.613281
vt 0.867188 0.617188
vt 0.863281 0.617188
vt 0.871094 0.613281
vt 0.875000 0.613281
vt 0.875000 0.617188
vt 0.871094 0.617188
vt 0.738281 0.621094
vt 0.742188 0.621094
vt 0.742188 0.625000
vt 0.738281 0.625000
vt 0.738281 0.613281
vt 0.742188 0.613281
vt 0.742188 0.617188
vt 0.738281 0.617188
vt 0.746094 0.613281
vt 0.750000 0.613281
vt 0.750000 0.617188
vt 0.746094 0.617188
vt 0.738281 0.746094
vt 0.742188 0.746094
vt 0.742188 0.750000
vt 0.738281 0.750000
vt 0.738281 0.738281
vt 0.742188 0.738281
vt 0.742188 0.742188
vt 0.738281 0.742188
vt 0.746094 0.738281
vt 0.750000 0.738281
vt 0.750000 0.742188
vt 0.746094 0.742188
vt 0.863281 0.746094
vt 0.867188 0.746094
vt 0.867188 0.750000
vt 0.863281 0.750000
vt 0.863281 0.738281
vt 0.867188 0.738281
vt 0.867188 0.742188
vt 0.863281 0.742188
vt 0.871094 0.738281
vt 0.875000 0.738281
vt 0.875000 0.742188
vt 0.871094 0.742188
vt 0.789062 0.500000
vt 0.792969 0.500000
vt 0.796875 0.500000
vt 0.781250 0.500000
vt 0.785156 0.500000
vt 0.804688 0.500000
vt 0.808594 0.500000
vt 0.812500 0.500000
vt 0.800781 0.500000
vt 0.757812 0.500000
vt 0.761719 0.500000
vt 0.765625 0.500000
vt 0.750000 0.500000
vt 0.753906 0.500000
vt 0.773438 0.500000
vt 0.777344 0.500000
vt 0.769531 0.500000
vt 0.851562 0.500000
vt 0.855469 0.500000
vt 0.859375 0.500000
vt 0.843750 0.500000
vt 0.847656 0.500000
vt 0.867188 0.500000
vt 0.871094 0.500000
vt 0.875000 0.500000
vt 0.863281 0.500000
vt 0.820312 0.500000
vt 0.824219 0.500000
vt 0.828125 0.500000
vt 0.816406 0.500000
vt 0.835938 0.500000
vt 0.839844 0.500000
vt 0.832031 0.500000
vt 0.664062 0.500000
vt 0.667969 0.500000
vt 0.671875 0.500000
vt 0.656250 0.500000
vt 0.660156 0.500000
vt 0.679688 0.500000
vt 0.683594 0.500000
vt 0.687500 0.500000
vt 0.675781 0.500000
vt 0.632812 0.500000
vt 0.636719 0.500000
vt 0.640625 0.500000
vt 0.628906 0.500000
vt 0.648438 0.500000
vt 0.652344 0.500000
vt 0.644531 0.500000
vt 0.726562 0.500000
vt 0.730469 0.500000
vt 0.734375 0.500000
vt 0.718750 0.500000
vt 0.722656 0.500000
vt 0.742188 0.500000
vt 0.746094 0.500000
vt 0.738281 0.500000
vt 0.695312 0.500000
vt 0.699219 0.500000
vt 0.703125 0.500000
vt 0.691406 0.500000
vt 0.710938 0.500000
vt 0.714844 0.500000
vt 0.707031 0.500000
s 0
f 1/1/1 2/2/1 1838/3/1 494/4/1 1294/5/1 142/6/1 1694/7/1 350/8/1 1150/9/1 46/10/1 1798/11/1 454/12/1 1254/13/1 102/14/1 1654/15/1 310/16/1 1110/17/1 18/18/1 1826/19/1 482/20/1 1282/21/1 130/22/1 1682/23/1 338/24/1 1138/25/1 34/26/1 1786/27/1 442/28/1 1242/29/1 90/30/1 1642/31/1 298/32/1 1098/33/1 9/34/1 1834/35/1 490/36/1 1290/37/1 138/38/1 1690/39/1 346/40/1 1146/41/1 42/42/1 1794/43/1 450/44/1 1250/45/1 98/46/1 1650/47/1 306/48/1 1106/49/1 14/50/1 1822/51/1 478/52/1 1278/53/1 126/54/1 1678/55/1 334/56/1 1134/57/1 30/58/1 1782/59/1 438/60/1 1238/61/1 86/62/1 1638/63/1 294/64/1 1094/65/1 4/66/1 3/67/1
f 3/67/2 4/66/2 1839/68/2 495/69/2 1295/70/2 143/71/2 1695/72/2 351/73/2 1151/74/2 47/75/2 1799/76/2 455/77/2 1255/78/2 103/79/2 1655/80/2 311/81/2 1111/82/2 19/83/2 1827/84/2 483/85/2 1283/86/2 131/87/2 1683/88/2 339/89/2 1139/90/2 35/91/2 1787/92/2 443/93/2 1243/94/2 91/95/2 1643/96/2 299/97/2 1099/98/2 10/99/2 1835/100/2 491/101/2 1291/102/2 139/103/2 1691/104/2 347/105/2 1147/106/2 43/107/2 1795/108/2 451/109/2 1251/110/2 99/111/2 1651/112/2 307/113/2 1107/114/2 15/115/2 1823/116/2 479/117/2 1279/118/2 127/119/2 1679/120/2 335/121/2 1135/122/2 31/123/2 1783/124/2 439/125/2 1239/126/2 87/127/2 1639/128/2 295/129/2 1095/130/2 8/131/2 7/132/2
f 7/132/3 8/131/3 1840/133/3 496/134/3 1296/135/3 144/136/3 1696/137/3 352/138/3 1152/139/3 48/140/3 1800/141/3 456/142/3 1256/143/3 104/144/3 1656/145/3 312/146/3 1112/147/3 20/148/3 1828/149/3 484/150/3 1284/151/3 132/152/3 1684/153/3 340/154/3 1140/155/3 36/156/3 1788/157/3 444/158/3 1244/159/3 92/160/3 1644/161/3 300/162/3 1100/163/3 11/164/3 1836/165/3 492/166/3 1292/167/3 140/168/3 1692/169/3 348/170/3 1148/171/3 44/172/3 1796/173/3 452/174/3 1252/175/3 100/176/3 1652/177/3 308/178/3 1108/179/3 16/180/3 1824/181/3 480/182/3 1280/183/3 128/184/3 1680/185/3 336/186/3 1136/187/3 32/188/3 1784/189/3 440/190/3 1240/191/3 88/192/3 1640/193/3 296/194/3 1096/195/3 6/196/3 5/197/3
f 5/197/4 6/196/4 1841/198/4 497/199/4 1297/200/4 145/201/4 1697/202/4 353/203/4 1153/204/4 49/205/4 1801/206/4 457/207/4 1257/208/4 105/209/4 1657/210/4 313/211/4 1113/212/4 21/213/4 1829/214/4 485/215/4 1285/216/4 133/217/4 1685/218/4 341/219/4 1141/220/4 37/221/4 1789/222/4 445/223/4 1245/224/4 93/225/4 1645/226/4 301/227/4 1101/228/4 12/229/4 1837/230/4 493/231/4 1293/232/4 141/233/4 1693/234/4 349/235/4 1149/236/4 45/237/4 1797/238/4 453/239/4 1253/240/4 101/241/4 1653/242/4 309/243/4 1109/244/4 17/245/4 1825/246/4 481/247/4 1281/248/4 129/249/4 1681/250/4 337/251/4 1137/252/4 33/253/4 1785/254/4 441/255/4 1241/256/4 89/257/4 1641/258/4 297/259/4 1097/260/4 2/261/4 1/262/4
f 3/263/5 7/132/5 5/197/5 1/264/5
f 4229/265/6 1838/266/6 2/267/6 1097/268/6
f 4228/269/7 1102/270/7 12/271/7 1101/272/7
f 4227/273/8 1103/274/8 13/275/8 1844/276/8
f 4226/277/9 1834/278/9 9/279/9 1845/280/9
f 4225/281/10 1118/282/10 25/283/10 1833/284/10
f 4224/285/11 1119/286/11 26/287/11 1848/288/11
f 4223/289/6 1822/290/6 14/291/6 1849/292/6
f 4222/293/6 1122/294/6 24/295/6 1832/296/6
f 4221/297/12 1123/298/12 27/299/12 1852/300/12
f 4220/301/13 1115/302/13 23/303/13 1853/304/13
f 4219/305/14 1126/306/14 21/307/14 1113/308/14
f 4218/309/15 1127/310/15 28/311/15 1856/312/15
f 4217/313/16 1114/314/16 22/315/16 1857/316/16
f 4216/317/6 1130/318/6 17/319/6 1109/320/6
f 4215/321/17 1131/322/17 29/323/17 1860/324/17
f 4214/325/18 1826/326/18 18/327/18 1861/328/18
f 4213/329/19 1174/330/19 69/331/19 1821/332/19
f 4212/333/20 1175/334/20 70/335/20 1864/336/20
f 4211/337/21 1786/338/21 34/339/21 1865/340/21
f 4210/341/22 1178/342/22 68/343/22 1820/344/22
f 4209/345/23 1179/346/23 71/347/23 1868/348/23
f 4208/349/24 1171/350/24 67/351/24 1869/352/24
f 4207/353/6 1182/354/6 45/355/6 1149/356/6
f 4206/357/25 1183/358/25 72/359/25 1872/360/25
f 4205/361/26 1170/362/26 66/363/26 1873/364/26
f 4204/365/27 1186/366/27 65/367/27 1817/368/27
f 4203/369/28 1187/370/28 73/371/28 1876/372/28
f 4202/373/29 1154/374/29 50/375/29 1877/376/29
f 4201/377/30 1190/378/30 64/379/30 1816/380/30
f 4200/381/6 1191/382/6 74/383/6 1880/384/6
f 4199/385/31 1167/386/31 63/387/31 1881/388/31
f 4198/389/6 1194/390/6 49/391/6 1153/392/6
f 4197/393/32 1195/394/32 75/395/32 1884/396/32
f 4196/397/33 1166/398/33 62/399/33 1885/400/33
f 4195/401/34 1198/402/34 61/403/34 1813/404/34
f 4194/405/35 1199/406/35 76/407/35 1888/408/35
f 4193/409/36 1155/410/36 51/411/36 1889/412/36
f 4192/413/37 1202/414/37 60/415/37 1812/416/37
f 4191/417/38 1203/418/38 77/419/38 1892/420/38
f 4190/421/39 1163/422/39 59/423/39 1893/424/39
f 4189/425/40 1206/426/40 40/427/40 1792/428/40
f 4188/429/41 1207/430/41 78/431/41 1896/432/41
f 4187/433/42 1162/434/42 58/435/42 1897/436/42
f 4186/437/43 1210/438/43 57/439/43 1809/440/43
f 4185/441/6 1211/442/6 79/443/6 1900/444/6
f 4184/445/6 1782/446/6 30/447/6 1901/448/6
f 4183/449/44 1214/450/44 56/451/44 1808/452/44
f 4182/453/45 1215/454/45 80/455/45 1904/456/45
f 4181/457/6 1159/458/6 55/459/6 1905/460/6
f 4180/461/46 1218/462/46 41/463/46 1793/464/46
f 4179/465/47 1219/466/47 81/467/47 1908/468/47
f 4178/469/48 1158/470/48 54/471/48 1909/472/48
f 4177/473/49 1222/474/49 53/475/49 1805/476/49
f 4176/477/50 1223/478/50 82/479/50 1912/480/50
f 4175/481/6 1794/482/6 42/483/6 1913/484/6
f 4174/485/51 1226/486/51 52/487/51 1804/488/51
f 4173/489/52 1227/490/52 83/491/52 1916/492/52
f 4172/493/53 1143/494/53 39/495/53 1917/496/53
f 4171/497/6 1230/498/6 37/499/6 1141/500/6
f 4170/501/54 1231/502/54 84/503/54 1920/504/54
f 4169/505/55 1142/506/55 38/507/55 1921/508/55
f 4168/509/6 1234/510/6 33/511/6 1137/512/6
f 4167/513/56 1235/514/56 85/515/56 1924/516/56
f 4166/517/6 1798/518/6 46/519/6 1925/520/6
f 4165/521/6 1382/522/6 229/523/6 1781/524/6
f 4164/525/57 1383/526/57 230/527/57 1928/528/57
f 4163/529/58 1654/530/58 102/531/58 1929/532/58
f 4162/533/59 1386/534/59 228/535/59 1780/536/59
f 4161/537/60 1387/538/60 231/539/60 1932/540/60
f 4160/541/61 1379/542/61 227/543/61 1933/544/61
f 4159/545/6 1390/546/6 129/547/6 1281/548/6
f 4158/549/62 1391/550/62 232/551/62 1936/552/62
f 4157/553/63 1378/554/63 226/555/63 1937/556/63
f 4156/557/64 1394/558/64 225/559/64 1777/560/64
f 4155/561/65 1395/562/65 233/563/65 1940/564/65
f 4154/565/66 1286/566/66 134/567/66 1941/568/66
f 4153/569/67 1398/570/67 224/571/67 1776/572/67
f 4152/573/68 1399/574/68 234/575/68 1944/576/68
f 4151/577/69 1375/578/69 223/579/69 1945/580/69
f 4150/581/70 1402/582/70 133/583/70 1285/584/70
f 4149/585/71 1403/586/71 235/587/71 1948/588/71
f 4148/589/72 1374/590/72 222/591/72 1949/592/72
f 4147/593/73 1406/594/73 221/595/73 1773/596/73
f 4146/597/74 1407/598/74 236/599/74 1952/600/74
f 4145/601/75 1287/602/75 135/603/75 1953/604/75
f 4144/605/76 1410/606/76 220/607/76 1772/608/76
f 4143/609/77 1411/610/77 237/611/77 1956/612/77
f 4142/613/78 1371/614/78 219/615/78 1957/616/78
f 4141/617/6 1414/618/6 108/619/6 1660/620/6
f 4140/621/79 1415/622/79 238/623/79 1960/624/79
f 4139/625/80 1370/626/80 218/627/80 1961/628/80
f 4138/629/81 1418/630/81 217/631/81 1769/632/81
f 4137/633/6 1419/634/6 239/635/6 1964/636/6
f 4136/637/6 1650/638/6 98/639/6 1965/640/6
f 4135/641/82 1422/642/82 216/643/82 1768/644/82
f 4134/645/83 1423/646/83 240/647/83 1968/648/83
f 4133/649/84 1367/650/84 215/651/84 1969/652/84
f 4132/653/85 1426/654/85 109/655/85 1661/656/85
f 4131/657/86 1427/658/86 241/659/86 1972/660/86
f 4130/661/87 1366/662/87 214/663/87 1973/664/87
f 4129/665/88 1430/666/88 213/667/88 1765/668/88
f 4128/669/89 1431/670/89 242/671/89 1976/672/89
f 4127/673/90 1302/674/90 150/675/90 1977/676/90
f 4126/677/91 1434/678/91 212/679/91 1764/680/91
f 4125/681/92 1435/682/92 243/683/92 1980/684/92
f 4124/685/93 1363/686/93 211/687/93 1981/688/93
f 4123/689/94 1438/690/94 97/691/94 1649/692/94
f 4122/693/95 1439/694/95 244/695/95 1984/696/95
f 4121/697/96 1362/698/96 210/699/96 1985/700/96
f 4120/701/97 1442/702/97 209/703/97 1761/704/97
f 4119/705/98 1443/706/98 245/707/98 1988/708/98
f 4118/709/6 1303/710/6 151/711/6 1989/712/6
f 4117/713/99 1446/714/99 208/715/99 1760/716/99
f 4116/717/100 1447/718/100 246/719/100 1992/720/100
f 4115/721/101 1359/722/101 207/723/101 1993/724/101
f 4114/725/102 1450/726/102 112/727/102 1664/728/102
f 4113/729/103 1451/730/103 247/731/103 1996/732/103
f 4112/733/104 1358/734/104 206/735/104 1997/736/104
f 4111/737/6 1454/738/6 205/739/6 1757/740/6
f 4110/741/6 1455/742/6 248/743/6 2000/744/6
f 4109/745/6 1638/746/6 86/747/6 2001/748/6
f 4108/749/6 1458/750/6 204/751/6 1756/752/6
f 4107/753/6 1459/754/6 249/755/6 2004/756/6
f 4106/757/6 1355/758/6 203/759/6 2005/760/6
f 4105/761/105 1462/762/105 113/763/105 1665/764/105
f 4104/765/106 1463/766/106 250/767/106 2008/768/106
f 4103/769/107 1354/770/107 202/771/107 2009/772/107
f 4102/773/108 1466/774/108 201/775/108 1753/776/108
f 4101/777/109 1467/778/109 251/779/109 2012/780/109
f 4100/781/110 1306/782/110 154/783/110 2013/784/110
f 4099/785/6 1470/786/6 200/787/6 1752/788/6
f 4098/789/6 1471/790/6 252/791/6 2016/792/6
f 4097/793/111 1351/794/111 199/795/111 2017/796/111
f 4096/797/112 1474/798/112 96/799/112 1648/800/112
f 4095/801/113 1475/802/113 253/803/113 2020/804/113
f 4094/805/114 1350/806/114 198/807/114 2021/808/114
f 4093/809/115 1478/810/115 197/811/115 1749/812/115
f 4092/813/116 1479/814/116 254/815/116 2024/816/116
f 4091/817/117 1307/818/117 155/819/117 2025/820/117
f 4090/821/6 1482/822/6 196/823/6 1748/824/6
f 4089/825/6 1483/826/6 255/827/6 2028/828/6
f 4088/829/6 1347/830/6 195/831/6 2029/832/6
f 4087/833/6 1486/834/6 116/835/6 1668/836/6
f 4086/837/6 1487/838/6 256/839/6 2032/840/6
f 4085/841/118 1346/842/118 194/843/118 2033/844/118
f 4084/845/119 1490/846/119 193/847/119 1745/848/119
f 4083/849/120 1491/850/120 257/851/120 2036/852/120
f 4082/853/121 1299/854/121 147/855/121 2037/856/121
f 4081/857/122 1494/858/122 192/859/122 1744/860/122
f 4080/861/123 1495/862/123 258/863/123 2040/864/123
f 4079/865/124 1343/866/124 191/867/124 2041/868/124
f 4078/869/125 1498/870/125 117/871/125 1669/872/125
f 4077/873/126 1499/874/126 259/875/126 2044/876/126
f 4076/877/127 1342/878/127 190/879/127 2045/880/127
f 4075/881/128 1502/882/128 189/883/128 1741/884/128
f 4074/885/129 1503/886/129 260/887/129 2048/888/129
f 4073/889/130 1310/890/130 158/891/130 2049/892/130
f 4072/893/6 1506/894/6 188/895/6 1740/896/6
f 4071/897/131 1507/898/131 261/899/131 2052/900/131
f 4070/901/132 1339/902/132 187/903/132 2053/904/132
f 4069/905/6 1510/906/6 145/907/6 1297/908/6
f 4068/909/6 1511/910/6 262/911/6 2056/912/6
f 4067/913/133 1338/914/133 186/915/133 2057/916/133
f 4066/917/134 1514/918/134 185/919/134 1737/920/134
f 4065/921/135 1515/922/135 263/923/135 2060/924/135
f 4064/925/6 1311/926/6 159/927/6 2061/928/6
f 4063/929/6 1518/930/6 184/931/6 1736/932/6
f 4062/933/136 1519/934/136 264/935/136 2064/936/136
f 4061/937/137 1335/938/137 183/939/137 2065/940/137
f 4060/941/138 1522/942/138 120/943/138 1672/944/138
f 4059/945/6 1523/946/6 265/947/6 2068/948/6
f 4058/949/139 1334/950/139 182/951/139 2069/952/139
f 4057/953/140 1526/954/140 181/955/140 1733/956/140
f 4056/957/141 1527/958/141 266/959/141 2072/960/141
f 4055/961/142 1298/962/142 146/963/142 2073/964/142
f 4054/965/143 1530/966/143 180/967/143 1732/968/143
f 4053/969/6 1531/970/6 267/971/6 2076/972/6
f 4052/973/144 1331/974/144 179/975/144 2077/976/144
f 4051/977/145 1534/978/145 121/979/145 1673/980/145
f 4050/981/146 1535/982/146 268/983/146 2080/984/146
f 4049/985/147 1330/986/147 178/987/147 2081/988/147
f 4048/989/148 1538/990/148 177/991/148 1729/992/148
f 4047/993/149 1539/994/149 269/995/149 2084/996/149
f 4046/997/150 1314/998/150 162/999/150 2085/1000/150
f 4045/1001/151 1542/1002/151 176/1003/151 1728/1004/151
f 4044/1005/152 1543/1006/152 270/1007/152 2088/1008/152
f 4043/1009/153 1327/1010/153 175/1011/153 2089/1012/153
f 4042/1013/154 1546/1014/154 141/1015/154 1293/1016/154
f 4041/1017/155 1547/1018/155 271/1019/155 2092/1020/155
f 4040/1021/156 1326/1022/156 174/1023/156 2093/1024/156
f 4039/1025/157 1550/1026/157 173/1027/157 1725/1028/157
f 4038/1029/158 1551/1030/158 272/1031/158 2096/1032/158
f 4037/1033/159 1315/1034/159 163/1035/159 2097/1036/159
f 4036/1037/160 1554/1038/160 172/1039/160 1724/1040/160
f 4035/1041/161 1555/1042/161 273/1043/161 2100/1044/161
f 4034/1045/162 1323/1046/162 171/1047/162 2101/1048/162
f 4033/1049/163 1558/1050/163 124/1051/163 1676/1052/163
f 4032/1053/164 1559/1054/164 274/1055/164 2104/1056/164
f 4031/1057/165 1322/1058/165 170/1059/165 2105/1060/165
f 4030/1061/166 1562/1062/166 169/1063/166 1721/1064/166
f 4029/1065/167 1563/1066/167 275/1067/167 2108/1068/167
f 4028/1069/168 1642/1070/168 90/1071/168 2109/1072/168
f 4027/1073/169 1566/1074/169 168/1075/169 1720/1076/169
f 4026/1077/170 1567/1078/170 276/1079/170 2112/1080/170
f 4025/1081/171 1319/1082/171 167/1083/171 2113/1084/171
f 4024/1085/172 1570/1086/172 125/1087/172 1677/1088/172
f 4023/1089/173 1571/1090/173 277/1091/173 2116/1092/173
f 4022/1093/174 1318/1094/174 166/1095/174 2117/1096/174
f 4021/1097/175 1574/1098/175 165/1099/175 1717/1100/175
f 4020/1101/176 1575/1102/176 278/1103/176 2120/1104/176
f 4019/1105/177 1682/1106/177 130/1107/177 2121/1108/177
f 4018/1109/178 1578/1110/178 164/1111/178 1716/1112/178
f 4017/1113/179 1579/1114/179 279/1115/179 2124/1116/179
f 4016/1117/180 1275/1118/180 123/1119/180 2125/1120/180
f 4015/1121/6 1582/1122/6 101/1123/6 1253/1124/6
f 4014/1125/181 1583/1126/181 280/1127/181 2128/1128/181
f 4013/1129/182 1274/1130/182 122/1131/182 2129/1132/182
f 4012/1133/183 1586/1134/183 161/1135/183 1713/1136/183
f 4011/1137/184 1587/1138/184 281/1139/184 2132/1140/184
f 4010/1141/185 1258/1142/185 106/1143/185 2133/1144/185
f 4009/1145/186 1590/1146/186 160/1147/186 1712/1148/186
f 4008/1149/187 1591/1150/187 282/1151/187 2136/1152/187
f 4007/1153/188 1271/1154/188 119/1155/188 2137/1156/188
f 4006/1157/6 1594/1158/6 105/1159/6 1257/1160/6
f 4005/1161/189 1595/1162/189 283/1163/189 2140/1164/189
f 4004/1165/190 1270/1166/190 118/1167/190 2141/1168/190
f 4003/1169/191 1598/1170/191 157/1171/191 1709/1172/191
f 4002/1173/192 1599/1174/192 284/1175/192 2144/1176/192
f 4001/1177/193 1259/1178/193 107/1179/193 2145/1180/193
f 4000/1181/194 1602/1182/194 156/1183/194 1708/1184/194
f 3999/1185/195 1603/1186/195 285/1187/195 2148/1188/195
f 3998/1189/196 1267/1190/196 115/1191/196 2149/1192/196
f 3997/1193/197 1606/1194/197 136/1195/197 1688/1196/197
f 3996/1197/198 1607/1198/198 286/1199/198 2152/1200/198
f 3995/1201/199 1266/1202/199 114/1203/199 2153/1204/199
f 3994/1205/6 1610/1206/6 153/1207/6 1705/1208/6
f 3993/1209/6 1611/1210/6 287/1211/6 2156/1212/6
f 3992/1213/6 1678/1214/6 126/1215/6 2157/1216/6
f 3991/1217/200 1614/1218/200 152/1219/200 1704/1220/200
f 3990/1221/201 1615/1222/201 288/1223/201 2160/1224/201
f 3989/1225/202 1263/1226/202 111/1227/202 2161/1228/202
f 3988/1229/203 1618/1230/203 137/1231/203 1689/1232/203
f 3987/1233/204 1619/1234/204 289/1235/204 2164/1236/204
f 3986/1237/205 1262/1238/205 110/1239/205 2165/1240/205
f 3985/1241/206 1622/1242/206 149/1243/206 1701/1244/206
f 3984/1245/207 1623/1246/207 290/1247/207 2168/1248/207
f 3983/1249/208 1690/1250/208 138/1251/208 2169/1252/208
f 3982/1253/209 1626/1254/209 148/1255/209 1700/1256/209
f 3981/1257/210 1627/1258/210 291/1259/210 2172/1260/210
f 3980/1261/211 1247/1262/211 95/1263/211 2173/1264/211
f 3979/1265/6 1630/1266/6 93/1267/6 1245/1268/6
f 3978/1269/212 1631/1270/212 292/1271/212 2176/1272/212
f 3977/1273/213 1246/1274/213 94/1275/213 2177/1276/213
f 3976/1277/6 1634/1278/6 89/1279/6 1241/1280/6
f 3975/1281/6 1635/1282/6 293/1283/6 2180/1284/6
f 3974/1285/6 1694/1286/6 142/1287/6 2181/1288/6
f 3973/1289/6 2182/1290/6 837/1291/6 1637/1292/6
f 3972/1293/6 2183/1294/6 838/1295/6 2184/1296/6
f 3971/1297/6 1150/1298/6 350/1299/6 2185/1300/6
f 3970/1301/6 2186/1302/6 836/1303/6 1636/1304/6
f 3969/1305/214 2187/1306/214 839/1307/214 2188/1308/214
f 3968/1309/6 2179/1310/6 835/1311/6 2189/1312/6
f 3967/1313/6 2190/1314/6 441/1315/6 1785/1316/6
f 3966/1317/6 2191/1318/6 840/1319/6 2192/1320/6
f 3965/1321/6 2178/1322/6 834/1323/6 2193/1324/6
f 3964/1325/215 2194/1326/215 833/1327/215 1633/1328/215
f 3963/1329/216 2195/1330/216 841/1331/216 2196/1332/216
f 3962/1333/217 1790/1334/217 446/1335/217 2197/1336/217
f 3961/1337/218 2198/1338/218 832/1339/218 1632/1340/218
f 3960/1341/219 2199/1342/219 842/1343/219 2200/1344/219
f 3959/1345/220 2175/1346/220 831/1347/220 2201/1348/220
f 3958/1349/6 2202/1350/6 445/1351/6 1789/1352/6
f 3957/1353/6 2203/1354/6 843/1355/6 2204/1356/6
f 3956/1357/221 2174/1358/221 830/1359/221 2205/1360/221
f 3955/1361/222 2206/1362/222 829/1363/222 1629/1364/222
f 3954/1365/223 2207/1366/223 844/1367/223 2208/1368/223
f 3953/1369/224 1791/1370/224 447/1371/224 2209/1372/224
f 3952/1373/225 2210/1374/225 828/1375/225 1628/1376/225
f 3951/1377/226 2211/1378/226 845/1379/226 2212/1380/226
f 3950/1381/227 2171/1382/227 827/1383/227 2213/1384/227
f 3949/1385/228 2214/1386/228 356/1387/228 1156/1388/228
f 3948/1389/229 2215/1390/229 846/1391/229 2216/1392/229
f 3947/1393/230 2170/1394/230 826/1395/230 2217/1396/230
f 3946/1397/231 2218/1398/231 825/1399/231 1625/1400/231
f 3945/1401/232 2219/1402/232 847/1403/232 2220/1404/232
f 3944/1405/233 1146/1406/233 346/1407/233 2221/1408/233
f 3943/1409/234 2222/1410/234 824/1411/234 1624/1412/234
f 3942/1413/235 2223/1414/235 848/1415/235 2224/1416/235
f 3941/1417/236 2167/1418/236 823/1419/236 2225/1420/236
f 3940/1421/237 2226/1422/237 357/1423/237 1157/1424/237
f 3939/1425/238 2227/1426/238 849/1427/238 2228/1428/238
f 3938/1429/239 2166/1430/239 822/1431/239 2229/1432/239
f 3937/1433/240 2230/1434/240 821/1435/240 1621/1436/240
f 3936/1437/241 2231/1438/241 850/1439/241 2232/1440/241
f 3935/1441/242 1806/1442/242 462/1443/242 2233/1444/242
f 3934/1445/243 2234/1446/243 820/1447/243 1620/1448/243
f 3933/1449/244 2235/1450/244 851/1451/244 2236/1452/244
f 3932/1453/245 2163/1454/245 819/1455/245 2237/1456/245
f 3931/1457/246 2238/1458/246 345/1459/246 1145/1460/246
f 3930/1461/247 2239/1462/247 852/1463/247 2240/1464/247
f 3929/1465/248 2162/1466/248 818/1467/248 2241/1468/248
f 3928/1469/249 2242/1470/249 817/1471/249 1617/1472/249
f 3927/1473/250 2243/1474/250 853/1475/250 2244/1476/250
f 3926/1477/251 1807/1478/251 463/1479/251 2245/1480/251
f 3925/1481/252 2246/1482/252 816/1483/252 1616/1484/252
f 3924/1485/253 2247/1486/253 854/1487/253 2248/1488/253
f 3923/1489/254 2159/1490/254 815/1491/254 2249/1492/254
f 3922/1493/255 2250/1494/255 360/1495/255 1160/1496/255
f 3921/1497/256 2251/1498/256 855/1499/256 2252/1500/256
f 3920/1501/257 2158/1502/257 814/1503/257 2253/1504/257
f 3919/1505/6 2254/1506/6 813/1507/6 1613/1508/6
f 3918/1509/6 2255/1510/6 856/1511/6 2256/1512/6
f 3917/1513/6 1134/1514/6 334/1515/6 2257/1516/6
f 3916/1517/6 2258/1518/6 812/1519/6 1612/1520/6
f 3915/1521/6 2259/1522/6 857/1523/6 2260/1524/6
f 3914/1525/6 2155/1526/6 811/1527/6 2261/1528/6
f 3913/1529/258 2262/1530/258 361/1531/258 1161/1532/258
f 3912/1533/6 2263/1534/6 858/1535/6 2264/1536/6
f 3911/1537/6 2154/1538/6 810/1539/6 2265/1540/6
f 3910/1541/259 2266/1542/259 809/1543/259 1609/1544/259
f 3909/1545/260 2267/1546/260 859/1547/260 2268/1548/260
f 3908/1549/261 1810/1550/261 466/1551/261 2269/1552/261
f 3907/1553/262 2270/1554/262 808/1555/262 1608/1556/262
f 3906/1557/263 2271/1558/263 860/1559/263 2272/1560/263
f 3905/1561/264 2151/1562/264 807/1563/264 2273/1564/264
f 3904/1565/265 2274/1566/265 344/1567/265 1144/1568/265
f 3903/1569/266 2275/1570/266 861/1571/266 2276/1572/266
f 3902/1573/267 2150/1574/267 806/1575/267 2277/1576/267
f 3901/1577/268 2278/1578/268 805/1579/268 1605/1580/268
f 3900/1581/269 2279/1582/269 862/1583/269 2280/1584/269
f 3899/1585/270 1811/1586/270 467/1587/270 2281/1588/270
f 3898/1589/271 2282/1590/271 804/1591/271 1604/1592/271
f 3897/1593/272 2283/1594/272 863/1595/272 2284/1596/272
f 3896/1597/273 2147/1598/273 803/1599/273 2285/1600/273
f 3895/1601/274 2286/1602/274 364/1603/274 1164/1604/274
f 3894/1605/275 2287/1606/275 864/1607/275 2288/1608/275
f 3893/1609/276 2146/1610/276 802/1611/276 2289/1612/276
f 3892/1613/277 2290/1614/277 801/1615/277 1601/1616/277
f 3891/1617/278 2291/1618/278 865/1619/278 2292/1620/278
f 3890/1621/279 1803/1622/279 459/1623/279 2293/1624/279
f 3889/1625/280 2294/1626/280 800/1627/280 1600/1628/280
f 3888/1629/281 2295/1630/281 866/1631/281 2296/1632/281
f 3887/1633/282 2143/1634/282 799/1635/282 2297/1636/282
f 3886/1637/283 2298/1638/283 365/1639/283 1165/1640/283
f 3885/1641/284 2299/1642/284 867/1643/284 2300/1644/284
f 3884/1645/285 2142/1646/285 798/1647/285 2301/1648/285
f 3883/1649/286 2302/1650/286 797/1651/286 1597/1652/286
f 3882/1653/287 2303/1654/287 868/1655/287 2304/1656/287
f 3881/1657/288 1814/1658/288 470/1659/288 2305/1660/288
f 3880/1661/289 2306/1662/289 796/1663/289 1596/1664/289
f 3879/1665/290 2307/1666/290 869/1667/290 2308/1668/290
f 3878/1669/291 2139/1670/291 795/1671/291 2309/1672/291
f 3877/1673/6 2310/1674/6 457/1675/6 1801/1676/6
f 3876/1677/292 2311/1678/292 870/1679/292 2312/1680/292
f 3875/1681/293 2138/1682/293 794/1683/293 2313/1684/293
f 3874/1685/294 2314/1686/294 793/1687/294 1593/1688/294
f 3873/1689/295 2315/1690/295 871/1691/295 2316/1692/295
f 3872/1693/296 1815/1694/296 471/1695/296 2317/1696/296
f 3871/1697/297 2318/1698/297 792/1699/297 1592/1700/297
f 3870/1701/298 2319/1702/298 872/1703/298 2320/1704/298
f 3869/1705/299 2135/1706/299 791/1707/299 2321/1708/299
f 3868/1709/300 2322/1710/300 368/1711/300 1168/1712/300
f 3867/1713/301 2323/1714/301 873/1715/301 2324/1716/301
f 3866/1717/302 2134/1718/302 790/1719/302 2325/1720/302
f 3865/1721/303 2326/1722/303 789/1723/303 1589/1724/303
f 3864/1725/304 2327/1726/304 874/1727/304 2328/1728/304
f 3863/1729/305 1802/1730/305 458/1731/305 2329/1732/305
f 3862/1733/306 2330/1734/306 788/1735/306 1588/1736/306
f 3861/1737/307 2331/1738/307 875/1739/307 2332/1740/307
f 3860/1741/308 2131/1742/308 787/1743/308 2333/1744/308
f 3859/1745/309 2334/1746/309 369/1747/309 1169/1748/309
f 3858/1749/310 2335/1750/310 876/1751/310 2336/1752/310
f 3857/1753/311 2130/1754/311 786/1755/311 2337/1756/311
f 3856/1757/312 2338/1758/312 785/1759/312 1585/1760/312
f 3855/1761/313 2339/1762/313 877/1763/313 2340/1764/313
f 3854/1765/314 1818/1766/314 474/1767/314 2341/1768/314
f 3853/1769/315 2342/1770/315 784/1771/315 1584/1772/315
f 3852/1773/316 2343/1774/316 878/1775/316 2344/1776/316
f 3851/1777/317 2127/1778/317 783/1779/317 2345/1780/317
f 3850/1781/6 2346/1782/6 453/1783/6 1797/1784/6
f 3849/1785/6 2347/1786/6 879/1787/6 2348/1788/6
f 3848/1789/318 2126/1790/318 782/1791/318 2349/1792/318
f 3847/1793/319 2350/1794/319 781/1795/319 1581/1796/319
f 3846/1797/320 2351/1798/320 880/1799/320 2352/1800/320
f 3845/1801/321 1819/1802/321 475/1803/321 2353/1804/321
f 3844/1805/322 2354/1806/322 780/1807/322 1580/1808/322
f 3843/1809/323 2355/1810/323 881/1811/323 2356/1812/323
f 3842/1813/324 2123/1814/324 779/1815/324 2357/1816/324
f 3841/1817/325 2358/1818/325 372/1819/325 1172/1820/325
f 3840/1821/326 2359/1822/326 882/1823/326 2360/1824/326
f 3839/1825/327 2122/1826/327 778/1827/327 2361/1828/327
f 3838/1829/328 2362/1830/328 777/1831/328 1577/1832/328
f 3837/1833/329 2363/1834/329 883/1835/329 2364/1836/329
f 3836/1837/330 1138/1838/330 338/1839/330 2365/1840/330
f 3835/1841/331 2366/1842/331 776/1843/331 1576/1844/331
f 3834/1845/332 2367/1846/332 884/1847/332 2368/1848/332
f 3833/1849/333 2119/1850/333 775/1851/333 2369/1852/333
f 3832/1853/334 2370/1854/334 373/1855/334 1173/1856/334
f 3831/1857/335 2371/1858/335 885/1859/335 2372/1860/335
f 3830/1861/336 2118/1862/336 774/1863/336 2373/1864/336
f 3829/1865/337 2374/1866/337 773/1867/337 1573/1868/337
f 3828/1869/338 2375/1870/338 886/1871/338 2376/1872/338
f 3827/1873/339 1862/1874/339 518/1875/339 2377/1876/339
f 3826/1877/340 2378/1878/340 772/1879/340 1572/1880/340
f 3825/1881/341 2379/1882/341 887/1883/341 2380/1884/341
f 3824/1885/342 2115/1886/342 771/1887/342 2381/1888/342
f 3823/1889/343 2382/1890/343 333/1891/343 1133/1892/343
f 3822/1893/344 2383/1894/344 888/1895/344 2384/1896/344
f 3821/1897/345 2114/1898/345 770/1899/345 2385/1900/345
f 3820/1901/346 2386/1902/346 769/1903/346 1569/1904/346
f 3819/1905/347 2387/1906/347 889/1907/347 2388/1908/347
f 3818/1909/348 1863/1910/348 519/1911/348 2389/1912/348
f 3817/1913/349 2390/1914/349 768/1915/349 1568/1916/349
f 3816/1917/350 2391/1918/350 890/1919/350 2392/1920/350
f 3815/1921/351 2111/1922/351 767/1923/351 2393/1924/351
f 3814/1925/352 2394/1926/352 376/1927/352 1176/1928/352
f 3813/1929/353 2395/1930/353 891/1931/353 2396/1932/353
f 3812/1933/354 2110/1934/354 766/1935/354 2397/1936/354
f 3811/1937/355 2398/1938/355 765/1939/355 1565/1940/355
f 3810/1941/356 2399/1942/356 892/1943/356 2400/1944/356
f 3809/1945/357 1098/1946/357 298/1947/357 2401/1948/357
f 3808/1949/358 2402/1950/358 764/1951/358 1564/1952/358
f 3807/1953/359 2403/1954/359 893/1955/359 2404/1956/359
f 3806/1957/360 2107/1958/360 763/1959/360 2405/1960/360
f 3805/1961/361 2406/1962/361 377/1963/361 1177/1964/361
f 3804/1965/362 2407/1966/362 894/1967/362 2408/1968/362
f 3803/1969/363 2106/1970/363 762/1971/363 2409/1972/363
f 3802/1973/364 2410/1974/364 761/1975/364 1561/1976/364
f 3801/1977/365 2411/1978/365 895/1979/365 2412/1980/365
f 3800/1981/366 1866/1982/366 522/1983/366 2413/1984/366
f 3799/1985/367 2414/1986/367 760/1987/367 1560/1988/367
f 3798/1989/368 2415/1990/368 896/1991/368 2416/1992/368
f 3797/1993/369 2103/1994/369 759/1995/369 2417/1996/369
f 3796/1997/370 2418/1998/370 332/1999/370 1132/2000/370
f 3795/2001/371 2419/2002/371 897/2003/371 2420/2004/371
f 3794/2005/372 2102/2006/372 758/2007/372 2421/2008/372
f 3793/2009/373 2422/2010/373 757/2011/373 1557/2012/373
f 3792/2013/374 2423/2014/374 898/2015/374 2424/2016/374
f 3791/2017/375 1867/2018/375 523/2019/375 2425/2020/375
f 3790/2021/376 2426/2022/376 756/2023/376 1556/2024/376
f 3789/2025/377 2427/2026/377 899/2027/377 2428/2028/377
f 3788/2029/378 2099/2030/378 755/2031/378 2429/2032/378
f 3787/2033/379 2430/2034/379 380/2035/379 1180/2036/379
f 3786/2037/380 2431/2038/380 900/2039/380 2432/2040/380
f 3785/2041/381 2098/2042/381 754/2043/381 2433/2044/381
f 3784/2045/382 2434/2046/382 753/2047/382 1553/2048/382
f 3783/2049/383 2435/2050/383 901/2051/383 2436/2052/383
f 3782/2053/384 1859/2054/384 515/2055/384 2437/2056/384
f 3781/2057/385 2438/2058/385 752/2059/385 1552/2060/385
f 3780/2061/386 2439/2062/386 902/2063/386 2440/2064/386
f 3779/2065/387 2095/2066/387 751/2067/387 2441/2068/387
f 3778/2069/388 2442/2070/388 381/2071/388 1181/2072/388
f 3777/2073/389 2443/2074/389 903/2075/389 2444/2076/389
f 3776/2077/390 2094/2078/390 750/2079/390 2445/2080/390
f 3775/2081/391 2446/2082/391 749/2083/391 1549/2084/391
f 3774/2085/392 2447/2086/392 904/2087/392 2448/2088/392
f 3773/2089/393 1870/2090/393 526/2091/393 2449/2092/393
f 3772/2093/394 2450/2094/394 748/2095/394 1548/2096/394
f 3771/2097/395 2451/2098/395 905/2099/395 2452/2100/395
f 3770/2101/396 2091/2102/396 747/2103/396 2453/2104/396
f 3769/2105/397 2454/2106/397 493/2107/397 1837/2108/397
f 3768/2109/398 2455/2110/398 906/2111/398 2456/2112/398
f 3767/2113/399 2090/2114/399 746/2115/399 2457/2116/399
f 3766/2117/400 2458/2118/400 745/2119/400 1545/2120/400
f 3765/2121/401 2459/2122/401 907/2123/401 2460/2124/401
f 3764/2125/402 1871/2126/402 527/2127/402 2461/2128/402
f 3763/2129/403 2462/2130/403 744/2131/403 1544/2132/403
f 3762/2133/404 2463/2134/404 908/2135/404 2464/2136/404
f 3761/2137/405 2087/2138/405 743/2139/405 2465/2140/405
f 3760/2141/406 2466/2142/406 384/2143/406 1184/2144/406
f 3759/2145/407 2467/2146/407 909/2147/407 2468/2148/407
f 3758/2149/408 2086/2150/408 742/2151/408 2469/2152/408
f 3757/2153/409 2470/2154/409 741/2155/409 1541/2156/409
f 3756/2157/410 2471/2158/410 910/2159/410 2472/2160/410
f 3755/2161/411 1858/2162/411 514/2163/411 2473/2164/411
f 3754/2165/412 2474/2166/412 740/2167/412 1540/2168/412
f 3753/2169/413 2475/2170/413 911/2171/413 2476/2172/413
f 3752/2173/414 2083/2174/414 739/2175/414 2477/2176/414
f 3751/2177/415 2478/2178/415 385/2179/415 1185/2180/415
f 3750/2181/416 2479/2182/416 912/2183/416 2480/2184/416
f 3749/2185/417 2082/2186/417 738/2187/417 2481/2188/417
f 3748/2189/418 2482/2190/418 737/2191/418 1537/2192/418
f 3747/2193/419 2483/2194/419 913/2195/419 2484/2196/419
f 3746/2197/420 1874/2198/420 530/2199/420 2485/2200/420
f 3745/2201/421 2486/2202/421 736/2203/421 1536/2204/421
f 3744/2205/422 2487/2206/422 914/2207/422 2488/2208/422
f 3743/2209/423 2079/2210/423 735/2211/423 2489/2212/423
f 3742/2213/424 2490/2214/424 329/2215/424 1129/2216/424
f 3741/2217/425 2491/2218/425 915/2219/425 2492/2220/425
f 3740/2221/426 2078/2222/426 734/2223/426 2493/2224/426
f 3739/2225/427 2494/2226/427 733/2227/427 1533/2228/427
f 3738/2229/428 2495/2230/428 916/2231/428 2496/2232/428
f 3737/2233/429 1875/2234/429 531/2235/429 2497/2236/429
f 3736/2237/6 2498/2238/6 732/2239/6 1532/2240/6
f 3735/2241/6 2499/2242/6 917/2243/6 2500/2244/6
f 3734/2245/6 2075/2246/6 731/2247/6 2501/2248/6
f 3733/2249/430 2502/2250/430 388/2251/430 1188/2252/430
f 3732/2253/431 2503/2254/431 918/2255/431 2504/2256/431
f 3731/2257/432 2074/2258/432 730/2259/432 2505/2260/432
f 3730/2261/433 2506/2262/433 729/2263/433 1529/2264/433
f 3729/2265/434 2507/2266/434 919/2267/434 2508/2268/434
f 3728/2269/435 1842/2270/435 498/2271/435 2509/2272/435
f 3727/2273/436 2510/2274/436 728/2275/436 1528/2276/436
f 3726/2277/437 2511/2278/437 920/2279/437 2512/2280/437
f 3725/2281/438 2071/2282/438 727/2283/438 2513/2284/438
f 3724/2285/439 2514/2286/439 389/2287/439 1189/2288/439
f 3723/2289/440 2515/2290/440 921/2291/440 2516/2292/440
f 3722/2293/441 2070/2294/441 726/2295/441 2517/2296/441
f 3721/2297/442 2518/2298/442 725/2299/442 1525/2300/442
f 3720/2301/6 2519/2302/6 922/2303/6 2520/2304/6
f 3719/2305/443 1878/2306/443 534/2307/443 2521/2308/443
f 3718/2309/6 2522/2310/6 724/2311/6 1524/2312/6
f 3717/2313/6 2523/2314/6 923/2315/6 2524/2316/6
f 3716/2317/6 2067/2318/6 723/2319/6 2525/2320/6
f 3715/2321/6 2526/2322/6 328/2323/6 1128/2324/6
f 3714/2325/6 2527/2326/6 924/2327/6 2528/2328/6
f 3713/2329/6 2066/2330/6 722/2331/6 2529/2332/6
f 3712/2333/444 2530/2334/444 721/2335/444 1521/2336/444
f 3711/2337/445 2531/2338/445 925/2339/445 2532/2340/445
f 3710/2341/446 1879/2342/446 535/2343/446 2533/2344/446
f 3709/2345/6 2534/2346/6 720/2347/6 1520/2348/6
f 3708/2349/447 2535/2350/447 926/2351/447 2536/2352/447
f 3707/2353/448 2063/2354/448 719/2355/448 2537/2356/448
f 3706/2357/6 2538/2358/6 392/2359/6 1192/2360/6
f 3705/2361/6 2539/2362/6 927/2363/6 2540/2364/6
f 3704/2365/6 2062/2366/6 718/2367/6 2541/2368/6
f 3703/2369/6 2542/2370/6 717/2371/6 1517/2372/6
f 3702/2373/449 2543/2374/449 928/2375/449 2544/2376/449
f 3701/2377/6 1855/2378/6 511/2379/6 2545/2380/6
f 3700/2381/450 2546/2382/450 716/2383/450 1516/2384/450
f 3699/2385/451 2547/2386/451 929/2387/451 2548/2388/451
f 3698/2389/452 2059/2390/452 715/2391/452 2549/2392/452
f 3697/2393/453 2550/2394/453 393/2395/453 1193/2396/453
f 3696/2397/6 2551/2398/6 930/2399/6 2552/2400/6
f 3695/2401/454 2058/2402/454 714/2403/454 2553/2404/454
f 3694/2405/6 2554/2406/6 713/2407/6 1513/2408/6
f 3693/2409/455 2555/2410/455 931/2411/455 2556/2412/455
f 3692/2413/456 1882/2414/456 538/2415/456 2557/2416/456
f 3691/2417/6 2558/2418/6 712/2419/6 1512/2420/6
f 3690/2421/6 2559/2422/6 932/2423/6 2560/2424/6
f 3689/2425/6 2055/2426/6 711/2427/6 2561/2428/6
f 3688/2429/6 2562/2430/6 497/2431/6 1841/2432/6
f 3687/2433/6 2563/2434/6 933/2435/6 2564/2436/6
f 3686/2437/6 2054/2438/6 710/2439/6 2565/2440/6
f 3685/2441/457 2566/2442/457 709/2443/457 1509/2444/457
f 3684/2445/458 2567/2446/458 934/2447/458 2568/2448/458
f 3683/2449/459 1883/2450/459 539/2451/459 2569/2452/459
f 3682/2453/6 2570/2454/6 708/2455/6 1508/2456/6
f 3681/2457/6 2571/2458/6 935/2459/6 2572/2460/6
f 3680/2461/460 2051/2462/460 707/2463/460 2573/2464/460
f 3679/2465/6 2574/2466/6 396/2467/6 1196/2468/6
f 3678/2469/6 2575/2470/6 936/2471/6 2576/2472/6
f 3677/2473/461 2050/2474/461 706/2475/461 2577/2476/461
f 3676/2477/462 2578/2478/462 705/2479/462 1505/2480/462
f 3675/2481/463 2579/2482/463 937/2483/463 2580/2484/463
f 3674/2485/464 1854/2486/464 510/2487/464 2581/2488/464
f 3673/2489/465 2582/2490/465 704/2491/465 1504/2492/465
f 3672/2493/466 2583/2494/466 938/2495/466 2584/2496/466
f 3671/2497/467 2047/2498/467 703/2499/467 2585/2500/467
f 3670/2501/468 2586/2502/468 397/2503/468 1197/2504/468
f 3669/2505/469 2587/2506/469 939/2507/469 2588/2508/469
f 3668/2509/470 2046/2510/470 702/2511/470 2589/2512/470
f 3667/2513/471 2590/2514/471 701/2515/471 1501/2516/471
f 3666/2517/472 2591/2518/472 940/2519/472 2592/2520/472
f 3665/2521/473 1886/2522/473 542/2523/473 2593/2524/473
f 3664/2525/474 2594/2526/474 700/2527/474 1500/2528/474
f 3663/2529/475 2595/2530/475 941/2531/475 2596/2532/475
f 3662/2533/476 2043/2534/476 699/2535/476 2597/2536/476
f 3661/2537/477 2598/2538/477 325/2539/477 1125/2540/477
f 3660/2541/478 2599/2542/478 942/2543/478 2600/2544/478
f 3659/2545/479 2042/2546/479 698/2547/479 2601/2548/479
f 3658/2549/480 2602/2550/480 697/2551/480 1497/2552/480
f 3657/2553/481 2603/2554/481 943/2555/481 2604/2556/481
f 3656/2557/482 1887/2558/482 543/2559/482 2605/2560/482
f 3655/2561/483 2606/2562/483 696/2563/483 1496/2564/483
f 3654/2565/484 2607/2566/484 944/2567/484 2608/2568/484
f 3653/2569/485 2039/2570/485 695/2571/485 2609/2572/485
f 3652/2573/486 2610/2574/486 400/2575/486 1200/2576/486
f 3651/2577/487 2611/2578/487 945/2579/487 2612/2580/487
f 3650/2581/488 2038/2582/488 694/2583/488 2613/2584/488
f 3649/2585/489 2614/2586/489 693/2587/489 1493/2588/489
f 3648/2589/490 2615/2590/490 946/2591/490 2616/2592/490
f 3647/2593/6 1843/2594/6 499/2595/6 2617/2596/6
f 3646/2597/491 2618/2598/491 692/2599/491 1492/2600/491
f 3645/2601/492 2619/2602/492 947/2603/492 2620/2604/492
f 3644/2605/493 2035/2606/493 691/2607/493 2621/2608/493
f 3643/2609/494 2622/2610/494 401/2611/494 1201/2612/494
f 3642/2613/495 2623/2614/495 948/2615/495 2624/2616/495
f 3641/2617/496 2034/2618/496 690/2619/496 2625/2620/496
f 3640/2621/497 2626/2622/497 689/2623/497 1489/2624/497
f 3639/2625/6 2627/2626/6 949/2627/6 2628/2628/6
f 3638/2629/498 1890/2630/498 546/2631/498 2629/2632/498
f 3637/2633/6 2630/2634/6 688/2635/6 1488/2636/6
f 3636/2637/6 2631/2638/6 950/2639/6 2632/2640/6
f 3635/2641/6 2031/2642/6 687/2643/6 2633/2644/6
f 3634/2645/6 2634/2646/6 324/2647/6 1124/2648/6
f 3633/2649/6 2635/2650/6 951/2651/6 2636/2652/6
f 3632/2653/6 2030/2654/6 686/2655/6 2637/2656/6
f 3631/2657/6 2638/2658/6 685/2659/6 1485/2660/6
f 3630/2661/6 2639/2662/6 952/2663/6 2640/2664/6
f 3629/2665/6 1891/2666/6 547/2667/6 2641/2668/6
f 3628/2669/6 2642/2670/6 684/2671/6 1484/2672/6
f 3627/2673/6 2643/2674/6 953/2675/6 2644/2676/6
f 3626/2677/6 2027/2678/6 683/2679/6 2645/2680/6
f 3625/2681/6 2646/2682/6 404/2683/6 1204/2684/6
f 3624/2685/6 2647/2686/6 954/2687/6 2648/2688/6
f 3623/2689/6 2026/2690/6 682/2691/6 2649/2692/6
f 3622/2693/499 2650/2694/499 681/2695/499 1481/2696/499
f 3621/2697/500 2651/2698/500 955/2699/500 2652/2700/500
f 3620/2701/501 1851/2702/501 507/2703/501 2653/2704/501
f 3619/2705/502 2654/2706/502 680/2707/502 1480/2708/502
f 3618/2709/6 2655/2710/6 956/2711/6 2656/2712/6
f 3617/2713/6 2023/2714/6 679/2715/6 2657/2716/6
f 3616/2717/503 2658/2718/503 405/2719/503 1205/2720/503
f 3615/2721/504 2659/2722/504 957/2723/504 2660/2724/504
f 3614/2725/505 2022/2726/505 678/2727/505 2661/2728/505
f 3613/2729/506 2662/2730/506 677/2731/506 1477/2732/506
f 3612/2733/507 2663/2734/507 958/2735/507 2664/2736/507
f 3611/2737/508 1894/2738/508 550/2739/508 2665/2740/508
f 3610/2741/509 2666/2742/509 676/2743/509 1476/2744/509
f 3609/2745/6 2667/2746/6 959/2747/6 2668/2748/6
f 3608/2749/510 2019/2750/510 675/2751/510 2669/2752/510
f 3607/2753/511 2670/2754/511 304/2755/511 1104/2756/511
f 3606/2757/512 2671/2758/512 960/2759/512 2672/2760/512
f 3605/2761/513 2018/2762/513 674/2763/513 2673/2764/513
f 3604/2765/6 2674/2766/6 673/2767/6 1473/2768/6
f 3603/2769/514 2675/2770/514 961/2771/514 2676/2772/514
f 3602/2773/515 1895/2774/515 551/2775/515 2677/2776/515
f 3601/2777/6 2678/2778/6 672/2779/6 1472/2780/6
f 3600/2781/6 2679/2782/6 962/2783/6 2680/2784/6
f 3599/2785/6 2015/2786/6 671/2787/6 2681/2788/6
f 3598/2789/6 2682/2790/6 408/2791/6 1208/2792/6
f 3597/2793/6 2683/2794/6 963/2795/6 2684/2796/6
f 3596/2797/6 2014/2798/6 670/2799/6 2685/2800/6
f 3595/2801/516 2686/2802/516 669/2803/516 1469/2804/516
f 3594/2805/517 2687/2806/517 964/2807/517 2688/2808/517
f 3593/2809/518 1850/2810/518 506/2811/518 2689/2812/518
f 3592/2813/519 2690/2814/519 668/2815/519 1468/2816/519
f 3591/2817/520 2691/2818/520 965/2819/520 2692/2820/520
f 3590/2821/521 2011/2822/521 667/2823/521 2693/2824/521
f 3589/2825/522 2694/2826/522 409/2827/522 1209/2828/522
f 3588/2829/523 2695/2830/523 966/2831/523 2696/2832/523
f 3587/2833/524 2010/2834/524 666/2835/524 2697/2836/524
f 3586/2837/525 2698/2838/525 665/2839/525 1465/2840/525
f 3585/2841/526 2699/2842/526 967/2843/526 2700/2844/526
f 3584/2845/6 1898/2846/6 554/2847/6 2701/2848/6
f 3583/2849/527 2702/2850/527 664/2851/527 1464/2852/527
f 3582/2853/528 2703/2854/528 968/2855/528 2704/2856/528
f 3581/2857/529 2007/2858/529 663/2859/529 2705/2860/529
f 3580/2861/530 2706/2862/530 321/2863/530 1121/2864/530
f 3579/2865/531 2707/2866/531 969/2867/531 2708/2868/531
f 3578/2869/532 2006/2870/532 662/2871/532 2709/2872/532
f 3577/2873/6 2710/2874/6 661/2875/6 1461/2876/6
f 3576/2877/6 2711/2878/6 970/2879/6 2712/2880/6
f 3575/2881/6 1899/2882/6 555/2883/6 2713/2884/6
f 3574/2885/6 2714/2886/6 660/2887/6 1460/2888/6
f 3573/2889/6 2715/2890/6 971/2891/6 2716/2892/6
f 3572/2893/6 2003/2894/6 659/2895/6 2717/2896/6
f 3571/2897/6 2718/2898/6 412/2899/6 1212/2900/6
f 3570/2901/6 2719/2902/6 972/2903/6 2720/2904/6
f 3569/2905/6 2002/2906/6 658/2907/6 2721/2908/6
f 3568/2909/6 2722/2910/6 657/2911/6 1457/2912/6
f 3567/2913/6 2723/2914/6 973/2915/6 2724/2916/6
f 3566/2917/6 1094/2918/6 294/2919/6 2725/2920/6
f 3565/2921/6 2726/2922/6 656/2923/6 1456/2924/6
f 3564/2925/6 2727/2926/6 974/2927/6 2728/2928/6
f 3563/2929/6 1999/2930/6 655/2931/6 2729/2932/6
f 3562/2933/6 2730/2934/6 413/2935/6 1213/2936/6
f 3561/2937/6 2731/2938/6 975/2939/6 2732/2940/6
f 3560/2941/6 1998/2942/6 654/2943/6 2733/2944/6
f 3559/2945/533 2734/2946/533 653/2947/533 1453/2948/533
f 3558/2949/534 2735/2950/534 976/2951/534 2736/2952/534
f 3557/2953/535 1902/2954/535 558/2955/535 2737/2956/535
f 3556/2957/536 2738/2958/536 652/2959/536 1452/2960/536
f 3555/2961/537 2739/2962/537 977/2963/537 2740/2964/537
f 3554/2965/538 1995/2966/538 651/2967/538 2741/2968/538
f 3553/2969/539 2742/2970/539 320/2971/539 1120/2972/539
f 3552/2973/540 2743/2974/540 978/2975/540 2744/2976/540
f 3551/2977/541 1994/2978/541 650/2979/541 2745/2980/541
f 3550/2981/542 2746/2982/542 649/2983/542 1449/2984/542
f 3549/2985/543 2747/2986/543 979/2987/543 2748/2988/543
f 3548/2989/544 1903/2990/544 559/2991/544 2749/2992/544
f 3547/2993/545 2750/2994/545 648/2995/545 1448/2996/545
f 3546/2997/546 2751/2998/546 980/2999/546 2752/3000/546
f 3545/3001/547 1991/3002/547 647/3003/547 2753/3004/547
f 3544/3005/548 2754/3006/548 416/3007/548 1216/3008/548
f 3543/3009/549 2755/3010/549 981/3011/549 2756/3012/549
f 3542/3013/550 1990/3014/550 646/3015/550 2757/3016/550
f 3541/3017/551 2758/3018/551 645/3019/551 1445/3020/551
f 3540/3021/6 2759/3022/6 982/3023/6 2760/3024/6
f 3539/3025/6 1847/3026/6 503/3027/6 2761/3028/6
f 3538/3029/552 2762/3030/552 644/3031/552 1444/3032/552
f 3537/3033/553 2763/3034/553 983/3035/553 2764/3036/553
f 3536/3037/554 1987/3038/554 643/3039/554 2765/3040/554
f 3535/3041/555 2766/3042/555 417/3043/555 1217/3044/555
f 3534/3045/556 2767/3046/556 984/3047/556 2768/3048/556
f 3533/3049/557 1986/3050/557 642/3051/557 2769/3052/557
f 3532/3053/558 2770/3054/558 641/3055/558 1441/3056/558
f 3531/3057/559 2771/3058/559 985/3059/559 2772/3060/559
f 3530/3061/560 1906/3062/560 562/3063/560 2773/3064/560
f 3529/3065/561 2774/3066/561 640/3067/561 1440/3068/561
f 3528/3069/562 2775/3070/562 986/3071/562 2776/3072/562
f 3527/3073/563 1983/3074/563 639/3075/563 2777/3076/563
f 3526/3077/564 2778/3078/564 305/3079/564 1105/3080/564
f 3525/3081/565 2779/3082/565 987/3083/565 2780/3084/565
f 3524/3085/566 1982/3086/566 638/3087/566 2781/3088/566
f 3523/3089/6 2782/3090/6 637/3091/6 1437/3092/6
f 3522/3093/6 2783/3094/6 988/3095/6 2784/3096/6
f 3521/3097/567 1907/3098/567 563/3099/567 2785/3100/567
f 3520/3101/568 2786/3102/568 636/3103/568 1436/3104/568
f 3519/3105/569 2787/3106/569 989/3107/569 2788/3108/569
f 3518/3109/570 1979/3110/570 635/3111/570 2789/3112/570
f 3517/3113/571 2790/3114/571 420/3115/571 1220/3116/571
f 3516/3117/572 2791/3118/572 990/3119/572 2792/3120/572
f 3515/3121/573 1978/3122/573 634/3123/573 2793/3124/573
f 3514/3125/574 2794/3126/574 633/3127/574 1433/3128/574
f 3513/3129/575 2795/3130/575 991/3131/575 2796/3132/575
f 3512/3133/576 1846/3134/576 502/3135/576 2797/3136/576
f 3511/3137/577 2798/3138/577 632/3139/577 1432/3140/577
f 3510/3141/578 2799/3142/578 992/3143/578 2800/3144/578
f 3509/3145/579 1975/3146/579 631/3147/579 2801/3148/579
f 3508/3149/580 2802/3150/580 421/3151/580 1221/3152/580
f 3507/3153/581 2803/3154/581 993/3155/581 2804/3156/581
f 3506/3157/582 1974/3158/582 630/3159/582 2805/3160/582
f 3505/3161/583 2806/3162/583 629/3163/583 1429/3164/583
f 3504/3165/584 2807/3166/584 994/3167/584 2808/3168/584
f 3503/3169/585 1910/3170/585 566/3171/585 2809/3172/585
f 3502/3173/586 2810/3174/586 628/3175/586 1428/3176/586
f 3501/3177/587 2811/3178/587 995/3179/587 2812/3180/587
f 3500/3181/588 1971/3182/588 627/3183/588 2813/3184/588
f 3499/3185/589 2814/3186/589 317/3187/589 1117/3188/589
f 3498/3189/590 2815/3190/590 996/3191/590 2816/3192/590
f 3497/3193/591 1970/3194/591 626/3195/591 2817/3196/591
f 3496/3197/592 2818/3198/592 625/3199/592 1425/3200/592
f 3495/3201/593 2819/3202/593 997/3203/593 2820/3204/593
f 3494/3205/594 1911/3206/594 567/3207/594 2821/3208/594
f 3493/3209/595 2822/3210/595 624/3211/595 1424/3212/595
f 3492/3213/596 2823/3214/596 998/3215/596 2824/3216/596
f 3491/3217/597 1967/3218/597 623/3219/597 2825/3220/597
f 3490/3221/598 2826/3222/598 424/3223/598 1224/3224/598
f 3489/3225/599 2827/3226/599 999/3227/599 2828/3228/599
f 3488/3229/600 1966/3230/600 622/3231/600 2829/3232/600
f 3487/3233/6 2830/3234/6 621/3235/6 1421/3236/6
f 3486/3237/6 2831/3238/6 1000/3239/6 2832/3240/6
f 3485/3241/6 1106/3242/6 306/3243/6 2833/3244/6
f 3484/3245/601 2834/3246/601 620/3247/601 1420/3248/601
f 3483/3249/602 2835/3250/602 1001/3251/602 2836/3252/602
f 3482/3253/6 1963/3254/6 619/3255/6 2837/3256/6
f 3481/3257/603 2838/3258/603 425/3259/603 1225/3260/603
f 3480/3261/604 2839/3262/604 1002/3263/604 2840/3264/604
f 3479/3265/6 1962/3266/6 618/3267/6 2841/3268/6
f 3478/3269/605 2842/3270/605 617/3271/605 1417/3272/605
f 3477/3273/606 2843/3274/606 1003/3275/606 2844/3276/606
f 3476/3277/607 1914/3278/607 570/3279/607 2845/3280/607
f 3475/3281/608 2846/3282/608 616/3283/608 1416/3284/608
f 3474/3285/609 2847/3286/609 1004/3287/609 2848/3288/609
f 3473/3289/610 1959/3290/610 615/3291/610 2849/3292/610
f 3472/3293/6 2850/3294/6 316/3295/6 1116/3296/6
f 3471/3297/611 2851/3298/611 1005/3299/611 2852/3300/611
f 3470/3301/612 1958/3302/612 614/3303/612 2853/3304/612
f 3469/3305/613 2854/3306/613 613/3307/613 1413/3308/613
f 3468/3309/614 2855/3310/614 1006/3311/614 2856/3312/614
f 3467/3313/615 1915/3314/615 571/3315/615 2857/3316/615
f 3466/3317/616 2858/3318/616 612/3319/616 1412/3320/616
f 3465/3321/617 2859/3322/617 1007/3323/617 2860/3324/617
f 3464/3325/618 1955/3326/618 611/3327/618 2861/3328/618
f 3463/3329/619 2862/3330/619 428/3331/619 1228/3332/619
f 3462/3333/620 2863/3334/620 1008/3335/620 2864/3336/620
f 3461/3337/621 1954/3338/621 610/3339/621 2865/3340/621
f 3460/3341/622 2866/3342/622 609/3343/622 1409/3344/622
f 3459/3345/623 2867/3346/623 1009/3347/623 2868/3348/623
f 3458/3349/624 1831/3350/624 487/3351/624 2869/3352/624
f 3457/3353/625 2870/3354/625 608/3355/625 1408/3356/625
f 3456/3357/626 2871/3358/626 1010/3359/626 2872/3360/626
f 3455/3361/627 1951/3362/627 607/3363/627 2873/3364/627
f 3454/3365/628 2874/3366/628 429/3367/628 1229/3368/628
f 3453/3369/629 2875/3370/629 1011/3371/629 2876/3372/629
f 3452/3373/630 1950/3374/630 606/3375/630 2877/3376/630
f 3451/3377/631 2878/3378/631 605/3379/631 1405/3380/631
f 3450/3381/632 2879/3382/632 1012/3383/632 2880/3384/632
f 3449/3385/633 1918/3386/633 574/3387/633 2881/3388/633
f 3448/3389/634 2882/3390/634 604/3391/634 1404/3392/634
f 3447/3393/635 2883/3394/635 1013/3395/635 2884/3396/635
f 3446/3397/636 1947/3398/636 603/3399/636 2885/3400/636
f 3445/3401/637 2886/3402/637 485/3403/637 1829/3404/637
f 3444/3405/638 2887/3406/638 1014/3407/638 2888/3408/638
f 3443/3409/639 1946/3410/639 602/3411/639 2889/3412/639
f 3442/3413/640 2890/3414/640 601/3415/640 1401/3416/640
f 3441/3417/641 2891/3418/641 1015/3419/641 2892/3420/641
f 3440/3421/642 1919/3422/642 575/3423/642 2893/3424/642
f 3439/3425/643 2894/3426/643 600/3427/643 1400/3428/643
f 3438/3429/644 2895/3430/644 1016/3431/644 2896/3432/644
f 3437/3433/645 1943/3434/645 599/3435/645 2897/3436/645
f 3436/3437/646 2898/3438/646 432/3439/646 1232/3440/646
f 3435/3441/647 2899/3442/647 1017/3443/647 2900/3444/647
f 3434/3445/648 1942/3446/648 598/3447/648 2901/3448/648
f 3433/3449/649 2902/3450/649 597/3451/649 1397/3452/649
f 3432/3453/650 2903/3454/650 1018/3455/650 2904/3456/650
f 3431/3457/651 1830/3458/651 486/3459/651 2905/3460/651
f 3430/3461/652 2906/3462/652 596/3463/652 1396/3464/652
f 3429/3465/653 2907/3466/653 1019/3467/653 2908/3468/653
f 3428/3469/654 1939/3470/654 595/3471/654 2909/3472/654
f 3427/3473/655 2910/3474/655 433/3475/655 1233/3476/655
f 3426/3477/656 2911/3478/656 1020/3479/656 2912/3480/656
f 3425/3481/657 1938/3482/657 594/3483/657 2913/3484/657
f 3424/3485/658 2914/3486/658 593/3487/658 1393/3488/658
f 3423/3489/659 2915/3490/659 1021/3491/659 2916/3492/659
f 3422/3493/660 1922/3494/660 578/3495/660 2917/3496/660
f 3421/3497/661 2918/3498/661 592/3499/661 1392/3500/661
f 3420/3501/662 2919/3502/662 1022/3503/662 2920/3504/662
f 3419/3505/663 1935/3506/663 591/3507/663 2921/3508/663
f 3418/3509/6 2922/3510/6 481/3511/6 1825/3512/6
f 3417/3513/664 2923/3514/664 1023/3515/664 2924/3516/664
f 3416/3517/665 1934/3518/665 590/3519/665 2925/3520/665
f 3415/3521/666 2926/3522/666 589/3523/666 1389/3524/666
f 3414/3525/667 2927/3526/667 1024/3527/667 2928/3528/667
f 3413/3529/668 1923/3530/668 579/3531/668 2929/3532/668
f 3412/3533/669 2930/3534/669 588/3535/669 1388/3536/669
f 3411/3537/670 2931/3538/670 1025/3539/670 2932/3540/670
f 3410/3541/671 1931/3542/671 587/3543/671 2933/3544/671
f 3409/3545/672 2934/3546/672 436/3547/672 1236/3548/672
f 3408/3549/673 2935/3550/673 1026/3551/673 2936/3552/673
f 3407/3553/674 1930/3554/674 586/3555/674 2937/3556/674
f 3406/3557/675 2938/3558/675 585/3559/675 1385/3560/675
f 3405/3561/676 2939/3562/676 1027/3563/676 2940/3564/676
f 3404/3565/677 1110/3566/677 310/3567/677 2941/3568/677
f 3403/3569/678 2942/3570/678 584/3571/678 1384/3572/678
f 3402/3573/679 2943/3574/679 1028/3575/679 2944/3576/679
f 3401/3577/680 1927/3578/680 583/3579/680 2945/3580/680
f 3400/3581/681 2946/3582/681 437/3583/681 1237/3584/681
f 3399/3585/682 2947/3586/682 1029/3587/682 2948/3588/682
f 3398/3589/683 1926/3590/683 582/3591/683 2949/3592/683
f 3397/3593/6 2950/3594/6 581/3595/6 1381/3596/6
f 3396/3597/684 2951/3598/684 1030/3599/684 2952/3600/684
f 3395/3601/6 1254/3602/6 454/3603/6 2953/3604/6
f 3394/3605/685 2954/3606/685 580/3607/685 1380/3608/685
f 3393/3609/686 2955/3610/686 1031/3611/686 2956/3612/686
f 3392/3613/687 1779/3614/687 435/3615/687 2957/3616/687
f 3391/3617/6 2958/3618/6 337/3619/6 1681/3620/6
f 3390/3621/688 2959/3622/688 1032/3623/688 2960/3624/688
f 3389/3625/6 1778/3626/6 434/3627/6 2961/3628/6
f 3388/3629/689 2962/3630/689 577/3631/689 1377/3632/689
f 3387/3633/690 2963/3634/690 1033/3635/690 2964/3636/690
f 3386/3637/691 1686/3638/691 342/3639/691 2965/3640/691
f 3385/3641/692 2966/3642/692 576/3643/692 1376/3644/692
f 3384/3645/693 2967/3646/693 1034/3647/693 2968/3648/693
f 3383/3649/694 1775/3650/694 431/3651/694 2969/3652/694
f 3382/3653/6 2970/3654/6 341/3655/6 1685/3656/6
f 3381/3657/695 2971/3658/695 1035/3659/695 2972/3660/695
f 3380/3661/696 1774/3662/696 430/3663/696 2973/3664/696
f 3379/3665/697 2974/3666/697 573/3667/697 1373/3668/697
f 3378/3669/698 2975/3670/698 1036/3671/698 2976/3672/698
f 3377/3673/699 1687/3674/699 343/3675/699 2977/3676/699
f 3376/3677/700 2978/3678/700 572/3679/700 1372/3680/700
f 3375/3681/701 2979/3682/701 1037/3683/701 2980/3684/701
f 3374/3685/702 1771/3686/702 427/3687/702 2981/3688/702
f 3373/3689/703 2982/3690/703 460/3691/703 1260/3692/703
f 3372/3693/704 2983/3694/704 1038/3695/704 2984/3696/704
f 3371/3697/705 1770/3698/705 426/3699/705 2985/3700/705
f 3370/3701/706 2986/3702/706 569/3703/706 1369/3704/706
f 3369/3705/6 2987/3706/6 1039/3707/6 2988/3708/6
f 3368/3709/6 1250/3710/6 450/3711/6 2989/3712/6
f 3367/3713/707 2990/3714/707 568/3715/707 1368/3716/707
f 3366/3717/708 2991/3718/708 1040/3719/708 2992/3720/708
f 3365/3721/709 1767/3722/709 423/3723/709 2993/3724/709
f 3364/3725/710 2994/3726/710 461/3727/710 1261/3728/710
f 3363/3729/711 2995/3730/711 1041/3731/711 2996/3732/711
f 3362/3733/712 1766/3734/712 422/3735/712 2997/3736/712
f 3361/3737/713 2998/3738/713 565/3739/713 1365/3740/713
f 3360/3741/714 2999/3742/714 1042/3743/714 3000/3744/714
f 3359/3745/715 1702/3746/715 358/3747/715 3001/3748/715
f 3358/3749/716 3002/3750/716 564/3751/716 1364/3752/716
f 3357/3753/717 3003/3754/717 1043/3755/717 3004/3756/717
f 3356/3757/718 1763/3758/718 419/3759/718 3005/3760/718
f 3355/3761/719 3006/3762/719 449/3763/719 1249/3764/719
f 3354/3765/720 3007/3766/720 1044/3767/720 3008/3768/720
f 3353/3769/721 1762/3770/721 418/3771/721 3009/3772/721
f 3352/3773/722 3010/3774/722 561/3775/722 1361/3776/722
f 3351/3777/723 3011/3778/723 1045/3779/723 3012/3780/723
f 3350/3781/6 1703/3782/6 359/3783/6 3013/3784/6
f 3349/3785/724 3014/3786/724 560/3787/724 1360/3788/724
f 3348/3789/725 3015/3790/725 1046/3791/725 3016/3792/725
f 3347/3793/726 1759/3794/726 415/3795/726 3017/3796/726
f 3346/3797/6 3018/3798/6 464/3799/6 1264/3800/6
f 3345/3801/6 3019/3802/6 1047/3803/6 3020/3804/6
f 3344/3805/727 1758/3806/727 414/3807/727 3021/3808/727
f 3343/3809/6 3022/3810/6 557/3811/6 1357/3812/6
f 3342/3813/6 3023/3814/6 1048/3815/6 3024/3816/6
f 3341/3817/6 1238/3818/6 438/3819/6 3025/3820/6
f 3340/3821/6 3026/3822/6 556/3823/6 1356/3824/6
f 3339/3825/6 3027/3826/6 1049/3827/6 3028/3828/6
f 3338/3829/6 1755/3830/6 411/3831/6 3029/3832/6
f 3337/3833/728 3030/3834/728 465/3835/728 1265/3836/728
f 3336/3837/729 3031/3838/729 1050/3839/729 3032/3840/729
f 3335/3841/730 1754/3842/730 410/3843/730 3033/3844/730
f 3334/3845/731 3034/3846/731 553/3847/731 1353/3848/731
f 3333/3849/732 3035/3850/732 1051/3851/732 3036/3852/732
f 3332/3853/733 1706/3854/733 362/3855/733 3037/3856/733
f 3331/3857/734 3038/3858/734 552/3859/734 1352/3860/734
f 3330/3861/6 3039/3862/6 1052/3863/6 3040/3864/6
f 3329/3865/735 1751/3866/735 407/3867/735 3041/3868/735
f 3328/3869/736 3042/3870/736 448/3871/736 1248/3872/736
f 3327/3873/737 3043/3874/737 1053/3875/737 3044/3876/737
f 3326/3877/738 1750/3878/738 406/3879/738 3045/3880/738
f 3325/3881/739 3046/3882/739 549/3883/739 1349/3884/739
f 3324/3885/740 3047/3886/740 1054/3887/740 3048/3888/740
f 3323/3889/741 1707/3890/741 363/3891/741 3049/3892/741
f 3322/3893/6 3050/3894/6 548/3895/6 1348/3896/6
f 3321/3897/6 3051/3898/6 1055/3899/6 3052/3900/6
f 3320/3901/6 1747/3902/6 403/3903/6 3053/3904/6
f 3319/3905/742 3054/3906/742 468/3907/742 1268/3908/742
f 3318/3909/743 3055/3910/743 1056/3911/743 3056/3912/743
f 3317/3913/744 1746/3914/744 402/3915/744 3057/3916/744
f 3316/3917/745 3058/3918/745 545/3919/745 1345/3920/745
f 3315/3921/746 3059/3922/746 1057/3923/746 3060/3924/746
f 3314/3925/747 1699/3926/747 355/3927/747 3061/3928/747
f 3313/3929/748 3062/3930/748 544/3931/748 1344/3932/748
f 3312/3933/749 3063/3934/749 1058/3935/749 3064/3936/749
f 3311/3937/750 1743/3938/750 399/3939/750 3065/3940/750
f 3310/3941/751 3066/3942/751 469/3943/751 1269/3944/751
f 3309/3945/752 3067/3946/752 1059/3947/752 3068/3948/752
f 3308/3949/753 1742/3950/753 398/3951/753 3069/3952/753
f 3307/3953/754 3070/3954/754 541/3955/754 1341/3956/754
f 3306/3957/755 3071/3958/755 1060/3959/755 3072/3960/755
f 3305/3961/756 1710/3962/756 366/3963/756 3073/3964/756
f 3304/3965/757 3074/3966/757 540/3967/757 1340/3968/757
f 3303/3969/758 3075/3970/758 1061/3971/758 3076/3972/758
f 3302/3973/759 1739/3974/759 395/3975/759 3077/3976/759
f 3301/3977/6 3078/3978/6 353/3979/6 1697/3980/6
f 3300/3981/6 3079/3982/6 1062/3983/6 3080/3984/6
f 3299/3985/6 1738/3986/6 394/3987/6 3081/3988/6
f 3298/3989/760 3082/3990/760 537/3991/760 1337/3992/760
f 3297/3993/761 3083/3994/761 1063/3995/761 3084/3996/761
f 3296/3997/762 1711/3998/762 367/3999/762 3085/4000/762
f 3295/4001/6 3086/4002/6 536/4003/6 1336/4004/6
f 3294/4005/6 3087/4006/6 1064/4007/6 3088/4008/6
f 3293/4009/763 1735/4010/763 391/4011/763 3089/4012/763
f 3292/4013/764 3090/4014/764 472/4015/764 1272/4016/764
f 3291/4017/765 3091/4018/765 1065/4019/765 3092/4020/765
f 3290/4021/766 1734/4022/766 390/4023/766 3093/4024/766
f 3289/4025/767 3094/4026/767 533/4027/767 1333/4028/767
f 3288/4029/768 3095/4030/768 1066/4031/768 3096/4032/768
f 3287/4033/769 1698/4034/769 354/4035/769 3097/4036/769
f 3286/4037/770 3098/4038/770 532/4039/770 1332/4040/770
f 3285/4041/771 3099/4042/771 1067/4043/771 3100/4044/771
f 3284/4045/772 1731/4046/772 387/4047/772 3101/4048/772
f 3283/4049/773 3102/4050/773 473/4051/773 1273/4052/773
f 3282/4053/774 3103/4054/774 1068/4055/774 3104/4056/774
f 3281/4057/775 1730/4058/775 386/4059/775 3105/4060/775
f 3280/4061/776 3106/4062/776 529/4063/776 1329/4064/776
f 3279/4065/777 3107/4066/777 1069/4067/777 3108/4068/777
f 3278/4069/778 1714/4070/778 370/4071/778 3109/4072/778
f 3277/4073/779 3110/4074/779 528/4075/779 1328/4076/779
f 3276/4077/780 3111/4078/780 1070/4079/780 3112/4080/780
f 3275/4081/781 1727/4082/781 383/4083/781 3113/4084/781
f 3274/4085/782 3114/4086/782 349/4087/782 1693/4088/782
f 3273/4089/783 3115/4090/783 1071/4091/783 3116/4092/783
f 3272/4093/784 1726/4094/784 382/4095/784 3117/4096/784
f 3271/4097/785 3118/4098/785 525/4099/785 1325/4100/785
f 3270/4101/786 3119/4102/786 1072/4103/786 3120/4104/786
f 3269/4105/787 1715/4106/787 371/4107/787 3121/4108/787
f 3268/4109/788 3122/4110/788 524/4111/788 1324/4112/788
f 3267/4113/789 3123/4114/789 1073/4115/789 3124/4116/789
f 3266/4117/790 1723/4118/790 379/4119/790 3125/4120/790
f 3265/4121/791 3126/4122/791 476/4123/791 1276/4124/791
f 3264/4125/792 3127/4126/792 1074/4127/792 3128/4128/792
f 3263/4129/793 1722/4130/793 378/4131/793 3129/4132/793
f 3262/4133/794 3130/4134/794 521/4135/794 1321/4136/794
f 3261/4137/795 3131/4138/795 1075/4139/795 3132/4140/795
f 3260/4141/796 1242/4142/796 442/4143/796 3133/4144/796
f 3259/4145/797 3134/4146/797 520/4147/797 1320/4148/797
f 3258/4149/798 3135/4150/798 1076/4151/798 3136/4152/798
f 3257/4153/799 1719/4154/799 375/4155/799 3137/4156/799
f 3256/4157/800 3138/4158/800 477/4159/800 1277/4160/800
f 3255/4161/801 3139/4162/801 1077/4163/801 3140/4164/801
f 3254/4165/802 1718/4166/802 374/4167/802 3141/4168/802
f 3253/4169/803 3142/4170/803 517/4171/803 1317/4172/803
f 3252/4173/804 3143/4174/804 1078/4175/804 3144/4176/804
f 3251/4177/805 1282/4178/805 482/4179/805 3145/4180/805
f 3250/4181/806 3146/4182/806 516/4183/806 1316/4184/806
f 3249/4185/807 3147/4186/807 1079/4187/807 3148/4188/807
f 3248/4189/808 1675/4190/808 331/4191/808 3149/4192/808
f 3247/4193/6 3150/4194/6 309/4195/6 1653/4196/6
f 3246/4197/809 3151/4198/809 1080/4199/809 3152/4200/809
f 3245/4201/810 1674/4202/810 330/4203/810 3153/4204/810
f 3244/4205/811 3154/4206/811 513/4207/811 1313/4208/811
f 3243/4209/812 3155/4210/812 1081/4211/812 3156/4212/812
f 3242/4213/813 1658/4214/813 314/4215/813 3157/4216/813
f 3241/4217/814 3158/4218/814 512/4219/814 1312/4220/814
f 3240/4221/815 3159/4222/815 1082/4223/815 3160/4224/815
f 3239/4225/816 1671/4226/816 327/4227/816 3161/4228/816
f 3238/4229/817 3162/4230/817 313/4231/817 1657/4232/817
f 3237/4233/818 3163/4234/818 1083/4235/818 3164/4236/818
f 3236/4237/819 1670/4238/819 326/4239/819 3165/4240/819
f 3235/4241/820 3166/4242/820 509/4243/820 1309/4244/820
f 3234/4245/821 3167/4246/821 1084/4247/821 3168/4248/821
f 3233/4249/822 1659/4250/822 315/4251/822 3169/4252/822
f 3232/4253/823 3170/4254/823 508/4255/823 1308/4256/823
f 3231/4257/824 3171/4258/824 1085/4259/824 3172/4260/824
f 3230/4261/825 1667/4262/825 323/4263/825 3173/4264/825
f 3229/4265/826 3174/4266/826 488/4267/826 1288/4268/826
f 3228/4269/827 3175/4270/827 1086/4271/827 3176/4272/827
f 3227/4273/6 1666/4274/6 322/4275/6 3177/4276/6
f 3226/4277/6 3178/4278/6 505/4279/6 1305/4280/6
f 3225/4281/6 3179/4282/6 1087/4283/6 3180/4284/6
f 3224/4285/6 1278/4286/6 478/4287/6 3181/4288/6
f 3223/4289/828 3182/4290/828 504/4291/828 1304/4292/828
f 3222/4293/829 3183/4294/829 1088/4295/829 3184/4296/829
f 3221/4297/830 1663/4298/830 319/4299/830 3185/4300/830
f 3220/4301/831 3186/4302/831 489/4303/831 1289/4304/831
f 3219/4305/832 3187/4306/832 1089/4307/832 3188/4308/832
f 3218/4309/833 1662/4310/833 318/4311/833 3189/4312/833
f 3217/4313/834 3190/4314/834 501/4315/834 1301/4316/834
f 3216/4317/835 3191/4318/835 1090/4319/835 3192/4320/835
f 3215/4321/836 1290/4322/836 490/4323/836 3193/4324/836
f 3214/4325/837 3194/4326/837 500/4327/837 1300/4328/837
f 3213/4329/838 3195/4330/838 1091/4331/838 3196/4332/838
f 3212/4333/839 1647/4334/839 303/4335/839 3197/4336/839
f 3211/4337/6 3198/4338/6 301/4339/6 1645/4340/6
f 3210/4341/840 3199/4342/840 1092/4343/840 3200/4344/840
f 3209/4345/841 1646/4346/841 302/4347/841 3201/4348/841
f 3208/4349/6 3202/4350/6 297/4351/6 1641/4352/6
f 3207/4353/6 3203/4354/6 1093/4355/6 3204/4356/6
f 3206/4357/6 1294/4358/6 494/4359/6 3205/4360/6
f 3203/4354/6 3206/4357/6 3205/4360/6 1093/4355/6
f 837/1291/6 2181/1288/6 3206/4357/6 3203/4354/6
f 2181/1288/6 142/1287/6 1294/4358/6 3206/4357/6
f 2178/1322/6 3207/4353/6 3204/4356/6 834/1323/6
f 293/1283/6 1637/1292/6 3207/4353/6 2178/1322/6
f 1637/1292/6 837/1291/6 3203/4354/6 3207/4353/6
f 1634/1278/6 3208/4349/6 1641/4352/6 89/1279/6
f 834/1323/6 3204/4356/6 3208/4349/6 1634/1278/6
f 3204/4356/6 1093/4355/6 3202/4350/6 3208/4349/6
f 3199/4342/842 3209/4345/842 3201/4348/842 1092/4343/842
f 833/1327/843 2177/1276/843 3209/4345/843 3199/4342/843
f 2177/1276/844 94/1275/844 1646/4346/844 3209/4345/844
f 2174/1358/845 3210/4341/845 3200/4344/845 830/1359/845
f 292/1271/846 1633/1328/846 3210/4341/846 2174/1358/846
f 1633/1328/847 833/1327/847 3199/4342/847 3210/4341/847
f 1630/1266/6 3211/4337/6 1645/4340/6 93/1267/6
f 830/1359/848 3200/4344/848 3211/4337/848 1630/1266/848
f 3200/4344/849 1092/4343/849 3198/4338/849 3211/4337/849
f 3195/4330/850 3212/4333/850 3197/4336/850 1091/4331/850
f 829/1363/851 2173/1264/851 3212/4333/851 3195/4330/851
f 2173/1264/852 95/1263/852 1647/4334/852 3212/4333/852
f 2170/1394/853 3213/4329/853 3196/4332/853 826/1395/853
f 291/1259/854 1629/1364/854 3213/4329/854 2170/1394/854
f 1629/1364/855 829/1363/855 3195/4330/855 3213/4329/855
f 1626/1254/856 3214/4325/856 1300/4328/856 148/1255/856
f 826/1395/857 3196/4332/857 3214/4325/857 1626/1254/857
f 3196/4332/858 1091/4331/858 3194/4326/858 3214/4325/858
f 3191/4318/859 3215/4321/859 3193/4324/859 1090/4319/859
f 825/1399/860 2169/1252/860 3215/4321/860 3191/4318/860
f 2169/1252/861 138/1251/861 1290/4322/861 3215/4321/861
f 2166/1430/862 3216/4317/862 3192/4320/862 822/1431/862
f 290/1247/863 1625/1400/863 3216/4317/863 2166/1430/863
f 1625/1400/864 825/1399/864 3191/4318/864 3216/4317/864
f 1622/1242/865 3217/4313/865 1301/4316/865 149/1243/865
f 822/1431/866 3192/4320/866 3217/4313/866 1622/1242/866
f 3192/4320/867 1090/4319/867 3190/4314/867 3217/4313/867
f 3187/4306/868 3218/4309/868 3189/4312/868 1089/4307/868
f 821/1435/869 2165/1240/869 3218/4309/869 3187/4306/869
f 2165/1240/870 110/1239/870 1662/4310/870 3218/4309/870
f 2162/1466/871 3219/4305/871 3188/4308/871 818/1467/871
f 289/1235/872 1621/1436/872 3219/4305/872 2162/1466/872
f 1621/1436/873 821/1435/873 3187/4306/873 3219/4305/873
f 1618/1230/874 3220/4301/874 1289/4304/874 137/1231/874
f 818/1467/875 3188/4308/875 3220/4301/875 1618/1230/875
f 3188/4308/876 1089/4307/876 3186/4302/876 3220/4301/876
f 3183/4294/877 3221/4297/877 3185/4300/877 1088/4295/877
f 817/1471/878 2161/1228/878 3221/4297/878 3183/4294/878
f 2161/1228/879 111/1227/879 1663/4298/879 3221/4297/879
f 2158/1502/880 3222/4293/880 3184/4296/880 814/1503/880
f 288/1223/881 1617/1472/881 3222/4293/881 2158/1502/881
f 1617/1472/882 817/1471/882 3183/4294/882 3222/4293/882
f 1614/1218/883 3223/4289/883 1304/4292/883 152/1219/883
f 814/1503/884 3184/4296/884 3223/4289/884 1614/1218/884
f 3184/4296/885 1088/4295/885 3182/4290/885 3223/4289/885
f 3179/4282/6 3224/4285/6 3181/4288/6 1087/4283/6
f 813/1507/6 2157/1216/6 3224/4285/6 3179/4282/6
f 2157/1216/6 126/1215/6 1278/4286/6 3224/4285/6
f 2154/1538/6 3225/4281/6 3180/4284/6 810/1539/6
f 287/1211/6 1613/1508/6 3225/4281/6 2154/1538/6
f 1613/1508/6 813/1507/6 3179/4282/6 3225/4281/6
f 1610/1206/6 3226/4277/6 1305/4280/6 153/1207/6
f 810/1539/6 3180/4284/6 3226/4277/6 1610/1206/6
f 3180/4284/6 1087/4283/6 3178/4278/6 3226/4277/6
f 3175/4270/886 3227/4273/886 3177/4276/886 1086/4271/886
f 809/1543/887 2153/1204/887 3227/4273/887 3175/4270/887
f 2153/1204/888 114/1203/888 1666/4274/888 3227/4273/888
f 2150/1574/889 3228/4269/889 3176/4272/889 806/1575/889
f 286/1199/890 1609/1544/890 3228/4269/890 2150/1574/890
f 1609/1544/891 809/1543/891 3175/4270/891 3228/4269/891
f 1606/1194/892 3229/4265/892 1288/4268/892 136/1195/892
f 806/1575/893 3176/4272/893 3229/4265/893 1606/1194/893
f 3176/4272/894 1086/4271/894 3174/4266/894 3229/4265/894
f 3171/4258/895 3230/4261/895 3173/4264/895 1085/4259/895
f 805/1579/896 2149/1192/896 3230/4261/896 3171/4258/896
f 2149/1192/897 115/1191/897 1667/4262/897 3230/4261/897
f 2146/1610/898 3231/4257/898 3172/4260/898 802/1611/898
f 285/1187/899 1605/1580/899 3231/4257/899 2146/1610/899
f 1605/1580/900 805/1579/900 3171/4258/900 3231/4257/900
f 1602/1182/901 3232/4253/901 1308/4256/901 156/1183/901
f 802/1611/902 3172/4260/902 3232/4253/902 1602/1182/902
f 3172/4260/903 1085/4259/903 3170/4254/903 3232/4253/903
f 3167/4246/904 3233/4249/904 3169/4252/904 1084/4247/904
f 801/1615/905 2145/1180/905 3233/4249/905 3167/4246/905
f 2145/1180/906 107/1179/906 1659/4250/906 3233/4249/906
f 2142/1646/907 3234/4245/907 3168/4248/907 798/1647/907
f 284/1175/908 1601/1616/908 3234/4245/908 2142/1646/908
f 1601/1616/909 801/1615/909 3167/4246/909 3234/4245/909
f 1598/1170/910 3235/4241/910 1309/4244/910 157/1171/910
f 798/1647/911 3168/4248/911 3235/4241/911 1598/1170/911
f 3168/4248/912 1084/4247/912 3166/4242/912 3235/4241/912
f 3163/4234/913 3236/4237/913 3165/4240/913 1083/4235/913
f 797/1651/914 2141/1168/914 3236/4237/914 3163/4234/914
f 2141/1168/915 118/1167/915 1670/4238/915 3236/4237/915
f 2138/1682/916 3237/4233/916 3164/4236/916 794/1683/916
f 283/1163/917 1597/1652/917 3237/4233/917 2138/1682/917
f 1597/1652/918 797/1651/918 3163/4234/918 3237/4233/918
f 1594/1158/6 3238/4229/6 1657/4232/6 105/1159/6
f 794/1683/919 3164/4236/919 3238/4229/919 1594/1158/919
f 3164/4236/920 1083/4235/920 3162/4230/920 3238/4229/920
f 3159/4222/921 3239/4225/921 3161/4228/921 1082/4223/921
f 793/1687/922 2137/1156/922 3239/4225/922 3159/4222/922
f 2137/1156/923 119/1155/923 1671/4226/923 3239/4225/923
f 2134/1718/924 3240/4221/924 3160/4224/924 790/1719/924
f 282/1151/925 1593/1688/925 3240/4221/925 2134/1718/925
f 1593/1688/926 793/1687/926 3159/4222/926 3240/4221/926
f 1590/1146/927 3241/4217/927 1312/4220/927 160/1147/927
f 790/1719/928 3160/4224/928 3241/4217/928 1590/1146/928
f 3160/4224/929 1082/4223/929 3158/4218/929 3241/4217/929
f 3155/4210/930 3242/4213/930 3157/4216/930 1081/4211/930
f 789/1723/931 2133/1144/931 3242/4213/931 3155/4210/931
f 2133/1144/932 106/1143/932 1658/4214/932 3242/4213/932
f 2130/1754/933 3243/4209/933 3156/4212/933 786/1755/933
f 281/1139/934 1589/1724/934 3243/4209/934 2130/1754/934
f 1589/1724/935 789/1723/935 3155/4210/935 3243/4209/935
f 1586/1134/936 3244/4205/936 1313/4208/936 161/1135/936
f 786/1755/937 3156/4212/937 3244/4205/937 1586/1134/937
f 3156/4212/938 1081/4211/938 3154/4206/938 3244/4205/938
f 3151/4198/939 3245/4201/939 3153/4204/939 1080/4199/939
f 785/1759/940 2129/1132/940 3245/4201/940 3151/4198/940
f 2129/1132/941 122/1131/941 1674/4202/941 3245/4201/941
f 2126/1790/942 3246/4197/942 3152/4200/942 782/1791/942
f 280/1127/943 1585/1760/943 3246/4197/943 2126/1790/943
f 1585/1760/944 785/1759/944 3151/4198/944 3246/4197/944
f 1582/1122/6 3247/4193/6 1653/4196/6 101/1123/6
f 782/1791/945 3152/4200/945 3247/4193/945 1582/1122/945
f 3152/4200/946 1080/4199/946 3150/4194/946 3247/4193/946
f 3147/4186/947 3248/4189/947 3149/4192/947 1079/4187/947
f 781/1795/948 2125/1120/948 3248/4189/948 3147/4186/948
f 2125/1120/949 123/1119/949 1675/4190/949 3248/4189/949
f 2122/1826/950 3249/4185/950 3148/4188/950 778/1827/950
f 279/1115/951 1581/1796/951 3249/4185/951 2122/1826/951
f 1581/1796/952 781/1795/952 3147/4186/952 3249/4185/952
f 1578/1110/953 3250/4181/953 1316/4184/953 164/1111/953
f 778/1827/954 3148/4188/954 3250/4181/954 1578/1110/954
f 3148/4188/955 1079/4187/955 3146/4182/955 3250/4181/955
f 3143/4174/956 3251/4177/956 3145/4180/956 1078/4175/956
f 777/1831/957 2121/1108/957 3251/4177/957 3143/4174/957
f 2121/1108/958 130/1107/958 1282/4178/958 3251/4177/958
f 2118/1862/959 3252/4173/959 3144/4176/959 774/1863/959
f 278/1103/960 1577/1832/960 3252/4173/960 2118/1862/960
f 1577/1832/961 777/1831/961 3143/4174/961 3252/4173/961
f 1574/1098/962 3253/4169/962 1317/4172/962 165/1099/962
f 774/1863/963 3144/4176/963 3253/4169/963 1574/1098/963
f 3144/4176/964 1078/4175/964 3142/4170/964 3253/4169/964
f 3139/4162/965 3254/4165/965 3141/4168/965 1077/4163/965
f 773/1867/966 2117/1096/966 3254/4165/966 3139/4162/966
f 2117/1096/967 166/1095/967 1718/4166/967 3254/4165/967
f 2114/1898/968 3255/4161/968 3140/4164/968 770/1899/968
f 277/1091/969 1573/1868/969 3255/4161/969 2114/1898/969
f 1573/1868/970 773/1867/970 3139/4162/970 3255/4161/970
f 1570/1086/971 3256/4157/971 1277/4160/971 125/1087/971
f 770/1899/972 3140/4164/972 3256/4157/972 1570/1086/972
f 3140/4164/973 1077/4163/973 3138/4158/973 3256/4157/973
f 3135/4150/974 3257/4153/974 3137/4156/974 1076/4151/974
f 769/1903/975 2113/1084/975 3257/4153/975 3135/4150/975
f 2113/1084/976 167/1083/976 1719/4154/976 3257/4153/976
f 2110/1934/977 3258/4149/977 3136/4152/977 766/1935/977
f 276/1079/978 1569/1904/978 3258/4149/978 2110/1934/978
f 1569/1904/979 769/1903/979 3135/4150/979 3258/4149/979
f 1566/1074/980 3259/4145/980 1320/4148/980 168/1075/980
f 766/1935/981 3136/4152/981 3259/4145/981 1566/1074/981
f 3136/4152/982 1076/4151/982 3134/4146/982 3259/4145/982
f 3131/4138/983 3260/4141/983 3133/4144/983 1075/4139/983
f 765/1939/984 2109/1072/984 3260/4141/984 3131/4138/984
f 2109/1072/985 90/1071/985 1242/4142/985 3260/4141/985
f 2106/1970/986 3261/4137/986 3132/4140/986 762/1971/986
f 275/1067/987 1565/1940/987 3261/4137/987 2106/1970/987
f 1565/1940/988 765/1939/988 3131/4138/988 3261/4137/988
f 1562/1062/989 3262/4133/989 1321/4136/989 169/1063/989
f 762/1971/990 3132/4140/990 3262/4133/990 1562/1062/990
f 3132/4140/991 1075/4139/991 3130/4134/991 3262/4133/991
f 3127/4126/992 3263/4129/992 3129/4132/992 1074/4127/992
f 761/1975/993 2105/1060/993 3263/4129/993 3127/4126/993
f 2105/1060/994 170/1059/994 1722/4130/994 3263/4129/994
f 2102/2006/995 3264/4125/995 3128/4128/995 758/2007/995
f 274/1055/996 1561/1976/996 3264/4125/996 2102/2006/996
f 1561/1976/997 761/1975/997 3127/4126/997 3264/4125/997
f 1558/1050/998 3265/4121/998 1276/4124/998 124/1051/998
f 758/2007/999 3128/4128/999 3265/4121/999 1558/1050/999
f 3128/4128/1000 1074/4127/1000 3126/4122/1000 3265/4121/1000
f 3123/4114/1001 3266/4117/1001 3125/4120/1001 1073/4115/1001
f 757/2011/1002 2101/1048/1002 3266/4117/1002 3123/4114/1002
f 2101/1048/1003 171/1047/1003 1723/4118/1003 3266/4117/1003
f 2098/2042/1004 3267/4113/1004 3124/4116/1004 754/2043/1004
f 273/1043/1005 1557/2012/1005 3267/4113/1005 2098/2042/1005
f 1557/2012/1006 757/2011/1006 3123/4114/1006 3267/4113/1006
f 1554/1038/1007 3268/4109/1007 1324/4112/1007 172/1039/1007
f 754/2043/1008 3124/4116/1008 3268/4109/1008 1554/1038/1008
f 3124/4116/1009 1073/4115/1009 3122/4110/1009 3268/4109/1009
f 3119/4102/1010 3269/4105/1010 3121/4108/1010 1072/4103/1010
f 753/2047/1011 2097/1036/1011 3269/4105/1011 3119/4102/1011
f 2097/1036/1012 163/1035/1012 1715/4106/1012 3269/4105/1012
f 2094/2078/1013 3270/4101/1013 3120/4104/1013 750/2079/1013
f 272/1031/1014 1553/2048/1014 3270/4101/1014 2094/2078/1014
f 1553/2048/1015 753/2047/1015 3119/4102/1015 3270/4101/1015
f 1550/1026/1016 3271/4097/1016 1325/4100/1016 173/1027/1016
f 750/2079/1017 3120/4104/1017 3271/4097/1017 1550/1026/1017
f 3120/4104/1018 1072/4103/1018 3118/4098/1018 3271/4097/1018
f 3115/4090/1019 3272/4093/1019 3117/4096/1019 1071/4091/1019
f 749/2083/1020 2093/1024/1020 3272/4093/1020 3115/4090/1020
f 2093/1024/1021 174/1023/1021 1726/4094/1021 3272/4093/1021
f 2090/2114/1022 3273/4089/1022 3116/4092/1022 746/2115/1022
f 271/1019/1023 1549/2084/1023 3273/4089/1023 2090/2114/1023
f 1549/2084/1024 749/2083/1024 3115/4090/1024 3273/4089/1024
f 1546/1014/1025 3274/4085/1025 1693/4088/1025 141/1015/1025
f 746/2115/1026 3116/4092/1026 3274/4085/1026 1546/1014/1026
f 3116/4092/1027 1071/4091/1027 3114/4086/1027 3274/4085/1027
f 3111/4078/1028 3275/4081/1028 3113/4084/1028 1070/4079/1028
f 745/2119/1029 2089/1012/1029 3275/4081/1029 3111/4078/1029
f 2089/1012/1030 175/1011/1030 1727/4082/1030 3275/4081/1030
f 2086/2150/1031 3276/4077/1031 3112/4080/1031 742/2151/1031
f 270/1007/1032 1545/2120/1032 3276/4077/1032 2086/2150/1032
f 1545/2120/1033 745/2119/1033 3111/4078/1033 3276/4077/1033
f 1542/1002/1034 3277/4073/1034 1328/4076/1034 176/1003/1034
f 742/2151/1035 3112/4080/1035 3277/4073/1035 1542/1002/1035
f 3112/4080/1036 1070/4079/1036 3110/4074/1036 3277/4073/1036
f 3107/4066/1037 3278/4069/1037 3109/4072/1037 1069/4067/1037
f 741/2155/1038 2085/1000/1038 3278/4069/1038 3107/4066/1038
f 2085/1000/1039 162/999/1039 1714/4070/1039 3278/4069/1039
f 2082/2186/1040 3279/4065/1040 3108/4068/1040 738/2187/1040
f 269/995/1041 1541/2156/1041 3279/4065/1041 2082/2186/1041
f 1541/2156/1042 741/2155/1042 3107/4066/1042 3279/4065/1042
f 1538/990/1043 3280/4061/1043 1329/4064/1043 177/991/1043
f 738/2187/1044 3108/4068/1044 3280/4061/1044 1538/990/1044
f 3108/4068/1045 1069/4067/1045 3106/4062/1045 3280/4061/1045
f 3103/4054/1046 3281/4057/1046 3105/4060/1046 1068/4055/1046
f 737/2191/1047 2081/988/1047 3281/4057/1047 3103/4054/1047
f 2081/988/1048 178/987/1048 1730/4058/1048 3281/4057/1048
f 2078/2222/1049 3282/4053/1049 3104/4056/1049 734/2223/1049
f 268/983/1050 1537/2192/1050 3282/4053/1050 2078/2222/1050
f 1537/2192/1051 737/2191/1051 3103/4054/1051 3282/4053/1051
f 1534/978/1052 3283/4049/1052 1273/4052/1052 121/979/1052
f 734/2223/1053 3104/4056/1053 3283/4049/1053 1534/978/1053
f 3104/4056/1054 1068/4055/1054 3102/4050/1054 3283/4049/1054
f 3099/4042/1055 3284/4045/1055 3101/4048/1055 1067/4043/1055
f 733/2227/1056 2077/976/1056 3284/4045/1056 3099/4042/1056
f 2077/976/1057 179/975/1057 1731/4046/1057 3284/4045/1057
f 2074/2258/1058 3285/4041/1058 3100/4044/1058 730/2259/1058
f 267/971/1059 1533/2228/1059 3285/4041/1059 2074/2258/1059
f 1533/2228/1060 733/2227/1060 3099/4042/1060 3285/4041/1060
f 1530/966/1061 3286/4037/1061 1332/4040/1061 180/967/1061
f 730/2259/1062 3100/4044/1062 3286/4037/1062 1530/966/1062
f 3100/4044/1063 1067/4043/1063 3098/4038/1063 3286/4037/1063
f 3095/4030/1064 3287/4033/1064 3097/4036/1064 1066/4031/1064
f 729/2263/1065 2073/964/1065 3287/4033/1065 3095/4030/1065
f 2073/964/1066 146/963/1066 1698/4034/1066 3287/4033/1066
f 2070/2294/1067 3288/4029/1067 3096/4032/1067 726/2295/1067
f 266/959/1068 1529/2264/1068 3288/4029/1068 2070/2294/1068
f 1529/2264/1069 729/2263/1069 3095/4030/1069 3288/4029/1069
f 1526/954/1070 3289/4025/1070 1333/4028/1070 181/955/1070
f 726/2295/1071 3096/4032/1071 3289/4025/1071 1526/954/1071
f 3096/4032/1072 1066/4031/1072 3094/4026/1072 3289/4025/1072
f 3091/4018/1073 3290/4021/1073 3093/4024/1073 1065/4019/1073
f 725/2299/1074 2069/952/1074 3290/4021/1074 3091/4018/1074
f 2069/952/1075 182/951/1075 1734/4022/1075 3290/4021/1075
f 2066/2330/1076 3291/4017/1076 3092/4020/1076 722/2331/1076
f 265/947/1077 1525/2300/1077 3291/4017/1077 2066/2330/1077
f 1525/2300/1078 725/2299/1078 3091/4018/1078 3291/4017/1078
f 1522/942/1079 3292/4013/1079 1272/4016/1079 120/943/1079
f 722/2331/1080 3092/4020/1080 3292/4013/1080 1522/942/1080
f 3092/4020/1081 1065/4019/1081 3090/4014/1081 3292/4013/1081
f 3087/4006/1082 3293/4009/1082 3089/4012/1082 1064/4007/1082
f 721/2335/1083 2065/940/1083 3293/4009/1083 3087/4006/1083
f 2065/940/1084 183/939/1084 1735/4010/1084 3293/4009/1084
f 2062/2366/6 3294/4005/6 3088/4008/6 718/2367/6
f 264/935/1085 1521/2336/1085 3294/4005/1085 2062/2366/1085
f 1521/2336/1086 721/2335/1086 3087/4006/1086 3294/4005/1086
f 1518/930/6 3295/4001/6 1336/4004/6 184/931/6
f 718/2367/6 3088/4008/6 3295/4001/6 1518/930/6
f 3088/4008/6 1064/4007/6 3086/4002/6 3295/4001/6
f 3083/3994/1087 3296/3997/1087 3085/4000/1087 1063/3995/1087
f 717/2371/6 2061/928/6 3296/3997/6 3083/3994/6
f 2061/928/6 159/927/6 1711/3998/6 3296/3997/6
f 2058/2402/1088 3297/3993/1088 3084/3996/1088 714/2403/1088
f 263/923/6 1517/2372/6 3297/3993/6 2058/2402/6
f 1517/2372/6 717/2371/6 3083/3994/6 3297/3993/6
f 1514/918/1089 3298/3989/1089 1337/3992/1089 185/919/1089
f 714/2403/1090 3084/3996/1090 3298/3989/1090 1514/918/1090
f 3084/3996/1091 1063/3995/1091 3082/3990/1091 3298/3989/1091
f 3079/3982/6 3299/3985/6 3081/3988/6 1062/3983/6
f 713/2407/6 2057/916/6 3299/3985/6 3079/3982/6
f 2057/916/1092 186/915/1092 1738/3986/1092 3299/3985/1092
f 2054/2438/6 3300/3981/6 3080/3984/6 710/2439/6
f 262/911/6 1513/2408/6 3300/3981/6 2054/2438/6
f 1513/2408/6 713/2407/6 3079/3982/6 3300/3981/6
f 1510/906/6 3301/3977/6 1697/3980/6 145/907/6
f 710/2439/6 3080/3984/6 3301/3977/6 1510/906/6
f 3080/3984/6 1062/3983/6 3078/3978/6 3301/3977/6
f 3075/3970/1093 3302/3973/1093 3077/3976/1093 1061/3971/1093
f 709/2443/1094 2053/904/1094 3302/3973/1094 3075/3970/1094
f 2053/904/1095 187/903/1095 1739/3974/1095 3302/3973/1095
f 2050/2474/1096 3303/3969/1096 3076/3972/1096 706/2475/1096
f 261/899/1097 1509/2444/1097 3303/3969/1097 2050/2474/1097
f 1509/2444/1098 709/2443/1098 3075/3970/1098 3303/3969/1098
f 1506/894/1099 3304/3965/1099 1340/3968/1099 188/895/1099
f 706/2475/1100 3076/3972/1100 3304/3965/1100 1506/894/1100
f 3076/3972/1101 1061/3971/1101 3074/3966/1101 3304/3965/1101
f 3071/3958/1102 3305/3961/1102 3073/3964/1102 1060/3959/1102
f 705/2479/1103 2049/892/1103 3305/3961/1103 3071/3958/1103
f 2049/892/1104 158/891/1104 1710/3962/1104 3305/3961/1104
f 2046/2510/1105 3306/3957/1105 3072/3960/1105 702/2511/1105
f 260/887/1106 1505/2480/1106 3306/3957/1106 2046/2510/1106
f 1505/2480/1107 705/2479/1107 3071/3958/1107 3306/3957/1107
f 1502/882/1108 3307/3953/1108 1341/3956/1108 189/883/1108
f 702/2511/1109 3072/3960/1109 3307/3953/1109 1502/882/1109
f 3072/3960/1110 1060/3959/1110 3070/3954/1110 3307/3953/1110
f 3067/3946/1111 3308/3949/1111 3069/3952/1111 1059/3947/1111
f 701/2515/1112 2045/880/1112 3308/3949/1112 3067/3946/1112
f 2045/880/1113 190/879/1113 1742/3950/1113 3308/3949/1113
f 2042/2546/1114 3309/3945/1114 3068/3948/1114 698/2547/1114
f 259/875/1115 1501/2516/1115 3309/3945/1115 2042/2546/1115
f 1501/2516/1116 701/2515/1116 3067/3946/1116 3309/3945/1116
f 1498/870/1117 3310/3941/1117 1269/3944/1117 117/871/1117
f 698/2547/1118 3068/3948/1118 3310/3941/1118 1498/870/1118
f 3068/3948/1119 1059/3947/1119 3066/3942/1119 3310/3941/1119
f 3063/3934/1120 3311/3937/1120 3065/3940/1120 1058/3935/1120
f 697/2551/1121 2041/868/1121 3311/3937/1121 3063/3934/1121
f 2041/868/1122 191/867/1122 1743/3938/1122 3311/3937/1122
f 2038/2582/1123 3312/3933/1123 3064/3936/1123 694/2583/1123
f 258/863/1124 1497/2552/1124 3312/3933/1124 2038/2582/1124
f 1497/2552/1125 697/2551/1125 3063/3934/1125 3312/3933/1125
f 1494/858/1126 3313/3929/1126 1344/3932/1126 192/859/1126
f 694/2583/1127 3064/3936/1127 3313/3929/1127 1494/858/1127
f 3064/3936/1128 1058/3935/1128 3062/3930/1128 3313/3929/1128
f 3059/3922/1129 3314/3925/1129 3061/3928/1129 1057/3923/1129
f 693/2587/1130 2037/856/1130 3314/3925/1130 3059/3922/1130
f 2037/856/1131 147/855/1131 1699/3926/1131 3314/3925/1131
f 2034/2618/1132 3315/3921/1132 3060/3924/1132 690/2619/1132
f 257/851/1133 1493/2588/1133 3315/3921/1133 2034/2618/1133
f 1493/2588/1134 693/2587/1134 3059/3922/1134 3315/3921/1134
f 1490/846/1135 3316/3917/1135 1345/3920/1135 193/847/1135
f 690/2619/1136 3060/3924/1136 3316/3917/1136 1490/846/1136
f 3060/3924/1137 1057/3923/1137 3058/3918/1137 3316/3917/1137
f 3055/3910/1138 3317/3913/1138 3057/3916/1138 1056/3911/1138
f 689/2623/1139 2033/844/1139 3317/3913/1139 3055/3910/1139
f 2033/844/1140 194/843/1140 1746/3914/1140 3317/3913/1140
f 2030/2654/6 3318/3909/6 3056/3912/6 686/2655/6
f 256/839/6 1489/2624/6 3318/3909/6 2030/2654/6
f 1489/2624/1141 689/2623/1141 3055/3910/1141 3318/3909/1141
f 1486/834/6 3319/3905/6 1268/3908/6 116/835/6
f 686/2655/6 3056/3912/6 3319/3905/6 1486/834/6
f 3056/3912/1142 1056/3911/1142 3054/3906/1142 3319/3905/1142
f 3051/3898/6 3320/3901/6 3053/3904/6 1055/3899/6
f 685/2659/6 2029/832/6 3320/3901/6 3051/3898/6
f 2029/832/6 195/831/6 1747/3902/6 3320/3901/6
f 2026/2690/6 3321/3897/6 3052/3900/6 682/2691/6
f 255/827/6 1485/2660/6 3321/3897/6 2026/2690/6
f 1485/2660/6 685/2659/6 3051/3898/6 3321/3897/6
f 1482/822/6 3322/3893/6 1348/3896/6 196/823/6
f 682/2691/6 3052/3900/6 3322/3893/6 1482/822/6
f 3052/3900/6 1055/3899/6 3050/3894/6 3322/3893/6
f 3047/3886/1143 3323/3889/1143 3049/3892/1143 1054/3887/1143
f 681/2695/1144 2025/820/1144 3323/3889/1144 3047/3886/1144
f 2025/820/1145 155/819/1145 1707/3890/1145 3323/3889/1145
f 2022/2726/1146 3324/3885/1146 3048/3888/1146 678/2727/1146
f 254/815/1147 1481/2696/1147 3324/3885/1147 2022/2726/1147
f 1481/2696/1148 681/2695/1148 3047/3886/1148 3324/3885/1148
f 1478/810/1149 3325/3881/1149 1349/3884/1149 197/811/1149
f 678/2727/1150 3048/3888/1150 3325/3881/1150 1478/810/1150
f 3048/3888/1151 1054/3887/1151 3046/3882/1151 3325/3881/1151
f 3043/3874/1152 3326/3877/1152 3045/3880/1152 1053/3875/1152
f 677/2731/1153 2021/808/1153 3326/3877/1153 3043/3874/1153
f 2021/808/1154 198/807/1154 1750/3878/1154 3326/3877/1154
f 2018/2762/1155 3327/3873/1155 3044/3876/1155 674/2763/1155
f 253/803/1156 1477/2732/1156 3327/3873/1156 2018/2762/1156
f 1477/2732/1157 677/2731/1157 3043/3874/1157 3327/3873/1157
f 1474/798/1158 3328/3869/1158 1248/3872/1158 96/799/1158
f 674/2763/1159 3044/3876/1159 3328/3869/1159 1474/798/1159
f 3044/3876/1160 1053/3875/1160 3042/3870/1160 3328/3869/1160
f 3039/3862/6 3329/3865/6 3041/3868/6 1052/3863/6
f 673/2767/1161 2017/796/1161 3329/3865/1161 3039/3862/1161
f 2017/796/1162 199/795/1162 1751/3866/1162 3329/3865/1162
f 2014/2798/6 3330/3861/6 3040/3864/6 670/2799/6
f 252/791/6 1473/2768/6 3330/3861/6 2014/2798/6
f 1473/2768/6 673/2767/6 3039/3862/6 3330/3861/6
f 1470/786/1163 3331/3857/1163 1352/3860/1163 200/787/1163
f 670/2799/6 3040/3864/6 3331/3857/6 1470/786/6
f 3040/3864/6 1052/3863/6 3038/3858/6 3331/3857/6
f 3035/3850/1164 3332/3853/1164 3037/3856/1164 1051/3851/1164
f 669/2803/1165 2013/784/1165 3332/3853/1165 3035/3850/1165
f 2013/784/1166 154/783/1166 1706/3854/1166 3332/3853/1166
f 2010/2834/1167 3333/3849/1167 3036/3852/1167 666/2835/1167
f 251/779/1168 1469/2804/1168 3333/3849/1168 2010/2834/1168
f 1469/2804/1169 669/2803/1169 3035/3850/1169 3333/3849/1169
f 1466/774/1170 3334/3845/1170 1353/3848/1170 201/775/1170
f 666/2835/1171 3036/3852/1171 3334/3845/1171 1466/774/1171
f 3036/3852/1172 1051/3851/1172 3034/3846/1172 3334/3845/1172
f 3031/3838/1173 3335/3841/1173 3033/3844/1173 1050/3839/1173
f 665/2839/1174 2009/772/1174 3335/3841/1174 3031/3838/1174
f 2009/772/1175 202/771/1175 1754/3842/1175 3335/3841/1175
f 2006/2870/1176 3336/3837/1176 3032/3840/1176 662/2871/1176
f 250/767/1177 1465/2840/1177 3336/3837/1177 2006/2870/1177
f 1465/2840/1178 665/2839/1178 3031/3838/1178 3336/3837/1178
f 1462/762/1179 3337/3833/1179 1265/3836/1179 113/763/1179
f 662/2871/1180 3032/3840/1180 3337/3833/1180 1462/762/1180
f 3032/3840/1181 1050/3839/1181 3030/3834/1181 3337/3833/1181
f 3027/3826/6 3338/3829/6 3029/3832/6 1049/3827/6
f 661/2875/6 2005/760/6 3338/3829/6 3027/3826/6
f 2005/760/6 203/759/6 1755/3830/6 3338/3829/6
f 2002/2906/6 3339/3825/6 3028/3828/6 658/2907/6
f 249/755/6 1461/2876/6 3339/3825/6 2002/2906/6
f 1461/2876/6 661/2875/6 3027/3826/6 3339/3825/6
f 1458/750/6 3340/3821/6 1356/3824/6 204/751/6
f 658/2907/6 3028/3828/6 3340/3821/6 1458/750/6
f 3028/3828/6 1049/3827/6 3026/3822/6 3340/3821/6
f 3023/3814/6 3341/3817/6 3025/3820/6 1048/3815/6
f 657/2911/6 2001/748/6 3341/3817/6 3023/3814/6
f 2001/748/6 86/747/6 1238/3818/6 3341/3817/6
f 1998/2942/6 3342/3813/6 3024/3816/6 654/2943/6
f 248/743/6 1457/2912/6 3342/3813/6 1998/2942/6
f 1457/2912/6 657/2911/6 3023/3814/6 3342/3813/6
f 1454/738/6 3343/3809/6 1357/3812/6 205/739/6
f 654/2943/6 3024/3816/6 3343/3809/6 1454/738/6
f 3024/3816/6 1048/3815/6 3022/3810/6 3343/3809/6
f 3019/3802/6 3344/3805/6 3021/3808/6 1047/3803/6
f 653/2947/1182 1997/736/1182 3344/3805/1182 3019/3802/1182
f 1997/736/1183 206/735/1183 1758/3806/1183 3344/3805/1183
f 1994/2978/6 3345/3801/6 3020/3804/6 650/2979/6
f 247/731/1184 1453/2948/1184 3345/3801/1184 1994/2978/1184
f 1453/2948/1185 653/2947/1185 3019/3802/1185 3345/3801/1185
f 1450/726/6 3346/3797/6 1264/3800/6 112/727/6
f 650/2979/6 3020/3804/6 3346/3797/6 1450/726/6
f 3020/3804/6 1047/3803/6 3018/3798/6 3346/3797/6
f 3015/3790/1186 3347/3793/1186 3017/3796/1186 1046/3791/1186
f 649/2983/1187 1993/724/1187 3347/3793/1187 3015/3790/1187
f 1993/724/1188 207/723/1188 1759/3794/1188 3347/3793/1188
f 1990/3014/1189 3348/3789/1189 3016/3792/1189 646/3015/1189
f 246/719/1190 1449/2984/1190 3348/3789/1190 1990/3014/1190
f 1449/2984/1191 649/2983/1191 3015/3790/1191 3348/3789/1191
f 1446/714/1192 3349/3785/1192 1360/3788/1192 208/715/1192
f 646/3015/1193 3016/3792/1193 3349/3785/1193 1446/714/1193
f 3016/3792/1194 1046/3791/1194 3014/3786/1194 3349/3785/1194
f 3011/3778/6 3350/3781/6 3013/3784/6 1045/3779/6
f 645/3019/6 1989/712/6 3350/3781/6 3011/3778/6
f 1989/712/6 151/711/6 1703/3782/6 3350/3781/6
f 1986/3050/1195 3351/3777/1195 3012/3780/1195 642/3051/1195
f 245/707/1196 1445/3020/1196 3351/3777/1196 1986/3050/1196
f 1445/3020/1197 645/3019/1197 3011/3778/1197 3351/3777/1197
f 1442/702/1198 3352/3773/1198 1361/3776/1198 209/703/1198
f 642/3051/1199 3012/3780/1199 3352/3773/1199 1442/702/1199
f 3012/3780/1200 1045/3779/1200 3010/3774/1200 3352/3773/1200
f 3007/3766/1201 3353/3769/1201 3009/3772/1201 1044/3767/1201
f 641/3055/1202 1985/700/1202 3353/3769/1202 3007/3766/1202
f 1985/700/1203 210/699/1203 1762/3770/1203 3353/3769/1203
f 1982/3086/1204 3354/3765/1204 3008/3768/1204 638/3087/1204
f 244/695/1205 1441/3056/1205 3354/3765/1205 1982/3086/1205
f 1441/3056/1206 641/3055/1206 3007/3766/1206 3354/3765/1206
f 1438/690/1207 3355/3761/1207 1249/3764/1207 97/691/1207
f 638/3087/1208 3008/3768/1208 3355/3761/1208 1438/690/1208
f 3008/3768/1209 1044/3767/1209 3006/3762/1209 3355/3761/1209
f 3003/3754/1210 3356/3757/1210 3005/3760/1210 1043/3755/1210
f 637/3091/6 1981/688/6 3356/3757/6 3003/3754/6
f 1981/688/1211 211/687/1211 1763/3758/1211 3356/3757/1211
f 1978/3122/1212 3357/3753/1212 3004/3756/1212 634/3123/1212
f 243/683/1213 1437/3092/1213 3357/3753/1213 1978/3122/1213
f 1437/3092/6 637/3091/6 3003/3754/6 3357/3753/6
f 1434/678/1214 3358/3749/1214 1364/3752/1214 212/679/1214
f 634/3123/1215 3004/3756/1215 3358/3749/1215 1434/678/1215
f 3004/3756/1216 1043/3755/1216 3002/3750/1216 3358/3749/1216
f 2999/3742/1217 3359/3745/1217 3001/3748/1217 1042/3743/1217
f 633/3127/1218 1977/676/1218 3359/3745/1218 2999/3742/1218
f 1977/676/1219 150/675/1219 1702/3746/1219 3359/3745/1219
f 1974/3158/1220 3360/3741/1220 3000/3744/1220 630/3159/1220
f 242/671/1221 1433/3128/1221 3360/3741/1221 1974/3158/1221
f 1433/3128/1222 633/3127/1222 2999/3742/1222 3360/3741/1222
f 1430/666/1223 3361/3737/1223 1365/3740/1223 213/667/1223
f 630/3159/1224 3000/3744/1224 3361/3737/1224 1430/666/1224
f 3000/3744/1225 1042/3743/1225 2998/3738/1225 3361/3737/1225
f 2995/3730/1226 3362/3733/1226 2997/3736/1226 1041/3731/1226
f 629/3163/1227 1973/664/1227 3362/3733/1227 2995/3730/1227
f 1973/664/1228 214/663/1228 1766/3734/1228 3362/3733/1228
f 1970/3194/1229 3363/3729/1229 2996/3732/1229 626/3195/1229
f 241/659/1230 1429/3164/1230 3363/3729/1230 1970/3194/1230
f 1429/3164/1231 629/3163/1231 2995/3730/1231 3363/3729/1231
f 1426/654/1232 3364/3725/1232 1261/3728/1232 109/655/1232
f 626/3195/1233 2996/3732/1233 3364/3725/1233 1426/654/1233
f 2996/3732/1234 1041/3731/1234 2994/3726/1234 3364/3725/1234
f 2991/3718/1235 3365/3721/1235 2993/3724/1235 1040/3719/1235
f 625/3199/1236 1969/652/1236 3365/3721/1236 2991/3718/1236
f 1969/652/1237 215/651/1237 1767/3722/1237 3365/3721/1237
f 1966/3230/1238 3366/3717/1238 2992/3720/1238 622/3231/1238
f 240/647/1239 1425/3200/1239 3366/3717/1239 1966/3230/1239
f 1425/3200/1240 625/3199/1240 2991/3718/1240 3366/3717/1240
f 1422/642/1241 3367/3713/1241 1368/3716/1241 216/643/1241
f 622/3231/1242 2992/3720/1242 3367/3713/1242 1422/642/1242
f 2992/3720/1243 1040/3719/1243 2990/3714/1243 3367/3713/1243
f 2987/3706/6 3368/3709/6 2989/3712/6 1039/3707/6
f 621/3235/6 1965/640/6 3368/3709/6 2987/3706/6
f 1965/640/6 98/639/6 1250/3710/6 3368/3709/6
f 1962/3266/6 3369/3705/6 2988/3708/6 618/3267/6
f 239/635/6 1421/3236/6 3369/3705/6 1962/3266/6
f 1421/3236/6 621/3235/6 2987/3706/6 3369/3705/6
f 1418/630/1244 3370/3701/1244 1369/3704/1244 217/631/1244
f 618/3267/1245 2988/3708/1245 3370/3701/1245 1418/630/1245
f 2988/3708/6 1039/3707/6 2986/3702/6 3370/3701/6
f 2983/3694/1246 3371/3697/1246 2985/3700/1246 1038/3695/1246
f 617/3271/1247 1961/628/1247 3371/3697/1247 2983/3694/1247
f 1961/628/1248 218/627/1248 1770/3698/1248 3371/3697/1248
f 1958/3302/1249 3372/3693/1249 2984/3696/1249 614/3303/1249
f 238/623/1250 1417/3272/1250 3372/3693/1250 1958/3302/1250
f 1417/3272/1251 617/3271/1251 2983/3694/1251 3372/3693/1251
f 1414/618/1252 3373/3689/1252 1260/3692/1252 108/619/1252
f 614/3303/6 2984/3696/6 3373/3689/6 1414/618/6
f 2984/3696/1253 1038/3695/1253 2982/3690/1253 3373/3689/1253
f 2979/3682/1254 3374/3685/1254 2981/3688/1254 1037/3683/1254
f 613/3307/1255 1957/616/1255 3374/3685/1255 2979/3682/1255
f 1957/616/1256 219/615/1256 1771/3686/1256 3374/3685/1256
f 1954/3338/1257 3375/3681/1257 2980/3684/1257 610/3339/1257
f 237/611/1258 1413/3308/1258 3375/3681/1258 1954/3338/1258
f 1413/3308/1259 613/3307/1259 2979/3682/1259 3375/3681/1259
f 1410/606/1260 3376/3677/1260 1372/3680/1260 220/607/1260
f 610/3339/1261 2980/3684/1261 3376/3677/1261 1410/606/1261
f 2980/3684/1262 1037/3683/1262 2978/3678/1262 3376/3677/1262
f 2975/3670/1263 3377/3673/1263 2977/3676/1263 1036/3671/1263
f 609/3343/1264 1953/604/1264 3377/3673/1264 2975/3670/1264
f 1953/604/1265 135/603/1265 1687/3674/1265 3377/3673/1265
f 1950/3374/1266 3378/3669/1266 2976/3672/1266 606/3375/1266
f 236/599/1267 1409/3344/1267 3378/3669/1267 1950/3374/1267
f 1409/3344/1268 609/3343/1268 2975/3670/1268 3378/3669/1268
f 1406/594/1269 3379/3665/1269 1373/3668/1269 221/595/1269
f 606/3375/1270 2976/3672/1270 3379/3665/1270 1406/594/1270
f 2976/3672/1271 1036/3671/1271 2974/3666/1271 3379/3665/1271
f 2971/3658/1272 3380/3661/1272 2973/3664/1272 1035/3659/1272
f 605/3379/1273 1949/592/1273 3380/3661/1273 2971/3658/1273
f 1949/592/1274 222/591/1274 1774/3662/1274 3380/3661/1274
f 1946/3410/1275 3381/3657/1275 2972/3660/1275 602/3411/1275
f 235/587/1276 1405/3380/1276 3381/3657/1276 1946/3410/1276
f 1405/3380/1277 605/3379/1277 2971/3658/1277 3381/3657/1277
f 1402/582/6 3382/3653/6 1685/3656/6 133/583/6
f 602/3411/1278 2972/3660/1278 3382/3653/1278 1402/582/1278
f 2972/3660/1279 1035/3659/1279 2970/3654/1279 3382/3653/1279
f 2967/3646/1280 3383/3649/1280 2969/3652/1280 1034/3647/1280
f 601/3415/1281 1945/580/1281 3383/3649/1281 2967/3646/1281
f 1945/580/1282 223/579/1282 1775/3650/1282 3383/3649/1282
f 1942/3446/1283 3384/3645/1283 2968/3648/1283 598/3447/1283
f 234/575/1284 1401/3416/1284 3384/3645/1284 1942/3446/1284
f 1401/3416/1285 601/3415/1285 2967/3646/1285 3384/3645/1285
f 1398/570/1286 3385/3641/1286 1376/3644/1286 224/571/1286
f 598/3447/1287 2968/3648/1287 3385/3641/1287 1398/570/1287
f 2968/3648/1288 1034/3647/1288 2966/3642/1288 3385/3641/1288
f 2963/3634/1289 3386/3637/1289 2965/3640/1289 1033/3635/1289
f 597/3451/1290 1941/568/1290 3386/3637/1290 2963/3634/1290
f 1941/568/1291 134/567/1291 1686/3638/1291 3386/3637/1291
f 1938/3482/1292 3387/3633/1292 2964/3636/1292 594/3483/1292
f 233/563/1293 1397/3452/1293 3387/3633/1293 1938/3482/1293
f 1397/3452/1294 597/3451/1294 2963/3634/1294 3387/3633/1294
f 1394/558/1295 3388/3629/1295 1377/3632/1295 225/559/1295
f 594/3483/1296 2964/3636/1296 3388/3629/1296 1394/558/1296
f 2964/3636/1297 1033/3635/1297 2962/3630/1297 3388/3629/1297
f 2959/3622/6 3389/3625/6 2961/3628/6 1032/3623/6
f 593/3487/1298 1937/556/1298 3389/3625/1298 2959/3622/1298
f 1937/556/6 226/555/6 1778/3626/6 3389/3625/6
f 1934/3518/1299 3390/3621/1299 2960/3624/1299 590/3519/1299
f 232/551/1300 1393/3488/1300 3390/3621/1300 1934/3518/1300
f 1393/3488/1301 593/3487/1301 2959/3622/1301 3390/3621/1301
f 1390/546/6 3391/3617/6 1681/3620/6 129/547/6
f 590/3519/6 2960/3624/6 3391/3617/6 1390/546/6
f 2960/3624/6 1032/3623/6 2958/3618/6 3391/3617/6
f 2955/3610/1302 3392/3613/1302 2957/3616/1302 1031/3611/1302
f 589/3523/1303 1933/544/1303 3392/3613/1303 2955/3610/1303
f 1933/544/1304 227/543/1304 1779/3614/1304 3392/3613/1304
f 1930/3554/1305 3393/3609/1305 2956/3612/1305 586/3555/1305
f 231/539/1306 1389/3524/1306 3393/3609/1306 1930/3554/1306
f 1389/3524/1307 589/3523/1307 2955/3610/1307 3393/3609/1307
f 1386/534/1308 3394/3605/1308 1380/3608/1308 228/535/1308
f 586/3555/1309 2956/3612/1309 3394/3605/1309 1386/534/1309
f 2956/3612/1310 1031/3611/1310 2954/3606/1310 3394/3605/1310
f 2951/3598/6 3395/3601/6 2953/3604/6 1030/3599/6
f 585/3559/6 1929/532/6 3395/3601/6 2951/3598/6
f 1929/532/6 102/531/6 1254/3602/6 3395/3601/6
f 1926/3590/1311 3396/3597/1311 2952/3600/1311 582/3591/1311
f 230/527/1312 1385/3560/1312 3396/3597/1312 1926/3590/1312
f 1385/3560/1313 585/3559/1313 2951/3598/1313 3396/3597/1313
f 1382/522/6 3397/3593/6 1381/3596/6 229/523/6
f 582/3591/6 2952/3600/6 3397/3593/6 1382/522/6
f 2952/3600/6 1030/3599/6 2950/3594/6 3397/3593/6
f 2947/3586/1314 3398/3589/1314 2949/3592/1314 1029/3587/1314
f 584/3571/1315 1928/528/1315 3398/3589/1315 2947/3586/1315
f 1928/528/1316 230/527/1316 1926/3590/1316 3398/3589/1316
f 1779/3614/1317 3399/3585/1317 2948/3588/1317 435/3615/1317
f 227/543/1318 1384/3572/1318 3399/3585/1318 1779/3614/1318
f 1384/3572/1319 584/3571/1319 2947/3586/1319 3399/3585/1319
f 1235/514/1320 3400/3581/1320 1237/3584/1320 85/515/1320
f 435/3615/1321 2948/3588/1321 3400/3581/1321 1235/514/1321
f 2948/3588/1322 1029/3587/1322 2946/3582/1322 3400/3581/1322
f 2943/3574/1323 3401/3577/1323 2945/3580/1323 1028/3575/1323
f 373/1855/1324 1717/1100/1324 3401/3577/1324 2943/3574/1324
f 1717/1100/1325 165/1099/1325 1927/3578/1325 3401/3577/1325
f 1923/3530/1326 3402/3573/1326 2944/3576/1326 579/3531/1326
f 69/331/1327 1173/1856/1327 3402/3573/1327 1923/3530/1327
f 1173/1856/1328 373/1855/1328 2943/3574/1328 3402/3573/1328
f 1379/542/1329 3403/3569/1329 1384/3572/1329 227/543/1329
f 579/3531/1330 2944/3576/1330 3403/3569/1330 1379/542/1330
f 2944/3576/1331 1028/3575/1331 2942/3570/1331 3403/3569/1331
f 2939/3562/1332 3404/3565/1332 2941/3568/1332 1027/3563/1332
f 517/4171/1333 1861/328/1333 3404/3565/1333 2939/3562/1333
f 1861/328/1334 18/327/1334 1110/3566/1334 3404/3565/1334
f 1927/3578/1335 3405/3561/1335 2940/3564/1335 583/3579/1335
f 165/1099/1336 1317/4172/1336 3405/3561/1336 1927/3578/1336
f 1317/4172/1337 517/4171/1337 2939/3562/1337 3405/3561/1337
f 1383/526/1338 3406/3557/1338 1385/3560/1338 230/527/1338
f 583/3579/1339 2940/3564/1339 3406/3557/1339 1383/526/1339
f 2940/3564/1340 1027/3563/1340 2938/3558/1340 3406/3557/1340
f 2935/3550/1341 3407/3553/1341 2937/3556/1341 1026/3551/1341
f 588/3535/1342 1932/540/1342 3407/3553/1342 2935/3550/1342
f 1932/540/1343 231/539/1343 1930/3554/1343 3407/3553/1343
f 1714/4070/1344 3408/3549/1344 2936/3552/1344 370/4071/1344
f 162/999/1345 1388/3536/1345 3408/3549/1345 1714/4070/1345
f 1388/3536/1346 588/3535/1346 2935/3550/1346 3408/3549/1346
f 1170/362/1347 3409/3545/1347 1236/3548/1347 66/363/1347
f 370/4071/1348 2936/3552/1348 3409/3545/1348 1170/362/1348
f 2936/3552/1349 1026/3551/1349 2934/3546/1349 3409/3545/1349
f 2931/3538/1350 3410/3541/1350 2933/3544/1350 1025/3539/1350
f 333/1891/1351 1677/1088/1351 3410/3541/1351 2931/3538/1351
f 1677/1088/1352 125/1087/1352 1931/3542/1352 3410/3541/1352
f 1858/2162/1353 3411/3537/1353 2932/3540/1353 514/2163/1353
f 29/323/1354 1133/1892/1354 3411/3537/1354 1858/2162/1354
f 1133/1892/1355 333/1891/1355 2931/3538/1355 3411/3537/1355
f 1314/998/1356 3412/3533/1356 1388/3536/1356 162/999/1356
f 514/2163/1357 2932/3540/1357 3412/3533/1357 1314/998/1357
f 2932/3540/1358 1025/3539/1358 2930/3534/1358 3412/3533/1358
f 2927/3526/1359 3413/3529/1359 2929/3532/1359 1024/3527/1359
f 477/4159/1360 1821/332/1360 3413/3529/1360 2927/3526/1360
f 1821/332/1361 69/331/1361 1923/3530/1361 3413/3529/1361
f 1931/3542/1362 3414/3525/1362 2928/3528/1362 587/3543/1362
f 125/1087/1363 1277/4160/1363 3414/3525/1363 1931/3542/1363
f 1277/4160/1364 477/4159/1364 2927/3526/1364 3414/3525/1364
f 1387/538/1365 3415/3521/1365 1389/3524/1365 231/539/1365
f 587/3543/1366 2928/3528/1366 3415/3521/1366 1387/538/1366
f 2928/3528/1367 1024/3527/1367 2926/3522/1367 3415/3521/1367
f 2923/3514/1368 3416/3517/1368 2925/3520/1368 1023/3515/1368
f 592/3499/1369 1936/552/1369 3416/3517/1369 2923/3514/1369
f 1936/552/1370 232/551/1370 1934/3518/1370 3416/3517/1370
f 1674/4202/1371 3417/3513/1371 2924/3516/1371 330/4203/1371
f 122/1131/1372 1392/3500/1372 3417/3513/1372 1674/4202/1372
f 1392/3500/1373 592/3499/1373 2923/3514/1373 3417/3513/1373
f 1130/318/6 3418/3509/6 1825/3512/6 17/319/6
f 330/4203/1374 2924/3516/1374 3418/3509/1374 1130/318/1374
f 2924/3516/1375 1023/3515/1375 2922/3510/1375 3418/3509/1375
f 2919/3502/1376 3419/3505/1376 2921/3508/1376 1022/3503/1376
f 436/3547/1377 1780/536/1377 3419/3505/1377 2919/3502/1377
f 1780/536/1378 228/535/1378 1935/3506/1378 3419/3505/1378
f 1818/1766/1379 3420/3501/1379 2920/3504/1379 474/1767/1379
f 66/363/1380 1236/3548/1380 3420/3501/1380 1818/1766/1380
f 1236/3548/1381 436/3547/1381 2919/3502/1381 3420/3501/1381
f 1274/1130/1382 3421/3497/1382 1392/3500/1382 122/1131/1382
f 474/1767/1383 2920/3504/1383 3421/3497/1383 1274/1130/1383
f 2920/3504/1384 1022/3503/1384 2918/3498/1384 3421/3497/1384
f 2915/3490/1385 3422/3493/1385 2917/3496/1385 1021/3491/1385
f 580/3607/1386 1924/516/1386 3422/3493/1386 2915/3490/1386
f 1924/516/1387 85/515/1387 1922/3494/1387 3422/3493/1387
f 1935/3506/1388 3423/3489/1388 2916/3492/1388 591/3507/1388
f 228/535/1389 1380/3608/1389 3423/3489/1389 1935/3506/1389
f 1380/3608/1390 580/3607/1390 2915/3490/1390 3423/3489/1390
f 1391/550/1391 3424/3485/1391 1393/3488/1391 232/551/1391
f 591/3507/1392 2916/3492/1392 3424/3485/1392 1391/550/1392
f 2916/3492/1393 1021/3491/1393 2914/3486/1393 3424/3485/1393
f 2911/3478/1394 3425/3481/1394 2913/3484/1394 1020/3479/1394
f 596/3463/1395 1940/564/1395 3425/3481/1395 2911/3478/1395
f 1940/564/1396 233/563/1396 1938/3482/1396 3425/3481/1396
f 1775/3650/1397 3426/3477/1397 2912/3480/1397 431/3651/1397
f 223/579/1398 1396/3464/1398 3426/3477/1398 1775/3650/1398
f 1396/3464/1399 596/3463/1399 2911/3478/1399 3426/3477/1399
f 1231/502/1400 3427/3473/1400 1233/3476/1400 84/503/1400
f 431/3651/1401 2912/3480/1401 3427/3473/1401 1231/502/1401
f 2912/3480/1402 1020/3479/1402 2910/3474/1402 3427/3473/1402
f 2907/3466/1403 3428/3469/1403 2909/3472/1403 1019/3467/1403
f 369/1747/1404 1713/1136/1404 3428/3469/1404 2907/3466/1404
f 1713/1136/1405 161/1135/1405 1939/3470/1405 3428/3469/1405
f 1919/3422/1406 3429/3465/1406 2908/3468/1406 575/3423/1406
f 65/367/1407 1169/1748/1407 3429/3465/1407 1919/3422/1407
f 1169/1748/1408 369/1747/1408 2907/3466/1408 3429/3465/1408
f 1375/578/1409 3430/3461/1409 1396/3464/1409 223/579/1409
f 575/3423/1410 2908/3468/1410 3430/3461/1410 1375/578/1410
f 2908/3468/1411 1019/3467/1411 2906/3462/1411 3430/3461/1411
f 2903/3454/1412 3431/3457/1412 2905/3460/1412 1018/3455/1412
f 513/4207/1413 1857/316/1413 3431/3457/1413 2903/3454/1413
f 1857/316/1414 22/315/1414 1830/3458/1414 3431/3457/1414
f 1939/3470/1415 3432/3453/1415 2904/3456/1415 595/3471/1415
f 161/1135/1416 1313/4208/1416 3432/3453/1416 1939/3470/1416
f 1313/4208/1417 513/4207/1417 2903/3454/1417 3432/3453/1417
f 1395/562/1418 3433/3449/1418 1397/3452/1418 233/563/1418
f 595/3471/1419 2904/3456/1419 3433/3449/1419 1395/562/1419
f 2904/3456/1420 1018/3455/1420 2902/3450/1420 3433/3449/1420
f 2899/3442/1421 3434/3445/1421 2901/3448/1421 1017/3443/1421
f 600/3427/1422 1944/576/1422 3434/3445/1422 2899/3442/1422
f 1944/576/1423 234/575/1423 1942/3446/1423 3434/3445/1423
f 1710/3962/1424 3435/3441/1424 2900/3444/1424 366/3963/1424
f 158/891/1425 1400/3428/1425 3435/3441/1425 1710/3962/1425
f 1400/3428/1426 600/3427/1426 2899/3442/1426 3435/3441/1426
f 1166/398/1427 3436/3437/1427 1232/3440/1427 62/399/1427
f 366/3963/1428 2900/3444/1428 3436/3437/1428 1166/398/1428
f 2900/3444/1429 1017/3443/1429 2898/3438/1429 3436/3437/1429
f 2895/3430/1430 3437/3433/1430 2897/3436/1430 1016/3431/1430
f 329/2215/1431 1673/980/1431 3437/3433/1431 2895/3430/1431
f 1673/980/1432 121/979/1432 1943/3434/1432 3437/3433/1432
f 1854/2486/1433 3438/3429/1433 2896/3432/1433 510/2487/1433
f 28/311/1434 1129/2216/1434 3438/3429/1434 1854/2486/1434
f 1129/2216/1435 329/2215/1435 2895/3430/1435 3438/3429/1435
f 1310/890/1436 3439/3425/1436 1400/3428/1436 158/891/1436
f 510/2487/1437 2896/3432/1437 3439/3425/1437 1310/890/1437
f 2896/3432/1438 1016/3431/1438 2894/3426/1438 3439/3425/1438
f 2891/3418/1439 3440/3421/1439 2893/3424/1439 1015/3419/1439
f 473/4051/1440 1817/368/1440 3440/3421/1440 2891/3418/1440
f 1817/368/1441 65/367/1441 1919/3422/1441 3440/3421/1441
f 1943/3434/1442 3441/3417/1442 2892/3420/1442 599/3435/1442
f 121/979/1443 1273/4052/1443 3441/3417/1443 1943/3434/1443
f 1273/4052/1444 473/4051/1444 2891/3418/1444 3441/3417/1444
f 1399/574/1445 3442/3413/1445 1401/3416/1445 234/575/1445
f 599/3435/1446 2892/3420/1446 3442/3413/1446 1399/574/1446
f 2892/3420/1447 1015/3419/1447 2890/3414/1447 3442/3413/1447
f 2887/3406/1448 3443/3409/1448 2889/3412/1448 1014/3407/1448
f 604/3391/1449 1948/588/1449 3443/3409/1449 2887/3406/1449
f 1948/588/1450 235/587/1450 1946/3410/1450 3443/3409/1450
f 1670/4238/1451 3444/3405/1451 2888/3408/1451 326/4239/1451
f 118/1167/1452 1404/3392/1452 3444/3405/1452 1670/4238/1452
f 1404/3392/1453 604/3391/1453 2887/3406/1453 3444/3405/1453
f 1126/306/1454 3445/3401/1454 1829/3404/1454 21/307/1454
f 326/4239/1455 2888/3408/1455 3445/3401/1455 1126/306/1455
f 2888/3408/1456 1014/3407/1456 2886/3402/1456 3445/3401/1456
f 2883/3394/1457 3446/3397/1457 2885/3400/1457 1013/3395/1457
f 432/3439/1458 1776/572/1458 3446/3397/1458 2883/3394/1458
f 1776/572/1459 224/571/1459 1947/3398/1459 3446/3397/1459
f 1814/1658/1460 3447/3393/1460 2884/3396/1460 470/1659/1460
f 62/399/1461 1232/3440/1461 3447/3393/1461 1814/1658/1461
f 1232/3440/1462 432/3439/1462 2883/3394/1462 3447/3393/1462
f 1270/1166/1463 3448/3389/1463 1404/3392/1463 118/1167/1463
f 470/1659/1464 2884/3396/1464 3448/3389/1464 1270/1166/1464
f 2884/3396/1465 1013/3395/1465 2882/3390/1465 3448/3389/1465
f 2879/3382/1466 3449/3385/1466 2881/3388/1466 1012/3383/1466
f 576/3643/1467 1920/504/1467 3449/3385/1467 2879/3382/1467
f 1920/504/1468 84/503/1468 1918/3386/1468 3449/3385/1468
f 1947/3398/1469 3450/3381/1469 2880/3384/1469 603/3399/1469
f 224/571/1470 1376/3644/1470 3450/3381/1470 1947/3398/1470
f 1376/3644/1471 576/3643/1471 2879/3382/1471 3450/3381/1471
f 1403/586/1472 3451/3377/1472 1405/3380/1472 235/587/1472
f 603/3399/1473 2880/3384/1473 3451/3377/1473 1403/586/1473
f 2880/3384/1474 1012/3383/1474 2878/3378/1474 3451/3377/1474
f 2875/3370/1475 3452/3373/1475 2877/3376/1475 1011/3371/1475
f 608/3355/1476 1952/600/1476 3452/3373/1476 2875/3370/1476
f 1952/600/1477 236/599/1477 1950/3374/1477 3452/3373/1477
f 1771/3686/1478 3453/3369/1478 2876/3372/1478 427/3687/1478
f 219/615/1479 1408/3356/1479 3453/3369/1479 1771/3686/1479
f 1408/3356/1480 608/3355/1480 2875/3370/1480 3453/3369/1480
f 1227/490/1481 3454/3365/1481 1229/3368/1481 83/491/1481
f 427/3687/1482 2876/3372/1482 3454/3365/1482 1227/490/1482
f 2876/3372/1483 1011/3371/1483 2874/3366/1483 3454/3365/1483
f 2871/3358/1484 3455/3361/1484 2873/3364/1484 1010/3359/1484
f 365/1639/1485 1709/1172/1485 3455/3361/1485 2871/3358/1485
f 1709/1172/1486 157/1171/1486 1951/3362/1486 3455/3361/1486
f 1915/3314/1487 3456/3357/1487 2872/3360/1487 571/3315/1487
f 61/403/1488 1165/1640/1488 3456/3357/1488 1915/3314/1488
f 1165/1640/1489 365/1639/1489 2871/3358/1489 3456/3357/1489
f 1371/614/1490 3457/3353/1490 1408/3356/1490 219/615/1490
f 571/3315/1491 2872/3360/1491 3457/3353/1491 1371/614/1491
f 2872/3360/1492 1010/3359/1492 2870/3354/1492 3457/3353/1492
f 2867/3346/1493 3458/3349/1493 2869/3352/1493 1009/3347/1493
f 509/4243/1494 1853/304/1494 3458/3349/1494 2867/3346/1494
f 1853/304/1495 23/303/1495 1831/3350/1495 3458/3349/1495
f 1951/3362/1496 3459/3345/1496 2868/3348/1496 607/3363/1496
f 157/1171/1497 1309/4244/1497 3459/3345/1497 1951/3362/1497
f 1309/4244/1498 509/4243/1498 2867/3346/1498 3459/3345/1498
f 1407/598/1499 3460/3341/1499 1409/3344/1499 236/599/1499
f 607/3363/1500 2868/3348/1500 3460/3341/1500 1407/598/1500
f 2868/3348/1501 1009/3347/1501 2866/3342/1501 3460/3341/1501
f 2863/3334/1502 3461/3337/1502 2865/3340/1502 1008/3335/1502
f 612/3319/1503 1956/612/1503 3461/3337/1503 2863/3334/1503
f 1956/612/1504 237/611/1504 1954/3338/1504 3461/3337/1504
f 1706/3854/1505 3462/3333/1505 2864/3336/1505 362/3855/1505
f 154/783/1506 1412/3320/1506 3462/3333/1506 1706/3854/1506
f 1412/3320/1507 612/3319/1507 2863/3334/1507 3462/3333/1507
f 1162/434/1508 3463/3329/1508 1228/3332/1508 58/435/1508
f 362/3855/1509 2864/3336/1509 3463/3329/1509 1162/434/1509
f 2864/3336/1510 1008/3335/1510 2862/3330/1510 3463/3329/1510
f 2859/3322/1511 3464/3325/1511 2861/3328/1511 1007/3323/1511
f 325/2539/1512 1669/872/1512 3464/3325/1512 2859/3322/1512
f 1669/872/1513 117/871/1513 1955/3326/1513 3464/3325/1513
f 1850/2810/1514 3465/3321/1514 2860/3324/1514 506/2811/1514
f 27/299/1515 1125/2540/1515 3465/3321/1515 1850/2810/1515
f 1125/2540/1516 325/2539/1516 2859/3322/1516 3465/3321/1516
f 1306/782/1517 3466/3317/1517 1412/3320/1517 154/783/1517
f 506/2811/1518 2860/3324/1518 3466/3317/1518 1306/782/1518
f 2860/3324/1519 1007/3323/1519 2858/3318/1519 3466/3317/1519
f 2855/3310/1520 3467/3313/1520 2857/3316/1520 1006/3311/1520
f 469/3943/1521 1813/404/1521 3467/3313/1521 2855/3310/1521
f 1813/404/1522 61/403/1522 1915/3314/1522 3467/3313/1522
f 1955/3326/1523 3468/3309/1523 2856/3312/1523 611/3327/1523
f 117/871/1524 1269/3944/1524 3468/3309/1524 1955/3326/1524
f 1269/3944/1525 469/3943/1525 2855/3310/1525 3468/3309/1525
f 1411/610/1526 3469/3305/1526 1413/3308/1526 237/611/1526
f 611/3327/1527 2856/3312/1527 3469/3305/1527 1411/610/1527
f 2856/3312/1528 1006/3311/1528 2854/3306/1528 3469/3305/1528
f 2851/3298/1529 3470/3301/1529 2853/3304/1529 1005/3299/1529
f 616/3283/1530 1960/624/1530 3470/3301/1530 2851/3298/1530
f 1960/624/1531 238/623/1531 1958/3302/1531 3470/3301/1531
f 1666/4274/1532 3471/3297/1532 2852/3300/1532 322/4275/1532
f 114/1203/1533 1416/3284/1533 3471/3297/1533 1666/4274/1533
f 1416/3284/1534 616/3283/1534 2851/3298/1534 3471/3297/1534
f 1122/294/6 3472/3293/6 1116/3296/6 24/295/6
f 322/4275/6 2852/3300/6 3472/3293/6 1122/294/6
f 2852/3300/6 1005/3299/6 2850/3294/6 3472/3293/6
f 2847/3286/1535 3473/3289/1535 2849/3292/1535 1004/3287/1535
f 428/3331/1536 1772/608/1536 3473/3289/1536 2847/3286/1536
f 1772/608/1537 220/607/1537 1959/3290/1537 3473/3289/1537
f 1810/1550/1538 3474/3285/1538 2848/3288/1538 466/1551/1538
f 58/435/1539 1228/3332/1539 3474/3285/1539 1810/1550/1539
f 1228/3332/1540 428/3331/1540 2847/3286/1540 3474/3285/1540
f 1266/1202/1541 3475/3281/1541 1416/3284/1541 114/1203/1541
f 466/1551/1542 2848/3288/1542 3475/3281/1542 1266/1202/1542
f 2848/3288/1543 1004/3287/1543 2846/3282/1543 3475/3281/1543
f 2843/3274/1544 3476/3277/1544 2845/3280/1544 1003/3275/1544
f 572/3679/1545 1916/492/1545 3476/3277/1545 2843/3274/1545
f 1916/492/1546 83/491/1546 1914/3278/1546 3476/3277/1546
f 1959/3290/1547 3477/3273/1547 2844/3276/1547 615/3291/1547
f 220/607/1548 1372/3680/1548 3477/3273/1548 1959/3290/1548
f 1372/3680/1549 572/3679/1549 2843/3274/1549 3477/3273/1549
f 1415/622/1550 3478/3269/1550 1417/3272/1550 238/623/1550
f 615/3291/1551 2844/3276/1551 3478/3269/1551 1415/622/1551
f 2844/3276/1552 1003/3275/1552 2842/3270/1552 3478/3269/1552
f 2839/3262/6 3479/3265/6 2841/3268/6 1002/3263/6
f 620/3247/6 1964/636/6 3479/3265/6 2839/3262/6
f 1964/636/6 239/635/6 1962/3266/6 3479/3265/6
f 1767/3722/1553 3480/3261/1553 2840/3264/1553 423/3723/1553
f 215/651/1554 1420/3248/1554 3480/3261/1554 1767/3722/1554
f 1420/3248/6 620/3247/6 2839/3262/6 3480/3261/6
f 1223/478/1555 3481/3257/1555 1225/3260/1555 82/479/1555
f 423/3723/1556 2840/3264/1556 3481/3257/1556 1223/478/1556
f 2840/3264/1557 1002/3263/1557 2838/3258/1557 3481/3257/1557
f 2835/3250/6 3482/3253/6 2837/3256/6 1001/3251/6
f 361/1531/6 1705/1208/6 3482/3253/6 2835/3250/6
f 1705/1208/6 153/1207/6 1963/3254/6 3482/3253/6
f 1911/3206/1558 3483/3249/1558 2836/3252/1558 567/3207/1558
f 57/439/1559 1161/1532/1559 3483/3249/1559 1911/3206/1559
f 1161/1532/1560 361/1531/1560 2835/3250/1560 3483/3249/1560
f 1367/650/1561 3484/3245/1561 1420/3248/1561 215/651/1561
f 567/3207/1562 2836/3252/1562 3484/3245/1562 1367/650/1562
f 2836/3252/1563 1001/3251/1563 2834/3246/1563 3484/3245/1563
f 2831/3238/6 3485/3241/6 2833/3244/6 1000/3239/6
f 505/4279/6 1849/292/6 3485/3241/6 2831/3238/6
f 1849/292/6 14/291/6 1106/3242/6 3485/3241/6
f 1963/3254/6 3486/3237/6 2832/3240/6 619/3255/6
f 153/1207/6 1305/4280/6 3486/3237/6 1963/3254/6
f 1305/4280/6 505/4279/6 2831/3238/6 3486/3237/6
f 1419/634/6 3487/3233/6 1421/3236/6 239/635/6
f 619/3255/6 2832/3240/6 3487/3233/6 1419/634/6
f 2832/3240/6 1000/3239/6 2830/3234/6 3487/3233/6
f 2827/3226/1564 3488/3229/1564 2829/3232/1564 999/3227/1564
f 624/3211/1565 1968/648/1565 3488/3229/1565 2827/3226/1565
f 1968/648/1566 240/647/1566 1966/3230/1566 3488/3229/1566
f 1702/3746/1567 3489/3225/1567 2828/3228/1567 358/3747/1567
f 150/675/1568 1424/3212/1568 3489/3225/1568 1702/3746/1568
f 1424/3212/1569 624/3211/1569 2827/3226/1569 3489/3225/1569
f 1158/470/1570 3490/3221/1570 1224/3224/1570 54/471/1570
f 358/3747/1571 2828/3228/1571 3490/3221/1571 1158/470/1571
f 2828/3228/1572 999/3227/1572 2826/3222/1572 3490/3221/1572
f 2823/3214/1573 3491/3217/1573 2825/3220/1573 998/3215/1573
f 321/2863/1574 1665/764/1574 3491/3217/1574 2823/3214/1574
f 1665/764/1575 113/763/1575 1967/3218/1575 3491/3217/1575
f 1846/3134/1576 3492/3213/1576 2824/3216/1576 502/3135/1576
f 26/287/1577 1121/2864/1577 3492/3213/1577 1846/3134/1577
f 1121/2864/1578 321/2863/1578 2823/3214/1578 3492/3213/1578
f 1302/674/1579 3493/3209/1579 1424/3212/1579 150/675/1579
f 502/3135/1580 2824/3216/1580 3493/3209/1580 1302/674/1580
f 2824/3216/1581 998/3215/1581 2822/3210/1581 3493/3209/1581
f 2819/3202/1582 3494/3205/1582 2821/3208/1582 997/3203/1582
f 465/3835/1583 1809/440/1583 3494/3205/1583 2819/3202/1583
f 1809/440/1584 57/439/1584 1911/3206/1584 3494/3205/1584
f 1967/3218/1585 3495/3201/1585 2820/3204/1585 623/3219/1585
f 113/763/1586 1265/3836/1586 3495/3201/1586 1967/3218/1586
f 1265/3836/1587 465/3835/1587 2819/3202/1587 3495/3201/1587
f 1423/646/1588 3496/3197/1588 1425/3200/1588 240/647/1588
f 623/3219/1589 2820/3204/1589 3496/3197/1589 1423/646/1589
f 2820/3204/1590 997/3203/1590 2818/3198/1590 3496/3197/1590
f 2815/3190/1591 3497/3193/1591 2817/3196/1591 996/3191/1591
f 628/3175/1592 1972/660/1592 3497/3193/1592 2815/3190/1592
f 1972/660/1593 241/659/1593 1970/3194/1593 3497/3193/1593
f 1662/4310/1594 3498/3189/1594 2816/3192/1594 318/4311/1594
f 110/1239/1595 1428/3176/1595 3498/3189/1595 1662/4310/1595
f 1428/3176/1596 628/3175/1596 2815/3190/1596 3498/3189/1596
f 1118/282/1597 3499/3185/1597 1117/3188/1597 25/283/1597
f 318/4311/1598 2816/3192/1598 3499/3185/1598 1118/282/1598
f 2816/3192/1599 996/3191/1599 2814/3186/1599 3499/3185/1599
f 2811/3178/1600 3500/3181/1600 2813/3184/1600 995/3179/1600
f 424/3223/1601 1768/644/1601 3500/3181/1601 2811/3178/1601
f 1768/644/1602 216/643/1602 1971/3182/1602 3500/3181/1602
f 1806/1442/1603 3501/3177/1603 2812/3180/1603 462/1443/1603
f 54/471/1604 1224/3224/1604 3501/3177/1604 1806/1442/1604
f 1224/3224/1605 424/3223/1605 2811/3178/1605 3501/3177/1605
f 1262/1238/1606 3502/3173/1606 1428/3176/1606 110/1239/1606
f 462/1443/1607 2812/3180/1607 3502/3173/1607 1262/1238/1607
f 2812/3180/1608 995/3179/1608 2810/3174/1608 3502/3173/1608
f 2807/3166/1609 3503/3169/1609 2809/3172/1609 994/3167/1609
f 568/3715/1610 1912/480/1610 3503/3169/1610 2807/3166/1610
f 1912/480/1611 82/479/1611 1910/3170/1611 3503/3169/1611
f 1971/3182/1612 3504/3165/1612 2808/3168/1612 627/3183/1612
f 216/643/1613 1368/3716/1613 3504/3165/1613 1971/3182/1613
f 1368/3716/1614 568/3715/1614 2807/3166/1614 3504/3165/1614
f 1427/658/1615 3505/3161/1615 1429/3164/1615 241/659/1615
f 627/3183/1616 2808/3168/1616 3505/3161/1616 1427/658/1616
f 2808/3168/1617 994/3167/1617 2806/3162/1617 3505/3161/1617
f 2803/3154/1618 3506/3157/1618 2805/3160/1618 993/3155/1618
f 632/3139/1619 1976/672/1619 3506/3157/1619 2803/3154/1619
f 1976/672/1620 242/671/1620 1974/3158/1620 3506/3157/1620
f 1763/3758/1621 3507/3153/1621 2804/3156/1621 419/3759/1621
f 211/687/1622 1432/3140/1622 3507/3153/1622 1763/3758/1622
f 1432/3140/1623 632/3139/1623 2803/3154/1623 3507/3153/1623
f 1219/466/1624 3508/3149/1624 1221/3152/1624 81/467/1624
f 419/3759/1625 2804/3156/1625 3508/3149/1625 1219/466/1625
f 2804/3156/1626 993/3155/1626 2802/3150/1626 3508/3149/1626
f 2799/3142/1627 3509/3145/1627 2801/3148/1627 992/3143/1627
f 360/1495/1628 1704/1220/1628 3509/3145/1628 2799/3142/1628
f 1704/1220/1629 152/1219/1629 1975/3146/1629 3509/3145/1629
f 1907/3098/1630 3510/3141/1630 2800/3144/1630 563/3099/1630
f 56/451/1631 1160/1496/1631 3510/3141/1631 1907/3098/1631
f 1160/1496/1632 360/1495/1632 2799/3142/1632 3510/3141/1632
f 1363/686/1633 3511/3137/1633 1432/3140/1633 211/687/1633
f 563/3099/1634 2800/3144/1634 3511/3137/1634 1363/686/1634
f 2800/3144/1635 992/3143/1635 2798/3138/1635 3511/3137/1635
f 2795/3130/1636 3512/3133/1636 2797/3136/1636 991/3131/1636
f 504/4291/1637 1848/288/1637 3512/3133/1637 2795/3130/1637
f 1848/288/1638 26/287/1638 1846/3134/1638 3512/3133/1638
f 1975/3146/1639 3513/3129/1639 2796/3132/1639 631/3147/1639
f 152/1219/1640 1304/4292/1640 3513/3129/1640 1975/3146/1640
f 1304/4292/1641 504/4291/1641 2795/3130/1641 3513/3129/1641
f 1431/670/1642 3514/3125/1642 1433/3128/1642 242/671/1642
f 631/3147/1643 2796/3132/1643 3514/3125/1643 1431/670/1643
f 2796/3132/1644 991/3131/1644 2794/3126/1644 3514/3125/1644
f 2791/3118/1645 3515/3121/1645 2793/3124/1645 990/3119/1645
f 636/3103/1646 1980/684/1646 3515/3121/1646 2791/3118/1646
f 1980/684/1647 243/683/1647 1978/3122/1647 3515/3121/1647
f 1687/3674/1648 3516/3117/1648 2792/3120/1648 343/3675/1648
f 135/603/1649 1436/3104/1649 3516/3117/1649 1687/3674/1649
f 1436/3104/1650 636/3103/1650 2791/3118/1650 3516/3117/1650
f 1143/494/1651 3517/3113/1651 1220/3116/1651 39/495/1651
f 343/3675/1652 2792/3120/1652 3517/3113/1652 1143/494/1652
f 2792/3120/1653 990/3119/1653 2790/3114/1653 3517/3113/1653
f 2787/3106/1654 3518/3109/1654 2789/3112/1654 989/3107/1654
f 320/2971/1655 1664/728/1655 3518/3109/1655 2787/3106/1655
f 1664/728/1656 112/727/1656 1979/3110/1656 3518/3109/1656
f 1831/3350/1657 3519/3105/1657 2788/3108/1657 487/3351/1657
f 23/303/1658 1120/2972/1658 3519/3105/1658 1831/3350/1658
f 1120/2972/1659 320/2971/1659 2787/3106/1659 3519/3105/1659
f 1287/602/1660 3520/3101/1660 1436/3104/1660 135/603/1660
f 487/3351/1661 2788/3108/1661 3520/3101/1661 1287/602/1661
f 2788/3108/1662 989/3107/1662 2786/3102/1662 3520/3101/1662
f 2783/3094/1663 3521/3097/1663 2785/3100/1663 988/3095/1663
f 464/3799/1664 1808/452/1664 3521/3097/1664 2783/3094/1664
f 1808/452/1665 56/451/1665 1907/3098/1665 3521/3097/1665
f 1979/3110/6 3522/3093/6 2784/3096/6 635/3111/6
f 112/727/6 1264/3800/6 3522/3093/6 1979/3110/6
f 1264/3800/6 464/3799/6 2783/3094/6 3522/3093/6
f 1435/682/6 3523/3089/6 1437/3092/6 243/683/6
f 635/3111/6 2784/3096/6 3523/3089/6 1435/682/6
f 2784/3096/6 988/3095/6 2782/3090/6 3523/3089/6
f 2779/3082/1666 3524/3085/1666 2781/3088/1666 987/3083/1666
f 640/3067/1667 1984/696/1667 3524/3085/1667 2779/3082/1667
f 1984/696/1668 244/695/1668 1982/3086/1668 3524/3085/1668
f 1647/4334/1669 3525/3081/1669 2780/3084/1669 303/4335/1669
f 95/1263/1670 1440/3068/1670 3525/3081/1670 1647/4334/1670
f 1440/3068/1671 640/3067/1671 2779/3082/1671 3525/3081/1671
f 1103/274/1672 3526/3077/1672 1105/3080/1672 13/275/1672
f 303/4335/1673 2780/3084/1673 3526/3077/1673 1103/274/1673
f 2780/3084/1674 987/3083/1674 2778/3078/1674 3526/3077/1674
f 2775/3070/1675 3527/3073/1675 2777/3076/1675 986/3071/1675
f 420/3115/1676 1764/680/1676 3527/3073/1676 2775/3070/1676
f 1764/680/1677 212/679/1677 1983/3074/1677 3527/3073/1677
f 1791/1370/1678 3528/3069/1678 2776/3072/1678 447/1371/1678
f 39/495/1679 1220/3116/1679 3528/3069/1679 1791/1370/1679
f 1220/3116/1680 420/3115/1680 2775/3070/1680 3528/3069/1680
f 1247/1262/1681 3529/3065/1681 1440/3068/1681 95/1263/1681
f 447/1371/1682 2776/3072/1682 3529/3065/1682 1247/1262/1682
f 2776/3072/1683 986/3071/1683 2774/3066/1683 3529/3065/1683
f 2771/3058/1684 3530/3061/1684 2773/3064/1684 985/3059/1684
f 564/3751/1685 1908/468/1685 3530/3061/1685 2771/3058/1685
f 1908/468/1686 81/467/1686 1906/3062/1686 3530/3061/1686
f 1983/3074/1687 3531/3057/1687 2772/3060/1687 639/3075/1687
f 212/679/1688 1364/3752/1688 3531/3057/1688 1983/3074/1688
f 1364/3752/1689 564/3751/1689 2771/3058/1689 3531/3057/1689
f 1439/694/1690 3532/3053/1690 1441/3056/1690 244/695/1690
f 639/3075/1691 2772/3060/1691 3532/3053/1691 1439/694/1691
f 2772/3060/1692 985/3059/1692 2770/3054/1692 3532/3053/1692
f 2767/3046/1693 3533/3049/1693 2769/3052/1693 984/3047/1693
f 644/3031/1694 1988/708/1694 3533/3049/1694 2767/3046/1694
f 1988/708/1695 245/707/1695 1986/3050/1695 3533/3049/1695
f 1759/3794/1696 3534/3045/1696 2768/3048/1696 415/3795/1696
f 207/723/1697 1444/3032/1697 3534/3045/1697 1759/3794/1697
f 1444/3032/1698 644/3031/1698 2767/3046/1698 3534/3045/1698
f 1215/454/1699 3535/3041/1699 1217/3044/1699 80/455/1699
f 415/3795/1700 2768/3048/1700 3535/3041/1700 1215/454/1700
f 2768/3048/1701 984/3047/1701 2766/3042/1701 3535/3041/1701
f 2763/3034/1702 3536/3037/1702 2765/3040/1702 983/3035/1702
f 339/4361/1703 1683/4362/1703 3536/3037/1703 2763/3034/1703
f 1683/4362/1704 131/4363/1704 1987/3038/1704 3536/3037/1704
f 1903/2990/1705 3537/3033/1705 2764/3036/1705 559/2991/1705
f 35/4364/1706 1139/4365/1706 3537/3033/1706 1903/2990/1706
f 1139/4365/1707 339/4361/1707 2763/3034/1707 3537/3033/1707
f 1359/722/1708 3538/3029/1708 1444/3032/1708 207/723/1708
f 559/2991/1709 2764/3036/1709 3538/3029/1709 1359/722/1709
f 2764/3036/1710 983/3035/1710 2762/3030/1710 3538/3029/1710
f 2759/3022/6 3539/3025/6 2761/3028/6 982/3023/6
f 483/4366/6 1827/4367/6 3539/3025/6 2759/3022/6
f 1827/4367/6 19/4368/6 1847/3026/6 3539/3025/6
f 1987/3038/551 3540/3021/551 2760/3024/551 643/3039/551
f 131/4363/6 1283/4369/6 3540/3021/6 1987/3038/6
f 1283/4369/6 483/4366/6 2759/3022/6 3540/3021/6
f 1443/706/1711 3541/3017/1711 1445/3020/1711 245/707/1711
f 643/3039/1712 2760/3024/1712 3541/3017/1712 1443/706/1712
f 2760/3024/6 982/3023/6 2758/3018/6 3541/3017/6
f 2755/3010/1713 3542/3013/1713 2757/3016/1713 981/3011/1713
f 648/2995/1714 1992/720/1714 3542/3013/1714 2755/3010/1714
f 1992/720/1715 246/719/1715 1990/3014/1715 3542/3013/1715
f 1699/3926/1716 3543/3009/1716 2756/3012/1716 355/3927/1716
f 147/855/1717 1448/2996/1717 3543/3009/1717 1699/3926/1717
f 1448/2996/1718 648/2995/1718 2755/3010/1718 3543/3009/1718
f 1155/410/1719 3544/3005/1719 1216/3008/1719 51/411/1719
f 355/3927/1720 2756/3012/1720 3544/3005/1720 1155/410/1720
f 2756/3012/1721 981/3011/1721 2754/3006/1721 3544/3005/1721
f 2751/2998/1722 3545/3001/1722 2753/3004/1722 980/2999/1722
f 299/4370/1723 1643/4371/1723 3545/3001/1723 2751/2998/1723
f 1643/4371/1724 91/4372/1724 1991/3002/1724 3545/3001/1724
f 1843/2594/1725 3546/2997/1725 2752/3000/1725 499/2595/1725
f 10/4373/6 1099/4374/6 3546/2997/6 1843/2594/6
f 1099/4374/1726 299/4370/1726 2751/2998/1726 3546/2997/1726
f 1299/854/1727 3547/2993/1727 1448/2996/1727 147/855/1727
f 499/2595/1728 2752/3000/1728 3547/2993/1728 1299/854/1728
f 2752/3000/1729 980/2999/1729 2750/2994/1729 3547/2993/1729
f 2747/2986/1730 3548/2989/1730 2749/2992/1730 979/2987/1730
f 443/4375/1731 1787/4376/1731 3548/2989/1731 2747/2986/1731
f 1787/4376/1732 35/4364/1732 1903/2990/1732 3548/2989/1732
f 1991/3002/1733 3549/2985/1733 2748/2988/1733 647/3003/1733
f 91/4372/1734 1243/4377/1734 3549/2985/1734 1991/3002/1734
f 1243/4377/1735 443/4375/1735 2747/2986/1735 3549/2985/1735
f 1447/718/1736 3550/2981/1736 1449/2984/1736 246/719/1736
f 647/3003/1737 2748/2988/1737 3550/2981/1737 1447/718/1737
f 2748/2988/1738 979/2987/1738 2746/2982/1738 3550/2981/1738
f 2743/2974/1739 3551/2977/1739 2745/2980/1739 978/2975/1739
f 652/2959/1740 1996/732/1740 3551/2977/1740 2743/2974/1740
f 1996/732/1741 247/731/1741 1994/2978/1741 3551/2977/1741
f 1659/4250/1742 3552/2973/1742 2744/2976/1742 315/4251/1742
f 107/1179/1743 1452/2960/1743 3552/2973/1743 1659/4250/1743
f 1452/2960/1744 652/2959/1744 2743/2974/1744 3552/2973/1744
f 1115/302/1745 3553/2969/1745 1120/2972/1745 23/303/1745
f 315/4251/1746 2744/2976/1746 3553/2969/1746 1115/302/1746
f 2744/2976/1747 978/2975/1747 2742/2970/1747 3553/2969/1747
f 2739/2962/1748 3554/2965/1748 2741/2968/1748 977/2963/1748
f 416/3007/1749 1760/716/1749 3554/2965/1749 2739/2962/1749
f 1760/716/1750 208/715/1750 1995/2966/1750 3554/2965/1750
f 1803/1622/1751 3555/2961/1751 2740/2964/1751 459/1623/1751
f 51/411/1752 1216/3008/1752 3555/2961/1752 1803/1622/1752
f 1216/3008/1753 416/3007/1753 2739/2962/1753 3555/2961/1753
f 1259/1178/1754 3556/2957/1754 1452/2960/1754 107/1179/1754
f 459/1623/1755 2740/2964/1755 3556/2957/1755 1259/1178/1755
f 2740/2964/1756 977/2963/1756 2738/2958/1756 3556/2957/1756
f 2735/2950/1757 3557/2953/1757 2737/2956/1757 976/2951/1757
f 560/3787/1758 1904/456/1758 3557/2953/1758 2735/2950/1758
f 1904/456/1759 80/455/1759 1902/2954/1759 3557/2953/1759
f 1995/2966/1760 3558/2949/1760 2736/2952/1760 651/2967/1760
f 208/715/1761 1360/3788/1761 3558/2949/1761 1995/2966/1761
f 1360/3788/1762 560/3787/1762 2735/2950/1762 3558/2949/1762
f 1451/730/1763 3559/2945/1763 1453/2948/1763 247/731/1763
f 651/2967/1764 2736/2952/1764 3559/2945/1764 1451/730/1764
f 2736/2952/1765 976/2951/1765 2734/2946/1765 3559/2945/1765
f 2731/2938/6 3560/2941/6 2733/2944/6 975/2939/6
f 656/2923/6 2000/744/6 3560/2941/6 2731/2938/6
f 2000/744/6 248/743/6 1998/2942/6 3560/2941/6
f 1755/3830/6 3561/2937/6 2732/2940/6 411/3831/6
f 203/759/6 1456/2924/6 3561/2937/6 1755/3830/6
f 1456/2924/6 656/2923/6 2731/2938/6 3561/2937/6
f 1211/442/6 3562/2933/6 1213/2936/6 79/443/6
f 411/3831/6 2732/2940/6 3562/2933/6 1211/442/6
f 2732/2940/6 975/2939/6 2730/2934/6 3562/2933/6
f 2727/2926/6 3563/2929/6 2729/2932/6 974/2927/6
f 351/4378/6 1695/4379/6 3563/2929/6 2727/2926/6
f 1695/4379/6 143/4380/6 1999/2930/6 3563/2929/6
f 1899/2882/6 3564/2925/6 2728/2928/6 555/2883/6
f 47/4381/6 1151/4382/6 3564/2925/6 1899/2882/6
f 1151/4382/6 351/4378/6 2727/2926/6 3564/2925/6
f 1355/758/6 3565/2921/6 1456/2924/6 203/759/6
f 555/2883/6 2728/2928/6 3565/2921/6 1355/758/6
f 2728/2928/6 974/2927/6 2726/2922/6 3565/2921/6
f 2723/2914/6 3566/2917/6 2725/2920/6 973/2915/6
f 495/4383/6 1839/4384/6 3566/2917/6 2723/2914/6
f 1839/4384/6 4/4385/6 1094/2918/6 3566/2917/6
f 1999/2930/6 3567/2913/6 2724/2916/6 655/2931/6
f 143/4380/6 1295/4386/6 3567/2913/6 1999/2930/6
f 1295/4386/6 495/4383/6 2723/2914/6 3567/2913/6
f 1455/742/6 3568/2909/6 1457/2912/6 248/743/6
f 655/2931/6 2724/2916/6 3568/2909/6 1455/742/6
f 2724/2916/6 973/2915/6 2722/2910/6 3568/2909/6
f 2719/2902/6 3569/2905/6 2721/2908/6 972/2903/6
f 660/2887/6 2004/756/6 3569/2905/6 2719/2902/6
f 2004/756/6 249/755/6 2002/2906/6 3569/2905/6
f 1703/3782/6 3570/2901/6 2720/2904/6 359/3783/6
f 151/711/6 1460/2888/6 3570/2901/6 1703/3782/6
f 1460/2888/6 660/2887/6 2719/2902/6 3570/2901/6
f 1159/458/6 3571/2897/6 1212/2900/6 55/459/6
f 359/3783/6 2720/2904/6 3571/2897/6 1159/458/6
f 2720/2904/6 972/2903/6 2718/2898/6 3571/2897/6
f 2715/2890/6 3572/2893/6 2717/2896/6 971/2891/6
f 311/4387/6 1655/4388/6 3572/2893/6 2715/2890/6
f 1655/4388/6 103/4389/6 2003/2894/6 3572/2893/6
f 1847/3026/6 3573/2889/6 2716/2892/6 503/3027/6
f 19/4368/6 1111/4390/6 3573/2889/6 1847/3026/6
f 1111/4390/6 311/4387/6 2715/2890/6 3573/2889/6
f 1303/710/6 3574/2885/6 1460/2888/6 151/711/6
f 503/3027/6 2716/2892/6 3574/2885/6 1303/710/6
f 2716/2892/6 971/2891/6 2714/2886/6 3574/2885/6
f 2711/2878/6 3575/2881/6 2713/2884/6 970/2879/6
f 455/4391/6 1799/4392/6 3575/2881/6 2711/2878/6
f 1799/4392/6 47/4381/6 1899/2882/6 3575/2881/6
f 2003/2894/6 3576/2877/6 2712/2880/6 659/2895/6
f 103/4389/6 1255/4393/6 3576/2877/6 2003/2894/6
f 1255/4393/6 455/4391/6 2711/2878/6 3576/2877/6
f 1459/754/6 3577/2873/6 1461/2876/6 249/755/6
f 659/2895/6 2712/2880/6 3577/2873/6 1459/754/6
f 2712/2880/6 970/2879/6 2710/2874/6 3577/2873/6
f 2707/2866/1766 3578/2869/1766 2709/2872/1766 969/2867/1766
f 664/2851/1767 2008/768/1767 3578/2869/1767 2707/2866/1767
f 2008/768/1768 250/767/1768 2006/2870/1768 3578/2869/1768
f 1663/4298/1769 3579/2865/1769 2708/2868/1769 319/4299/1769
f 111/1227/1770 1464/2852/1770 3579/2865/1770 1663/4298/1770
f 1464/2852/1771 664/2851/1771 2707/2866/1771 3579/2865/1771
f 1119/286/1772 3580/2861/1772 1121/2864/1772 26/287/1772
f 319/4299/1773 2708/2868/1773 3580/2861/1773 1119/286/1773
f 2708/2868/1774 969/2867/1774 2706/2862/1774 3580/2861/1774
f 2703/2854/1775 3581/2857/1775 2705/2860/1775 968/2855/1775
f 412/2899/1776 1756/752/1776 3581/2857/1776 2703/2854/1776
f 1756/752/1777 204/751/1777 2007/2858/1777 3581/2857/1777
f 1807/1478/1778 3582/2853/1778 2704/2856/1778 463/1479/1778
f 55/459/1779 1212/2900/1779 3582/2853/1779 1807/1478/1779
f 1212/2900/1780 412/2899/1780 2703/2854/1780 3582/2853/1780
f 1263/1226/1781 3583/2849/1781 1464/2852/1781 111/1227/1781
f 463/1479/1782 2704/2856/1782 3583/2849/1782 1263/1226/1782
f 2704/2856/1783 968/2855/1783 2702/2850/1783 3583/2849/1783
f 2699/2842/6 3584/2845/6 2701/2848/6 967/2843/6
f 556/3823/6 1900/444/6 3584/2845/6 2699/2842/6
f 1900/444/6 79/443/6 1898/2846/6 3584/2845/6
f 2007/2858/1784 3585/2841/1784 2700/2844/1784 663/2859/1784
f 204/751/6 1356/3824/6 3585/2841/6 2007/2858/6
f 1356/3824/6 556/3823/6 2699/2842/6 3585/2841/6
f 1463/766/1785 3586/2837/1785 1465/2840/1785 250/767/1785
f 663/2859/1786 2700/2844/1786 3586/2837/1786 1463/766/1786
f 2700/2844/1787 967/2843/1787 2698/2838/1787 3586/2837/1787
f 2695/2830/1788 3587/2833/1788 2697/2836/1788 966/2831/1788
f 668/2815/1789 2012/780/1789 3587/2833/1789 2695/2830/1789
f 2012/780/1790 251/779/1790 2010/2834/1790 3587/2833/1790
f 1751/3866/1791 3588/2829/1791 2696/2832/1791 407/3867/1791
f 199/795/1792 1468/2816/1792 3588/2829/1792 1751/3866/1792
f 1468/2816/1793 668/2815/1793 2695/2830/1793 3588/2829/1793
f 1207/430/1794 3589/2825/1794 1209/2828/1794 78/431/1794
f 407/3867/1795 2696/2832/1795 3589/2825/1795 1207/430/1795
f 2696/2832/1796 966/2831/1796 2694/2826/1796 3589/2825/1796
f 2691/2818/1797 3590/2821/1797 2693/2824/1797 965/2819/1797
f 364/1603/1798 1708/1184/1798 3590/2821/1798 2691/2818/1798
f 1708/1184/1799 156/1183/1799 2011/2822/1799 3590/2821/1799
f 1895/2774/1800 3591/2817/1800 2692/2820/1800 551/2775/1800
f 60/415/1801 1164/1604/1801 3591/2817/1801 1895/2774/1801
f 1164/1604/1802 364/1603/1802 2691/2818/1802 3591/2817/1802
f 1351/794/1803 3592/2813/1803 1468/2816/1803 199/795/1803
f 551/2775/1804 2692/2820/1804 3592/2813/1804 1351/794/1804
f 2692/2820/1805 965/2819/1805 2690/2814/1805 3592/2813/1805
f 2687/2806/1806 3593/2809/1806 2689/2812/1806 964/2807/1806
f 508/4255/1807 1852/300/1807 3593/2809/1807 2687/2806/1807
f 1852/300/1808 27/299/1808 1850/2810/1808 3593/2809/1808
f 2011/2822/1809 3594/2805/1809 2688/2808/1809 667/2823/1809
f 156/1183/1810 1308/4256/1810 3594/2805/1810 2011/2822/1810
f 1308/4256/1811 508/4255/1811 2687/2806/1811 3594/2805/1811
f 1467/778/1812 3595/2801/1812 1469/2804/1812 251/779/1812
f 667/2823/1813 2688/2808/1813 3595/2801/1813 1467/778/1813
f 2688/2808/1814 964/2807/1814 2686/2802/1814 3595/2801/1814
f 2683/2794/6 3596/2797/6 2685/2800/6 963/2795/6
f 672/2779/6 2016/792/6 3596/2797/6 2683/2794/6
f 2016/792/6 252/791/6 2014/2798/6 3596/2797/6
f 1684/153/6 3597/2793/6 2684/2796/6 340/154/6
f 132/152/6 1472/2780/6 3597/2793/6 1684/153/6
f 1472/2780/6 672/2779/6 2683/2794/6 3597/2793/6
f 1140/155/6 3598/2789/6 1208/2792/6 36/156/6
f 340/154/6 2684/2796/6 3598/2789/6 1140/155/6
f 2684/2796/6 963/2795/6 2682/2790/6 3598/2789/6
f 2679/2782/6 3599/2785/6 2681/2788/6 962/2783/6
f 324/2647/6 1668/836/6 3599/2785/6 2679/2782/6
f 1668/836/6 116/835/6 2015/2786/6 3599/2785/6
f 1828/149/6 3600/2781/6 2680/2784/6 484/150/6
f 20/148/6 1124/2648/6 3600/2781/6 1828/149/6
f 1124/2648/6 324/2647/6 2679/2782/6 3600/2781/6
f 1284/151/6 3601/2777/6 1472/2780/6 132/152/6
f 484/150/6 2680/2784/6 3601/2777/6 1284/151/6
f 2680/2784/6 962/2783/6 2678/2778/6 3601/2777/6
f 2675/2770/1815 3602/2773/1815 2677/2776/1815 961/2771/1815
f 468/3907/1816 1812/416/1816 3602/2773/1816 2675/2770/1816
f 1812/416/1817 60/415/1817 1895/2774/1817 3602/2773/1817
f 2015/2786/6 3603/2769/6 2676/2772/6 671/2787/6
f 116/835/6 1268/3908/6 3603/2769/6 2015/2786/6
f 1268/3908/1818 468/3907/1818 2675/2770/1818 3603/2769/1818
f 1471/790/6 3604/2765/6 1473/2768/6 252/791/6
f 671/2787/6 2676/2772/6 3604/2765/6 1471/790/6
f 2676/2772/6 961/2771/6 2674/2766/6 3604/2765/6
f 2671/2758/1819 3605/2761/1819 2673/2764/1819 960/2759/1819
f 676/2743/1820 2020/804/1820 3605/2761/1820 2671/2758/1820
f 2020/804/1821 253/803/1821 2018/2762/1821 3605/2761/1821
f 1644/161/1822 3606/2757/1822 2672/2760/1822 300/162/1822
f 92/160/1823 1476/2744/1823 3606/2757/1823 1644/161/1823
f 1476/2744/1824 676/2743/1824 2671/2758/1824 3606/2757/1824
f 1100/163/1825 3607/2753/1825 1104/2756/1825 11/164/1825
f 300/162/1826 2672/2760/1826 3607/2753/1826 1100/163/1826
f 2672/2760/1827 960/2759/1827 2670/2754/1827 3607/2753/1827
f 2667/2746/1828 3608/2749/1828 2669/2752/1828 959/2747/1828
f 408/2791/1829 1752/788/1829 3608/2749/1829 2667/2746/1829
f 1752/788/1830 200/787/1830 2019/2750/1830 3608/2749/1830
f 1788/157/6 3609/2745/6 2668/2748/6 444/158/6
f 36/156/6 1208/2792/6 3609/2745/6 1788/157/6
f 1208/2792/6 408/2791/6 2667/2746/6 3609/2745/6
f 1244/159/6 3610/2741/6 1476/2744/6 92/160/6
f 444/158/6 2668/2748/6 3610/2741/6 1244/159/6
f 2668/2748/1831 959/2747/1831 2666/2742/1831 3610/2741/1831
f 2663/2734/1832 3611/2737/1832 2665/2740/1832 958/2735/1832
f 552/3859/1833 1896/432/1833 3611/2737/1833 2663/2734/1833
f 1896/432/1834 78/431/1834 1894/2738/1834 3611/2737/1834
f 2019/2750/1835 3612/2733/1835 2664/2736/1835 675/2751/1835
f 200/787/1836 1352/3860/1836 3612/2733/1836 2019/2750/1836
f 1352/3860/1837 552/3859/1837 2663/2734/1837 3612/2733/1837
f 1475/802/1838 3613/2729/1838 1477/2732/1838 253/803/1838
f 675/2751/1839 2664/2736/1839 3613/2729/1839 1475/802/1839
f 2664/2736/1840 958/2735/1840 2662/2730/1840 3613/2729/1840
f 2659/2722/1841 3614/2725/1841 2661/2728/1841 957/2723/1841
f 680/2707/1842 2024/816/1842 3614/2725/1842 2659/2722/1842
f 2024/816/1843 254/815/1843 2022/2726/1843 3614/2725/1843
f 1747/3902/1844 3615/2721/1844 2660/2724/1844 403/3903/1844
f 195/831/6 1480/2708/6 3615/2721/6 1747/3902/6
f 1480/2708/1845 680/2707/1845 2659/2722/1845 3615/2721/1845
f 1203/418/1846 3616/2717/1846 1205/2720/1846 77/419/1846
f 403/3903/1847 2660/2724/1847 3616/2717/1847 1203/418/1847
f 2660/2724/1848 957/2723/1848 2658/2718/1848 3616/2717/1848
f 2655/2710/6 3617/2713/6 2657/2716/6 956/2711/6
f 335/4394/6 1679/4395/6 3617/2713/6 2655/2710/6
f 1679/4395/6 127/4396/6 2023/2714/6 3617/2713/6
f 1891/2666/6 3618/2709/6 2656/2712/6 547/2667/6
f 31/4397/6 1135/4398/6 3618/2709/6 1891/2666/6
f 1135/4398/6 335/4394/6 2655/2710/6 3618/2709/6
f 1347/830/6 3619/2705/6 1480/2708/6 195/831/6
f 547/2667/6 2656/2712/6 3619/2705/6 1347/830/6
f 2656/2712/6 956/2711/6 2654/2706/6 3619/2705/6
f 2651/2698/1849 3620/2701/1849 2653/2704/1849 955/2699/1849
f 479/4399/1850 1823/4400/1850 3620/2701/1850 2651/2698/1850
f 1823/4400/1851 15/4401/1851 1851/2702/1851 3620/2701/1851
f 2023/2714/1852 3621/2697/1852 2652/2700/1852 679/2715/1852
f 127/4396/6 1279/4402/6 3621/2697/6 2023/2714/6
f 1279/4402/1853 479/4399/1853 2651/2698/1853 3621/2697/1853
f 1479/814/1854 3622/2693/1854 1481/2696/1854 254/815/1854
f 679/2715/1855 2652/2700/1855 3622/2693/1855 1479/814/1855
f 2652/2700/1856 955/2699/1856 2650/2694/1856 3622/2693/1856
f 2647/2686/6 3623/2689/6 2649/2692/6 954/2687/6
f 684/2671/6 2028/828/6 3623/2689/6 2647/2686/6
f 2028/828/6 255/827/6 2026/2690/6 3623/2689/6
f 1696/137/6 3624/2685/6 2648/2688/6 352/138/6
f 144/136/6 1484/2672/6 3624/2685/6 1696/137/6
f 1484/2672/6 684/2671/6 2647/2686/6 3624/2685/6
f 1152/139/6 3625/2681/6 1204/2684/6 48/140/6
f 352/138/6 2648/2688/6 3625/2681/6 1152/139/6
f 2648/2688/6 954/2687/6 2646/2682/6 3625/2681/6
f 2643/2674/6 3626/2677/6 2645/2680/6 953/2675/6
f 295/4403/6 1639/4404/6 3626/2677/6 2643/2674/6
f 1639/4404/6 87/4405/6 2027/2678/6 3626/2677/6
f 1840/133/6 3627/2673/6 2644/2676/6 496/134/6
f 8/131/6 1095/4406/6 3627/2673/6 1840/133/6
f 1095/4406/6 295/4403/6 2643/2674/6 3627/2673/6
f 1296/135/6 3628/2669/6 1484/2672/6 144/136/6
f 496/134/6 2644/2676/6 3628/2669/6 1296/135/6
f 2644/2676/6 953/2675/6 2642/2670/6 3628/2669/6
f 2639/2662/6 3629/2665/6 2641/2668/6 952/2663/6
f 439/4407/6 1783/4408/6 3629/2665/6 2639/2662/6
f 1783/4408/6 31/4397/6 1891/2666/6 3629/2665/6
f 2027/2678/6 3630/2661/6 2640/2664/6 683/2679/6
f 87/4405/6 1239/4409/6 3630/2661/6 2027/2678/6
f 1239/4409/6 439/4407/6 2639/2662/6 3630/2661/6
f 1483/826/6 3631/2657/6 1485/2660/6 255/827/6
f 683/2679/6 2640/2664/6 3631/2657/6 1483/826/6
f 2640/2664/6 952/2663/6 2638/2658/6 3631/2657/6
f 2635/2650/6 3632/2653/6 2637/2656/6 951/2651/6
f 688/2635/6 2032/840/6 3632/2653/6 2635/2650/6
f 2032/840/6 256/839/6 2030/2654/6 3632/2653/6
f 1656/145/6 3633/2649/6 2636/2652/6 312/146/6
f 104/144/6 1488/2636/6 3633/2649/6 1656/145/6
f 1488/2636/6 688/2635/6 2635/2650/6 3633/2649/6
f 1112/147/6 3634/2645/6 1124/2648/6 20/148/6
f 312/146/6 2636/2652/6 3634/2645/6 1112/147/6
f 2636/2652/6 951/2651/6 2634/2646/6 3634/2645/6
f 2631/2638/6 3635/2641/6 2633/2644/6 950/2639/6
f 404/2683/6 1748/824/6 3635/2641/6 2631/2638/6
f 1748/824/6 196/823/6 2031/2642/6 3635/2641/6
f 1800/141/6 3636/2637/6 2632/2640/6 456/142/6
f 48/140/6 1204/2684/6 3636/2637/6 1800/141/6
f 1204/2684/6 404/2683/6 2631/2638/6 3636/2637/6
f 1256/143/6 3637/2633/6 1488/2636/6 104/144/6
f 456/142/6 2632/2640/6 3637/2633/6 1256/143/6
f 2632/2640/6 950/2639/6 2630/2634/6 3637/2633/6
f 2627/2626/1857 3638/2629/1857 2629/2632/1857 949/2627/1857
f 548/3895/1858 1892/420/1858 3638/2629/1858 2627/2626/1858
f 1892/420/1859 77/419/1859 1890/2630/1859 3638/2629/1859
f 2031/2642/6 3639/2625/6 2628/2628/6 687/2643/6
f 196/823/6 1348/3896/6 3639/2625/6 2031/2642/6
f 1348/3896/6 548/3895/6 2627/2626/6 3639/2625/6
f 1487/838/6 3640/2621/6 1489/2624/6 256/839/6
f 687/2643/6 2628/2628/6 3640/2621/6 1487/838/6
f 2628/2628/6 949/2627/6 2626/2622/6 3640/2621/6
f 2623/2614/1860 3641/2617/1860 2625/2620/1860 948/2615/1860
f 692/2599/1861 2036/852/1861 3641/2617/1861 2623/2614/1861
f 2036/852/1862 257/851/1862 2034/2618/1862 3641/2617/1862
f 1743/3938/1863 3642/2613/1863 2624/2616/1863 399/3939/1863
f 191/867/1864 1492/2600/1864 3642/2613/1864 1743/3938/1864
f 1492/2600/1865 692/2599/1865 2623/2614/1865 3642/2613/1865
f 1199/406/1866 3643/2609/1866 1201/2612/1866 76/407/1866
f 399/3939/1867 2624/2616/1867 3643/2609/1867 1199/406/1867
f 2624/2616/1868 948/2615/1868 2622/2610/1868 3643/2609/1868
f 2619/2602/1869 3644/2605/1869 2621/2608/1869 947/2603/1869
f 347/4410/1870 1691/4411/1870 3644/2605/1870 2619/2602/1870
f 1691/4411/1871 139/4412/1871 2035/2606/1871 3644/2605/1871
f 1887/2558/1872 3645/2601/1872 2620/2604/1872 543/2559/1872
f 43/4413/1873 1147/4414/1873 3645/2601/1873 1887/2558/1873
f 1147/4414/1874 347/4410/1874 2619/2602/1874 3645/2601/1874
f 1343/866/1875 3646/2597/1875 1492/2600/1875 191/867/1875
f 543/2559/1876 2620/2604/1876 3646/2597/1876 1343/866/1876
f 2620/2604/1877 947/2603/1877 2618/2598/1877 3646/2597/1877
f 2615/2590/6 3647/2593/6 2617/2596/6 946/2591/6
f 491/4415/6 1835/4416/6 3647/2593/6 2615/2590/6
f 1835/4416/6 10/4373/6 1843/2594/6 3647/2593/6
f 2035/2606/1878 3648/2589/1878 2616/2592/1878 691/2607/1878
f 139/4412/6 1291/4417/6 3648/2589/6 2035/2606/6
f 1291/4417/6 491/4415/6 2615/2590/6 3648/2589/6
f 1491/850/1879 3649/2585/1879 1493/2588/1879 257/851/1879
f 691/2607/1880 2616/2592/1880 3649/2585/1880 1491/850/1880
f 2616/2592/1881 946/2591/1881 2614/2586/1881 3649/2585/1881
f 2611/2578/1882 3650/2581/1882 2613/2584/1882 945/2579/1882
f 696/2563/1883 2040/864/1883 3650/2581/1883 2611/2578/1883
f 2040/864/1884 258/863/1884 2038/2582/1884 3650/2581/1884
f 1707/3890/1885 3651/2577/1885 2612/2580/1885 363/3891/1885
f 155/819/1886 1496/2564/1886 3651/2577/1886 1707/3890/1886
f 1496/2564/1887 696/2563/1887 2611/2578/1887 3651/2577/1887
f 1163/422/1888 3652/2573/1888 1200/2576/1888 59/423/1888
f 363/3891/1889 2612/2580/1889 3652/2573/1889 1163/422/1889
f 2612/2580/1890 945/2579/1890 2610/2574/1890 3652/2573/1890
f 2607/2566/1891 3653/2569/1891 2609/2572/1891 944/2567/1891
f 307/4418/1892 1651/4419/1892 3653/2569/1892 2607/2566/1892
f 1651/4419/1893 99/4420/1893 2039/2570/1893 3653/2569/1893
f 1851/2702/1894 3654/2565/1894 2608/2568/1894 507/2703/1894
f 15/4401/1895 1107/4421/1895 3654/2565/1895 1851/2702/1895
f 1107/4421/1896 307/4418/1896 2607/2566/1896 3654/2565/1896
f 1307/818/1897 3655/2561/1897 1496/2564/1897 155/819/1897
f 507/2703/1898 2608/2568/1898 3655/2561/1898 1307/818/1898
f 2608/2568/1899 944/2567/1899 2606/2562/1899 3655/2561/1899
f 2603/2554/1900 3656/2557/1900 2605/2560/1900 943/2555/1900
f 451/4422/1901 1795/4423/1901 3656/2557/1901 2603/2554/1901
f 1795/4423/1902 43/4413/1902 1887/2558/1902 3656/2557/1902
f 2039/2570/1903 3657/2553/1903 2604/2556/1903 695/2571/1903
f 99/4420/1904 1251/4424/1904 3657/2553/1904 2039/2570/1904
f 1251/4424/1905 451/4422/1905 2603/2554/1905 3657/2553/1905
f 1495/862/1906 3658/2549/1906 1497/2552/1906 258/863/1906
f 695/2571/1907 2604/2556/1907 3658/2549/1907 1495/862/1907
f 2604/2556/1908 943/2555/1908 2602/2550/1908 3658/2549/1908
f 2599/2542/1909 3659/2545/1909 2601/2548/1909 942/2543/1909
f 700/2527/1910 2044/876/1910 3659/2545/1910 2599/2542/1910
f 2044/876/1911 259/875/1911 2042/2546/1911 3659/2545/1911
f 1667/4262/1912 3660/2541/1912 2600/2544/1912 323/4263/1912
f 115/1191/1913 1500/2528/1913 3660/2541/1913 1667/4262/1913
f 1500/2528/1914 700/2527/1914 2599/2542/1914 3660/2541/1914
f 1123/298/1915 3661/2537/1915 1125/2540/1915 27/299/1915
f 323/4263/1916 2600/2544/1916 3661/2537/1916 1123/298/1916
f 2600/2544/1917 942/2543/1917 2598/2538/1917 3661/2537/1917
f 2595/2530/1918 3662/2533/1918 2597/2536/1918 941/2531/1918
f 400/2575/1919 1744/860/1919 3662/2533/1919 2595/2530/1919
f 1744/860/1920 192/859/1920 2043/2534/1920 3662/2533/1920
f 1811/1586/1921 3663/2529/1921 2596/2532/1921 467/1587/1921
f 59/423/1922 1200/2576/1922 3663/2529/1922 1811/1586/1922
f 1200/2576/1923 400/2575/1923 2595/2530/1923 3663/2529/1923
f 1267/1190/1924 3664/2525/1924 1500/2528/1924 115/1191/1924
f 467/1587/1925 2596/2532/1925 3664/2525/1925 1267/1190/1925
f 2596/2532/1926 941/2531/1926 2594/2526/1926 3664/2525/1926
f 2591/2518/1927 3665/2521/1927 2593/2524/1927 940/2519/1927
f 544/3931/1928 1888/408/1928 3665/2521/1928 2591/2518/1928
f 1888/408/1929 76/407/1929 1886/2522/1929 3665/2521/1929
f 2043/2534/1930 3666/2517/1930 2592/2520/1930 699/2535/1930
f 192/859/1931 1344/3932/1931 3666/2517/1931 2043/2534/1931
f 1344/3932/1932 544/3931/1932 2591/2518/1932 3666/2517/1932
f 1499/874/1933 3667/2513/1933 1501/2516/1933 259/875/1933
f 699/2535/1934 2592/2520/1934 3667/2513/1934 1499/874/1934
f 2592/2520/1935 940/2519/1935 2590/2514/1935 3667/2513/1935
f 2587/2506/1936 3668/2509/1936 2589/2512/1936 939/2507/1936
f 704/2491/1937 2048/888/1937 3668/2509/1937 2587/2506/1937
f 2048/888/1938 260/887/1938 2046/2510/1938 3668/2509/1938
f 1739/3974/1939 3669/2505/1939 2588/2508/1939 395/3975/1939
f 187/903/1940 1504/2492/1940 3669/2505/1940 1739/3974/1940
f 1504/2492/1941 704/2491/1941 2587/2506/1941 3669/2505/1941
f 1195/394/1942 3670/2501/1942 1197/2504/1942 75/395/1942
f 395/3975/1943 2588/2508/1943 3670/2501/1943 1195/394/1943
f 2588/2508/1944 939/2507/1944 2586/2502/1944 3670/2501/1944
f 2583/2494/1945 3671/2497/1945 2585/2500/1945 938/2495/1945
f 368/1711/1946 1712/1148/1946 3671/2497/1946 2583/2494/1946
f 1712/1148/1947 160/1147/1947 2047/2498/1947 3671/2497/1947
f 1883/2450/1948 3672/2493/1948 2584/2496/1948 539/2451/1948
f 64/379/1949 1168/1712/1949 3672/2493/1949 1883/2450/1949
f 1168/1712/1950 368/1711/1950 2583/2494/1950 3672/2493/1950
f 1339/902/1951 3673/2489/1951 1504/2492/1951 187/903/1951
f 539/2451/1952 2584/2496/1952 3673/2489/1952 1339/902/1952
f 2584/2496/1953 938/2495/1953 2582/2490/1953 3673/2489/1953
f 2579/2482/1954 3674/2485/1954 2581/2488/1954 937/2483/1954
f 512/4219/1955 1856/312/1955 3674/2485/1955 2579/2482/1955
f 1856/312/1956 28/311/1956 1854/2486/1956 3674/2485/1956
f 2047/2498/1957 3675/2481/1957 2580/2484/1957 703/2499/1957
f 160/1147/1958 1312/4220/1958 3675/2481/1958 2047/2498/1958
f 1312/4220/1959 512/4219/1959 2579/2482/1959 3675/2481/1959
f 1503/886/1960 3676/2477/1960 1505/2480/1960 260/887/1960
f 703/2499/1961 2580/2484/1961 3676/2477/1961 1503/886/1961
f 2580/2484/1962 937/2483/1962 2578/2478/1962 3676/2477/1962
f 2575/2470/6 3677/2473/6 2577/2476/6 936/2471/6
f 708/2455/6 2052/900/6 3677/2473/6 2575/2470/6
f 2052/900/1963 261/899/1963 2050/2474/1963 3677/2473/1963
f 1680/185/6 3678/2469/6 2576/2472/6 336/186/6
f 128/184/6 1508/2456/6 3678/2469/6 1680/185/6
f 1508/2456/6 708/2455/6 2575/2470/6 3678/2469/6
f 1136/187/6 3679/2465/6 1196/2468/6 32/188/6
f 336/186/6 2576/2472/6 3679/2465/6 1136/187/6
f 2576/2472/6 936/2471/6 2574/2466/6 3679/2465/6
f 2571/2458/6 3680/2461/6 2573/2464/6 935/2459/6
f 328/2323/6 1672/944/6 3680/2461/6 2571/2458/6
f 1672/944/1964 120/943/1964 2051/2462/1964 3680/2461/1964
f 1824/181/6 3681/2457/6 2572/2460/6 480/182/6
f 16/180/6 1128/2324/6 3681/2457/6 1824/181/6
f 1128/2324/6 328/2323/6 2571/2458/6 3681/2457/6
f 1280/183/6 3682/2453/6 1508/2456/6 128/184/6
f 480/182/6 2572/2460/6 3682/2453/6 1280/183/6
f 2572/2460/6 935/2459/6 2570/2454/6 3682/2453/6
f 2567/2446/1965 3683/2449/1965 2569/2452/1965 934/2447/1965
f 472/4015/1966 1816/380/1966 3683/2449/1966 2567/2446/1966
f 1816/380/1967 64/379/1967 1883/2450/1967 3683/2449/1967
f 2051/2462/1968 3684/2445/1968 2568/2448/1968 707/2463/1968
f 120/943/1969 1272/4016/1969 3684/2445/1969 2051/2462/1969
f 1272/4016/1970 472/4015/1970 2567/2446/1970 3684/2445/1970
f 1507/898/1971 3685/2441/1971 1509/2444/1971 261/899/1971
f 707/2463/1972 2568/2448/1972 3685/2441/1972 1507/898/1972
f 2568/2448/1973 934/2447/1973 2566/2442/1973 3685/2441/1973
f 2563/2434/6 3686/2437/6 2565/2440/6 933/2435/6
f 712/2419/6 2056/912/6 3686/2437/6 2563/2434/6
f 2056/912/6 262/911/6 2054/2438/6 3686/2437/6
f 1640/193/6 3687/2433/6 2564/2436/6 296/194/6
f 88/192/6 1512/2420/6 3687/2433/6 1640/193/6
f 1512/2420/6 712/2419/6 2563/2434/6 3687/2433/6
f 1096/195/6 3688/2429/6 1841/2432/6 6/196/6
f 296/194/6 2564/2436/6 3688/2429/6 1096/195/6
f 2564/2436/6 933/2435/6 2562/2430/6 3688/2429/6
f 2559/2422/6 3689/2425/6 2561/2428/6 932/2423/6
f 396/2467/6 1740/896/6 3689/2425/6 2559/2422/6
f 1740/896/6 188/895/6 2055/2426/6 3689/2425/6
f 1784/189/6 3690/2421/6 2560/2424/6 440/190/6
f 32/188/6 1196/2468/6 3690/2421/6 1784/189/6
f 1196/2468/6 396/2467/6 2559/2422/6 3690/2421/6
f 1240/191/6 3691/2417/6 1512/2420/6 88/192/6
f 440/190/6 2560/2424/6 3691/2417/6 1240/191/6
f 2560/2424/6 932/2423/6 2558/2418/6 3691/2417/6
f 2555/2410/1974 3692/2413/1974 2557/2416/1974 931/2411/1974
f 540/3967/1975 1884/396/1975 3692/2413/1975 2555/2410/1975
f 1884/396/1976 75/395/1976 1882/2414/1976 3692/2413/1976
f 2055/2426/6 3693/2409/6 2556/2412/6 711/2427/6
f 188/895/1977 1340/3968/1977 3693/2409/1977 2055/2426/1977
f 1340/3968/1978 540/3967/1978 2555/2410/1978 3693/2409/1978
f 1511/910/6 3694/2405/6 1513/2408/6 262/911/6
f 711/2427/6 2556/2412/6 3694/2405/6 1511/910/6
f 2556/2412/1979 931/2411/1979 2554/2406/1979 3694/2405/1979
f 2551/2398/6 3695/2401/6 2553/2404/6 930/2399/6
f 716/2383/1980 2060/924/1980 3695/2401/1980 2551/2398/1980
f 2060/924/1981 263/923/1981 2058/2402/1981 3695/2401/1981
f 1735/4010/70 3696/2397/70 2552/2400/70 391/4011/70
f 183/939/1982 1516/2384/1982 3696/2397/1982 1735/4010/1982
f 1516/2384/1983 716/2383/1983 2551/2398/1983 3696/2397/1983
f 1191/382/1984 3697/2393/1984 1193/2396/1984 74/383/1984
f 391/4011/6 2552/2400/6 3697/2393/6 1191/382/6
f 2552/2400/1985 930/2399/1985 2550/2394/1985 3697/2393/1985
f 2547/2386/1986 3698/2389/1986 2549/2392/1986 929/2387/1986
f 344/1567/1987 1688/1196/1987 3698/2389/1987 2547/2386/1987
f 1688/1196/1988 136/1195/1988 2059/2390/1988 3698/2389/1988
f 1879/2342/1989 3699/2385/1989 2548/2388/1989 535/2343/1989
f 40/427/1990 1144/1568/1990 3699/2385/1990 1879/2342/1990
f 1144/1568/1991 344/1567/1991 2547/2386/1991 3699/2385/1991
f 1335/938/1992 3700/2381/1992 1516/2384/1992 183/939/1992
f 535/2343/1993 2548/2388/1993 3700/2381/1993 1335/938/1993
f 2548/2388/1994 929/2387/1994 2546/2382/1994 3700/2381/1994
f 2543/2374/1995 3701/2377/1995 2545/2380/1995 928/2375/1995
f 488/4267/1996 1832/296/1996 3701/2377/1996 2543/2374/1996
f 1832/296/6 24/295/6 1855/2378/6 3701/2377/6
f 2059/2390/1997 3702/2373/1997 2544/2376/1997 715/2391/1997
f 136/1195/1998 1288/4268/1998 3702/2373/1998 2059/2390/1998
f 1288/4268/1999 488/4267/1999 2543/2374/1999 3702/2373/1999
f 1515/922/2000 3703/2369/2000 1517/2372/2000 263/923/2000
f 715/2391/2001 2544/2376/2001 3703/2369/2001 1515/922/2001
f 2544/2376/2002 928/2375/2002 2542/2370/2002 3703/2369/2002
f 2539/2362/6 3704/2365/6 2541/2368/6 927/2363/6
f 720/2347/6 2064/936/6 3704/2365/6 2539/2362/6
f 2064/936/2003 264/935/2003 2062/2366/2003 3704/2365/2003
f 1692/169/6 3705/2361/6 2540/2364/6 348/170/6
f 140/168/6 1520/2348/6 3705/2361/6 1692/169/6
f 1520/2348/6 720/2347/6 2539/2362/6 3705/2361/6
f 1148/171/6 3706/2357/6 1192/2360/6 44/172/6
f 348/170/6 2540/2364/6 3706/2357/6 1148/171/6
f 2540/2364/6 927/2363/6 2538/2358/6 3706/2357/6
f 2535/2350/2004 3707/2353/2004 2537/2356/2004 926/2351/2004
f 304/2755/2005 1648/800/2005 3707/2353/2005 2535/2350/2005
f 1648/800/2006 96/799/2006 2063/2354/2006 3707/2353/2006
f 1836/165/6 3708/2349/6 2536/2352/6 492/166/6
f 11/164/2007 1104/2756/2007 3708/2349/2007 1836/165/2007
f 1104/2756/2008 304/2755/2008 2535/2350/2008 3708/2349/2008
f 1292/167/6 3709/2345/6 1520/2348/6 140/168/6
f 492/166/6 2536/2352/6 3709/2345/6 1292/167/6
f 2536/2352/2009 926/2351/2009 2534/2346/2009 3709/2345/2009
f 2531/2338/2010 3710/2341/2010 2533/2344/2010 925/2339/2010
f 448/3871/2011 1792/428/2011 3710/2341/2011 2531/2338/2011
f 1792/428/2012 40/427/2012 1879/2342/2012 3710/2341/2012
f 2063/2354/2013 3711/2337/2013 2532/2340/2013 719/2355/2013
f 96/799/2014 1248/3872/2014 3711/2337/2014 2063/2354/2014
f 1248/3872/2015 448/3871/2015 2531/2338/2015 3711/2337/2015
f 1519/934/2016 3712/2333/2016 1521/2336/2016 264/935/2016
f 719/2355/2017 2532/2340/2017 3712/2333/2017 1519/934/2017
f 2532/2340/2018 925/2339/2018 2530/2334/2018 3712/2333/2018
f 2527/2326/6 3713/2329/6 2529/2332/6 924/2327/6
f 724/2311/6 2068/948/6 3713/2329/6 2527/2326/6
f 2068/948/6 265/947/6 2066/2330/6 3713/2329/6
f 1652/177/6 3714/2325/6 2528/2328/6 308/178/6
f 100/176/6 1524/2312/6 3714/2325/6 1652/177/6
f 1524/2312/6 724/2311/6 2527/2326/6 3714/2325/6
f 1108/179/6 3715/2321/6 1128/2324/6 16/180/6
f 308/178/6 2528/2328/6 3715/2321/6 1108/179/6
f 2528/2328/6 924/2327/6 2526/2322/6 3715/2321/6
f 2523/2314/6 3716/2317/6 2525/2320/6 923/2315/6
f 392/2359/6 1736/932/6 3716/2317/6 2523/2314/6
f 1736/932/6 184/931/6 2067/2318/6 3716/2317/6
f 1796/173/6 3717/2313/6 2524/2316/6 452/174/6
f 44/172/6 1192/2360/6 3717/2313/6 1796/173/6
f 1192/2360/6 392/2359/6 2523/2314/6 3717/2313/6
f 1252/175/6 3718/2309/6 1524/2312/6 100/176/6
f 452/174/6 2524/2316/6 3718/2309/6 1252/175/6
f 2524/2316/6 923/2315/6 2522/2310/6 3718/2309/6
f 2519/2302/2019 3719/2305/2019 2521/2308/2019 922/2303/2019
f 536/4003/6 1880/384/6 3719/2305/6 2519/2302/6
f 1880/384/2020 74/383/2020 1878/2306/2020 3719/2305/2020
f 2067/2318/6 3720/2301/6 2520/2304/6 723/2319/6
f 184/931/6 1336/4004/6 3720/2301/6 2067/2318/6
f 1336/4004/6 536/4003/6 2519/2302/6 3720/2301/6
f 1523/946/2021 3721/2297/2021 1525/2300/2021 265/947/2021
f 723/2319/6 2520/2304/6 3721/2297/6 1523/946/6
f 2520/2304/2022 922/2303/2022 2518/2298/2022 3721/2297/2022
f 2515/2290/2023 3722/2293/2023 2517/2296/2023 921/2291/2023
f 728/2275/2024 2072/960/2024 3722/2293/2024 2515/2290/2024
f 2072/960/2025 266/959/2025 2070/2294/2025 3722/2293/2025
f 1731/4046/2026 3723/2289/2026 2516/2292/2026 387/4047/2026
f 179/975/2027 1528/2276/2027 3723/2289/2027 1731/4046/2027
f 1528/2276/2028 728/2275/2028 2515/2290/2028 3723/2289/2028
f 1187/370/2029 3724/2285/2029 1189/2288/2029 73/371/2029
f 387/4047/2030 2516/2292/2030 3724/2285/2030 1187/370/2030
f 2516/2292/2031 921/2291/2031 2514/2286/2031 3724/2285/2031
f 2511/2278/2032 3725/2281/2032 2513/2284/2032 920/2279/2032
f 356/1387/2033 1700/1256/2033 3725/2281/2033 2511/2278/2033
f 1700/1256/2034 148/1255/2034 2071/2282/2034 3725/2281/2034
f 1875/2234/2035 3726/2277/2035 2512/2280/2035 531/2235/2035
f 52/487/2036 1156/1388/2036 3726/2277/2036 1875/2234/2036
f 1156/1388/2037 356/1387/2037 2511/2278/2037 3726/2277/2037
f 1331/974/2038 3727/2273/2038 1528/2276/2038 179/975/2038
f 531/2235/2039 2512/2280/2039 3727/2273/2039 1331/974/2039
f 2512/2280/2040 920/2279/2040 2510/2274/2040 3727/2273/2040
f 2507/2266/2041 3728/2269/2041 2509/2272/2041 919/2267/2041
f 500/4327/2042 1844/276/2042 3728/2269/2042 2507/2266/2042
f 1844/276/2043 13/275/2043 1842/2270/2043 3728/2269/2043
f 2071/2282/2044 3729/2265/2044 2508/2268/2044 727/2283/2044
f 148/1255/2045 1300/4328/2045 3729/2265/2045 2071/2282/2045
f 1300/4328/2046 500/4327/2046 2507/2266/2046 3729/2265/2046
f 1527/958/2047 3730/2261/2047 1529/2264/2047 266/959/2047
f 727/2283/2048 2508/2268/2048 3730/2261/2048 1527/958/2048
f 2508/2268/2049 919/2267/2049 2506/2262/2049 3730/2261/2049
f 2503/2254/2050 3731/2257/2050 2505/2260/2050 918/2255/2050
f 732/2239/6 2076/972/6 3731/2257/6 2503/2254/6
f 2076/972/6 267/971/6 2074/2258/6 3731/2257/6
f 1711/3998/2051 3732/2253/2051 2504/2256/2051 367/3999/2051
f 159/927/6 1532/2240/6 3732/2253/6 1711/3998/6
f 1532/2240/6 732/2239/6 2503/2254/6 3732/2253/6
f 1167/386/2052 3733/2249/2052 1188/2252/2052 63/387/2052
f 367/3999/2053 2504/2256/2053 3733/2249/2053 1167/386/2053
f 2504/2256/2054 918/2255/2054 2502/2250/2054 3733/2249/2054
f 2499/2242/6 3734/2245/6 2501/2248/6 917/2243/6
f 316/3295/6 1660/620/6 3734/2245/6 2499/2242/6
f 1660/620/6 108/619/6 2075/2246/6 3734/2245/6
f 1855/2378/6 3735/2241/6 2500/2244/6 511/2379/6
f 24/295/6 1116/3296/6 3735/2241/6 1855/2378/6
f 1116/3296/6 316/3295/6 2499/2242/6 3735/2241/6
f 1311/926/6 3736/2237/6 1532/2240/6 159/927/6
f 511/2379/6 2500/2244/6 3736/2237/6 1311/926/6
f 2500/2244/6 917/2243/6 2498/2238/6 3736/2237/6
f 2495/2230/2055 3737/2233/2055 2497/2236/2055 916/2231/2055
f 460/3691/2056 1804/488/2056 3737/2233/2056 2495/2230/2056
f 1804/488/2057 52/487/2057 1875/2234/2057 3737/2233/2057
f 2075/2246/2058 3738/2229/2058 2496/2232/2058 731/2247/2058
f 108/619/2059 1260/3692/2059 3738/2229/2059 2075/2246/2059
f 1260/3692/2060 460/3691/2060 2495/2230/2060 3738/2229/2060
f 1531/970/2061 3739/2225/2061 1533/2228/2061 267/971/2061
f 731/2247/2062 2496/2232/2062 3739/2225/2062 1531/970/2062
f 2496/2232/2063 916/2231/2063 2494/2226/2063 3739/2225/2063
f 2491/2218/2064 3740/2221/2064 2493/2224/2064 915/2219/2064
f 736/2203/2065 2080/984/2065 3740/2221/2065 2491/2218/2065
f 2080/984/2066 268/983/2066 2078/2222/2066 3740/2221/2066
f 1671/4226/2067 3741/2217/2067 2492/2220/2067 327/4227/2067
f 119/1155/2068 1536/2204/2068 3741/2217/2068 1671/4226/2068
f 1536/2204/2069 736/2203/2069 2491/2218/2069 3741/2217/2069
f 1127/310/2070 3742/2213/2070 1129/2216/2070 28/311/2070
f 327/4227/2071 2492/2220/2071 3742/2213/2071 1127/310/2071
f 2492/2220/2072 915/2219/2072 2490/2214/2072 3742/2213/2072
f 2487/2206/2073 3743/2209/2073 2489/2212/2073 914/2207/2073
f 388/2251/2074 1732/968/2074 3743/2209/2074 2487/2206/2074
f 1732/968/2075 180/967/2075 2079/2210/2075 3743/2209/2075
f 1815/1694/2076 3744/2205/2076 2488/2208/2076 471/1695/2076
f 63/387/2077 1188/2252/2077 3744/2205/2077 1815/1694/2077
f 1188/2252/2078 388/2251/2078 2487/2206/2078 3744/2205/2078
f 1271/1154/2079 3745/2201/2079 1536/2204/2079 119/1155/2079
f 471/1695/2080 2488/2208/2080 3745/2201/2080 1271/1154/2080
f 2488/2208/2081 914/2207/2081 2486/2202/2081 3745/2201/2081
f 2483/2194/2082 3746/2197/2082 2485/2200/2082 913/2195/2082
f 532/4039/2083 1876/372/2083 3746/2197/2083 2483/2194/2083
f 1876/372/2084 73/371/2084 1874/2198/2084 3746/2197/2084
f 2079/2210/2085 3747/2193/2085 2484/2196/2085 735/2211/2085
f 180/967/2086 1332/4040/2086 3747/2193/2086 2079/2210/2086
f 1332/4040/2087 532/4039/2087 2483/2194/2087 3747/2193/2087
f 1535/982/2088 3748/2189/2088 1537/2192/2088 268/983/2088
f 735/2211/2089 2484/2196/2089 3748/2189/2089 1535/982/2089
f 2484/2196/2090 913/2195/2090 2482/2190/2090 3748/2189/2090
f 2479/2182/2091 3749/2185/2091 2481/2188/2091 912/2183/2091
f 740/2167/2092 2084/996/2092 3749/2185/2092 2479/2182/2092
f 2084/996/2093 269/995/2093 2082/2186/2093 3749/2185/2093
f 1727/4082/2094 3750/2181/2094 2480/2184/2094 383/4083/2094
f 175/1011/2095 1540/2168/2095 3750/2181/2095 1727/4082/2095
f 1540/2168/2096 740/2167/2096 2479/2182/2096 3750/2181/2096
f 1183/358/2097 3751/2177/2097 1185/2180/2097 72/359/2097
f 383/4083/2098 2480/2184/2098 3751/2177/2098 1183/358/2098
f 2480/2184/2099 912/2183/2099 2478/2178/2099 3751/2177/2099
f 2475/2170/2100 3752/2173/2100 2477/2176/2100 911/2171/2100
f 372/1819/2101 1716/1112/2101 3752/2173/2101 2475/2170/2101
f 1716/1112/2102 164/1111/2102 2083/2174/2102 3752/2173/2102
f 1871/2126/2103 3753/2169/2103 2476/2172/2103 527/2127/2103
f 68/343/2104 1172/1820/2104 3753/2169/2104 1871/2126/2104
f 1172/1820/2105 372/1819/2105 2475/2170/2105 3753/2169/2105
f 1327/1010/2106 3754/2165/2106 1540/2168/2106 175/1011/2106
f 527/2127/2107 2476/2172/2107 3754/2165/2107 1327/1010/2107
f 2476/2172/2108 911/2171/2108 2474/2166/2108 3754/2165/2108
f 2471/2158/2109 3755/2161/2109 2473/2164/2109 910/2159/2109
f 516/4183/2110 1860/324/2110 3755/2161/2110 2471/2158/2110
f 1860/324/2111 29/323/2111 1858/2162/2111 3755/2161/2111
f 2083/2174/2112 3756/2157/2112 2472/2160/2112 739/2175/2112
f 164/1111/2113 1316/4184/2113 3756/2157/2113 2083/2174/2113
f 1316/4184/2114 516/4183/2114 2471/2158/2114 3756/2157/2114
f 1539/994/2115 3757/2153/2115 1541/2156/2115 269/995/2115
f 739/2175/2116 2472/2160/2116 3757/2153/2116 1539/994/2116
f 2472/2160/2117 910/2159/2117 2470/2154/2117 3757/2153/2117
f 2467/2146/2118 3758/2149/2118 2469/2152/2118 909/2147/2118
f 744/2131/2119 2088/1008/2119 3758/2149/2119 2467/2146/2119
f 2088/1008/2120 270/1007/2120 2086/2150/2120 3758/2149/2120
f 1686/3638/2121 3759/2145/2121 2468/2148/2121 342/3639/2121
f 134/567/2122 1544/2132/2122 3759/2145/2122 1686/3638/2122
f 1544/2132/2123 744/2131/2123 2467/2146/2123 3759/2145/2123
f 1142/506/2124 3760/2141/2124 1184/2144/2124 38/507/2124
f 342/3639/2125 2468/2148/2125 3760/2141/2125 1142/506/2125
f 2468/2148/2126 909/2147/2126 2466/2142/2126 3760/2141/2126
f 2463/2134/2127 3761/2137/2127 2465/2140/2127 908/2135/2127
f 332/1999/2128 1676/1052/2128 3761/2137/2128 2463/2134/2128
f 1676/1052/2129 124/1051/2129 2087/2138/2129 3761/2137/2129
f 1830/3458/2130 3762/2133/2130 2464/2136/2130 486/3459/2130
f 22/315/2131 1132/2000/2131 3762/2133/2131 1830/3458/2131
f 1132/2000/2132 332/1999/2132 2463/2134/2132 3762/2133/2132
f 1286/566/2133 3763/2129/2133 1544/2132/2133 134/567/2133
f 486/3459/2134 2464/2136/2134 3763/2129/2134 1286/566/2134
f 2464/2136/2135 908/2135/2135 2462/2130/2135 3763/2129/2135
f 2459/2122/2136 3764/2125/2136 2461/2128/2136 907/2123/2136
f 476/4123/2137 1820/344/2137 3764/2125/2137 2459/2122/2137
f 1820/344/2138 68/343/2138 1871/2126/2138 3764/2125/2138
f 2087/2138/2139 3765/2121/2139 2460/2124/2139 743/2139/2139
f 124/1051/2140 1276/4124/2140 3765/2121/2140 2087/2138/2140
f 1276/4124/2141 476/4123/2141 2459/2122/2141 3765/2121/2141
f 1543/1006/2142 3766/2117/2142 1545/2120/2142 270/1007/2142
f 743/2139/2143 2460/2124/2143 3766/2117/2143 1543/1006/2143
f 2460/2124/2144 907/2123/2144 2458/2118/2144 3766/2117/2144
f 2455/2110/2145 3767/2113/2145 2457/2116/2145 906/2111/2145
f 748/2095/2146 2092/1020/2146 3767/2113/2146 2455/2110/2146
f 2092/1020/2147 271/1019/2147 2090/2114/2147 3767/2113/2147
f 1646/4346/2148 3768/2109/2148 2456/2112/2148 302/4347/2148
f 94/1275/2149 1548/2096/2149 3768/2109/2149 1646/4346/2149
f 1548/2096/2150 748/2095/2150 2455/2110/2150 3768/2109/2150
f 1102/270/2151 3769/2105/2151 1837/2108/2151 12/271/2151
f 302/4347/2152 2456/2112/2152 3769/2105/2152 1102/270/2152
f 2456/2112/2153 906/2111/2153 2454/2106/2153 3769/2105/2153
f 2451/2098/2154 3770/2101/2154 2453/2104/2154 905/2099/2154
f 384/2143/2155 1728/1004/2155 3770/2101/2155 2451/2098/2155
f 1728/1004/2156 176/1003/2156 2091/2102/2156 3770/2101/2156
f 1790/1334/2157 3771/2097/2157 2452/2100/2157 446/1335/2157
f 38/507/2158 1184/2144/2158 3771/2097/2158 1790/1334/2158
f 1184/2144/2159 384/2143/2159 2451/2098/2159 3771/2097/2159
f 1246/1274/2160 3772/2093/2160 1548/2096/2160 94/1275/2160
f 446/1335/2161 2452/2100/2161 3772/2093/2161 1246/1274/2161
f 2452/2100/2162 905/2099/2162 2450/2094/2162 3772/2093/2162
f 2447/2086/2163 3773/2089/2163 2449/2092/2163 904/2087/2163
f 528/4075/2164 1872/360/2164 3773/2089/2164 2447/2086/2164
f 1872/360/2165 72/359/2165 1870/2090/2165 3773/2089/2165
f 2091/2102/2166 3774/2085/2166 2448/2088/2166 747/2103/2166
f 176/1003/2167 1328/4076/2167 3774/2085/2167 2091/2102/2167
f 1328/4076/2168 528/4075/2168 2447/2086/2168 3774/2085/2168
f 1547/1018/2169 3775/2081/2169 1549/2084/2169 271/1019/2169
f 747/2103/2170 2448/2088/2170 3775/2081/2170 1547/1018/2170
f 2448/2088/2171 904/2087/2171 2446/2082/2171 3775/2081/2171
f 2443/2074/2172 3776/2077/2172 2445/2080/2172 903/2075/2172
f 752/2059/2173 2096/1032/2173 3776/2077/2173 2443/2074/2173
f 2096/1032/2174 272/1031/2174 2094/2078/2174 3776/2077/2174
f 1723/4118/2175 3777/2073/2175 2444/2076/2175 379/4119/2175
f 171/1047/2176 1552/2060/2176 3777/2073/2176 1723/4118/2176
f 1552/2060/2177 752/2059/2177 2443/2074/2177 3777/2073/2177
f 1179/346/2178 3778/2069/2178 1181/2072/2178 71/347/2178
f 379/4119/2179 2444/2076/2179 3778/2069/2179 1179/346/2179
f 2444/2076/2180 903/2075/2180 2442/2070/2180 3778/2069/2180
f 2439/2062/2181 3779/2065/2181 2441/2068/2181 902/2063/2181
f 345/1459/2182 1689/1232/2182 3779/2065/2182 2439/2062/2182
f 1689/1232/2183 137/1231/2183 2095/2066/2183 3779/2065/2183
f 1867/2018/2184 3780/2061/2184 2440/2064/2184 523/2019/2184
f 41/463/2185 1145/1460/2185 3780/2061/2185 1867/2018/2185
f 1145/1460/2186 345/1459/2186 2439/2062/2186 3780/2061/2186
f 1323/1046/2187 3781/2057/2187 1552/2060/2187 171/1047/2187
f 523/2019/2188 2440/2064/2188 3781/2057/2188 1323/1046/2188
f 2440/2064/2189 902/2063/2189 2438/2058/2189 3781/2057/2189
f 2435/2050/2190 3782/2053/2190 2437/2056/2190 901/2051/2190
f 489/4303/2191 1833/284/2191 3782/2053/2191 2435/2050/2191
f 1833/284/2192 25/283/2192 1859/2054/2192 3782/2053/2192
f 2095/2066/2193 3783/2049/2193 2436/2052/2193 751/2067/2193
f 137/1231/2194 1289/4304/2194 3783/2049/2194 2095/2066/2194
f 1289/4304/2195 489/4303/2195 2435/2050/2195 3783/2049/2195
f 1551/1030/2196 3784/2045/2196 1553/2048/2196 272/1031/2196
f 751/2067/2197 2436/2052/2197 3784/2045/2197 1551/1030/2197
f 2436/2052/2198 901/2051/2198 2434/2046/2198 3784/2045/2198
f 2431/2038/2199 3785/2041/2199 2433/2044/2199 900/2039/2199
f 756/2023/2200 2100/1044/2200 3785/2041/2200 2431/2038/2200
f 2100/1044/2201 273/1043/2201 2098/2042/2201 3785/2041/2201
f 1698/4034/2202 3786/2037/2202 2432/2040/2202 354/4035/2202
f 146/963/2203 1556/2024/2203 3786/2037/2203 1698/4034/2203
f 1556/2024/2204 756/2023/2204 2431/2038/2204 3786/2037/2204
f 1154/374/2205 3787/2033/2205 1180/2036/2205 50/375/2205
f 354/4035/2206 2432/2040/2206 3787/2033/2206 1154/374/2206
f 2432/2040/2207 900/2039/2207 2430/2034/2207 3787/2033/2207
f 2427/2026/2208 3788/2029/2208 2429/2032/2208 899/2027/2208
f 305/3079/2209 1649/692/2209 3788/2029/2209 2427/2026/2209
f 1649/692/2210 97/691/2210 2099/2030/2210 3788/2029/2210
f 1842/2270/2211 3789/2025/2211 2428/2028/2211 498/2271/2211
f 13/275/2212 1105/3080/2212 3789/2025/2212 1842/2270/2212
f 1105/3080/2213 305/3079/2213 2427/2026/2213 3789/2025/2213
f 1298/962/2214 3790/2021/2214 1556/2024/2214 146/963/2214
f 498/2271/2215 2428/2028/2215 3790/2021/2215 1298/962/2215
f 2428/2028/2216 899/2027/2216 2426/2022/2216 3790/2021/2216
f 2423/2014/2217 3791/2017/2217 2425/2020/2217 898/2015/2217
f 449/3763/2218 1793/464/2218 3791/2017/2218 2423/2014/2218
f 1793/464/2219 41/463/2219 1867/2018/2219 3791/2017/2219
f 2099/2030/2220 3792/2013/2220 2424/2016/2220 755/2031/2220
f 97/691/2221 1249/3764/2221 3792/2013/2221 2099/2030/2221
f 1249/3764/2222 449/3763/2222 2423/2014/2222 3792/2013/2222
f 1555/1042/2223 3793/2009/2223 1557/2012/2223 273/1043/2223
f 755/2031/2224 2424/2016/2224 3793/2009/2224 1555/1042/2224
f 2424/2016/2225 898/2015/2225 2422/2010/2225 3793/2009/2225
f 2419/2002/2226 3794/2005/2226 2421/2008/2226 897/2003/2226
f 760/1987/2227 2104/1056/2227 3794/2005/2227 2419/2002/2227
f 2104/1056/2228 274/1055/2228 2102/2006/2228 3794/2005/2228
f 1658/4214/2229 3795/2001/2229 2420/2004/2229 314/4215/2229
f 106/1143/2230 1560/1988/2230 3795/2001/2230 1658/4214/2230
f 1560/1988/2231 760/1987/2231 2419/2002/2231 3795/2001/2231
f 1114/314/2232 3796/1997/2232 1132/2000/2232 22/315/2232
f 314/4215/2233 2420/2004/2233 3796/1997/2233 1114/314/2233
f 2420/2004/2234 897/2003/2234 2418/1998/2234 3796/1997/2234
f 2415/1990/2235 3797/1993/2235 2417/1996/2235 896/1991/2235
f 380/2035/2236 1724/1040/2236 3797/1993/2236 2415/1990/2236
f 1724/1040/2237 172/1039/2237 2103/1994/2237 3797/1993/2237
f 1802/1730/2238 3798/1989/2238 2416/1992/2238 458/1731/2238
f 50/375/2239 1180/2036/2239 3798/1989/2239 1802/1730/2239
f 1180/2036/2240 380/2035/2240 2415/1990/2240 3798/1989/2240
f 1258/1142/2241 3799/1985/2241 1560/1988/2241 106/1143/2241
f 458/1731/2242 2416/1992/2242 3799/1985/2242 1258/1142/2242
f 2416/1992/2243 896/1991/2243 2414/1986/2243 3799/1985/2243
f 2411/1978/2244 3800/1981/2244 2413/1984/2244 895/1979/2244
f 524/4111/2245 1868/348/2245 3800/1981/2245 2411/1978/2245
f 1868/348/2246 71/347/2246 1866/1982/2246 3800/1981/2246
f 2103/1994/2247 3801/1977/2247 2412/1980/2247 759/1995/2247
f 172/1039/2248 1324/4112/2248 3801/1977/2248 2103/1994/2248
f 1324/4112/2249 524/4111/2249 2411/1978/2249 3801/1977/2249
f 1559/1054/2250 3802/1973/2250 1561/1976/2250 274/1055/2250
f 759/1995/2251 2412/1980/2251 3802/1973/2251 1559/1054/2251
f 2412/1980/2252 895/1979/2252 2410/1974/2252 3802/1973/2252
f 2407/1966/2253 3803/1969/2253 2409/1972/2253 894/1967/2253
f 764/1951/2254 2108/1068/2254 3803/1969/2254 2407/1966/2254
f 2108/1068/2255 275/1067/2255 2106/1970/2255 3803/1969/2255
f 1719/4154/2256 3804/1965/2256 2408/1968/2256 375/4155/2256
f 167/1083/2257 1564/1952/2257 3804/1965/2257 1719/4154/2257
f 1564/1952/2258 764/1951/2258 2407/1966/2258 3804/1965/2258
f 1175/334/2259 3805/1961/2259 1177/1964/2259 70/335/2259
f 375/4155/2260 2408/1968/2260 3805/1961/2260 1175/334/2260
f 2408/1968/2261 894/1967/2261 2406/1962/2261 3805/1961/2261
f 2403/1954/2262 3806/1957/2262 2405/1960/2262 893/1955/2262
f 357/1423/2263 1701/1244/2263 3806/1957/2263 2403/1954/2263
f 1701/1244/2264 149/1243/2264 2107/1958/2264 3806/1957/2264
f 1863/1910/2265 3807/1953/2265 2404/1956/2265 519/1911/2265
f 53/475/2266 1157/1424/2266 3807/1953/2266 1863/1910/2266
f 1157/1424/2267 357/1423/2267 2403/1954/2267 3807/1953/2267
f 1319/1082/2268 3808/1949/2268 1564/1952/2268 167/1083/2268
f 519/1911/2269 2404/1956/2269 3808/1949/2269 1319/1082/2269
f 2404/1956/2270 893/1955/2270 2402/1950/2270 3808/1949/2270
f 2399/1942/2271 3809/1945/2271 2401/1948/2271 892/1943/2271
f 501/4315/2272 1845/280/2272 3809/1945/2272 2399/1942/2272
f 1845/280/2273 9/279/2273 1098/1946/2273 3809/1945/2273
f 2107/1958/2274 3810/1941/2274 2400/1944/2274 763/1959/2274
f 149/1243/2275 1301/4316/2275 3810/1941/2275 2107/1958/2275
f 1301/4316/2276 501/4315/2276 2399/1942/2276 3810/1941/2276
f 1563/1066/2277 3811/1937/2277 1565/1940/2277 275/1067/2277
f 763/1959/2278 2400/1944/2278 3811/1937/2278 1563/1066/2278
f 2400/1944/2279 892/1943/2279 2398/1938/2279 3811/1937/2279
f 2395/1930/2280 3812/1933/2280 2397/1936/2280 891/1931/2280
f 768/1915/2281 2112/1080/2281 3812/1933/2281 2395/1930/2281
f 2112/1080/2282 276/1079/2282 2110/1934/2282 3812/1933/2282
f 1715/4106/2283 3813/1929/2283 2396/1932/2283 371/4107/2283
f 163/1035/2284 1568/1916/2284 3813/1929/2284 1715/4106/2284
f 1568/1916/2285 768/1915/2285 2395/1930/2285 3813/1929/2285
f 1171/350/2286 3814/1925/2286 1176/1928/2286 67/351/2286
f 371/4107/2287 2396/1932/2287 3814/1925/2287 1171/350/2287
f 2396/1932/2288 891/1931/2288 2394/1926/2288 3814/1925/2288
f 2391/1918/2289 3815/1921/2289 2393/1924/2289 890/1919/2289
f 317/3187/2290 1661/656/2290 3815/1921/2290 2391/1918/2290
f 1661/656/2291 109/655/2291 2111/1922/2291 3815/1921/2291
f 1859/2054/2292 3816/1917/2292 2392/1920/2292 515/2055/2292
f 25/283/2293 1117/3188/2293 3816/1917/2293 1859/2054/2293
f 1117/3188/2294 317/3187/2294 2391/1918/2294 3816/1917/2294
f 1315/1034/2295 3817/1913/2295 1568/1916/2295 163/1035/2295
f 515/2055/2296 2392/1920/2296 3817/1913/2296 1315/1034/2296
f 2392/1920/2297 890/1919/2297 2390/1914/2297 3817/1913/2297
f 2387/1906/2298 3818/1909/2298 2389/1912/2298 889/1907/2298
f 461/3727/2299 1805/476/2299 3818/1909/2299 2387/1906/2299
f 1805/476/2300 53/475/2300 1863/1910/2300 3818/1909/2300
f 2111/1922/2301 3819/1905/2301 2388/1908/2301 767/1923/2301
f 109/655/2302 1261/3728/2302 3819/1905/2302 2111/1922/2302
f 1261/3728/2303 461/3727/2303 2387/1906/2303 3819/1905/2303
f 1567/1078/2304 3820/1901/2304 1569/1904/2304 276/1079/2304
f 767/1923/2305 2388/1908/2305 3820/1901/2305 1567/1078/2305
f 2388/1908/2306 889/1907/2306 2386/1902/2306 3820/1901/2306
f 2383/1894/2307 3821/1897/2307 2385/1900/2307 888/1895/2307
f 772/1879/2308 2116/1092/2308 3821/1897/2308 2383/1894/2308
f 2116/1092/2309 277/1091/2309 2114/1898/2309 3821/1897/2309
f 1675/4190/2310 3822/1893/2310 2384/1896/2310 331/4191/2310
f 123/1119/2311 1572/1880/2311 3822/1893/2311 1675/4190/2311
f 1572/1880/2312 772/1879/2312 2383/1894/2312 3822/1893/2312
f 1131/322/2313 3823/1889/2313 1133/1892/2313 29/323/2313
f 331/4191/2314 2384/1896/2314 3823/1889/2314 1131/322/2314
f 2384/1896/2315 888/1895/2315 2382/1890/2315 3823/1889/2315
f 2379/1882/2316 3824/1885/2316 2381/1888/2316 887/1883/2316
f 376/1927/2317 1720/1076/2317 3824/1885/2317 2379/1882/2317
f 1720/1076/2318 168/1075/2318 2115/1886/2318 3824/1885/2318
f 1819/1802/2319 3825/1881/2319 2380/1884/2319 475/1803/2319
f 67/351/2320 1176/1928/2320 3825/1881/2320 1819/1802/2320
f 1176/1928/2321 376/1927/2321 2379/1882/2321 3825/1881/2321
f 1275/1118/2322 3826/1877/2322 1572/1880/2322 123/1119/2322
f 475/1803/2323 2380/1884/2323 3826/1877/2323 1275/1118/2323
f 2380/1884/2324 887/1883/2324 2378/1878/2324 3826/1877/2324
f 2375/1870/2325 3827/1873/2325 2377/1876/2325 886/1871/2325
f 520/4147/2326 1864/336/2326 3827/1873/2326 2375/1870/2326
f 1864/336/2327 70/335/2327 1862/1874/2327 3827/1873/2327
f 2115/1886/2328 3828/1869/2328 2376/1872/2328 771/1887/2328
f 168/1075/2329 1320/4148/2329 3828/1869/2329 2115/1886/2329
f 1320/4148/2330 520/4147/2330 2375/1870/2330 3828/1869/2330
f 1571/1090/2331 3829/1865/2331 1573/1868/2331 277/1091/2331
f 771/1887/2332 2376/1872/2332 3829/1865/2332 1571/1090/2332
f 2376/1872/2333 886/1871/2333 2374/1866/2333 3829/1865/2333
f 2371/1858/2334 3830/1861/2334 2373/1864/2334 885/1859/2334
f 776/1843/2335 2120/1104/2335 3830/1861/2335 2371/1858/2335
f 2120/1104/2336 278/1103/2336 2118/1862/2336 3830/1861/2336
f 1718/4166/2337 3831/1857/2337 2372/1860/2337 374/4167/2337
f 166/1095/2338 1576/1844/2338 3831/1857/2338 1718/4166/2338
f 1576/1844/2339 776/1843/2339 2371/1858/2339 3831/1857/2339
f 1174/330/2340 3832/1853/2340 1173/1856/2340 69/331/2340
f 374/4167/2341 2372/1860/2341 3832/1853/2341 1174/330/2341
f 2372/1860/2342 885/1859/2342 2370/1854/2342 3832/1853/2342
f 2367/1846/2343 3833/1849/2343 2369/1852/2343 884/1847/2343
f 377/1963/2344 1721/1064/2344 3833/1849/2344 2367/1846/2344
f 1721/1064/2345 169/1063/2345 2119/1850/2345 3833/1849/2345
f 1862/1874/2346 3834/1845/2346 2368/1848/2346 518/1875/2346
f 70/335/2347 1177/1964/2347 3834/1845/2347 1862/1874/2347
f 1177/1964/2348 377/1963/2348 2367/1846/2348 3834/1845/2348
f 1318/1094/2349 3835/1841/2349 1576/1844/2349 166/1095/2349
f 518/1875/2350 2368/1848/2350 3835/1841/2350 1318/1094/2350
f 2368/1848/2351 884/1847/2351 2366/1842/2351 3835/1841/2351
f 2363/1834/2352 3836/1837/2352 2365/1840/2352 883/1835/2352
f 521/4135/2353 1865/340/2353 3836/1837/2353 2363/1834/2353
f 1865/340/2354 34/339/2354 1138/1838/2354 3836/1837/2354
f 2119/1850/2355 3837/1833/2355 2364/1836/2355 775/1851/2355
f 169/1063/2356 1321/4136/2356 3837/1833/2356 2119/1850/2356
f 1321/4136/2357 521/4135/2357 2363/1834/2357 3837/1833/2357
f 1575/1102/2358 3838/1829/2358 1577/1832/2358 278/1103/2358
f 775/1851/2359 2364/1836/2359 3838/1829/2359 1575/1102/2359
f 2364/1836/2360 883/1835/2360 2362/1830/2360 3838/1829/2360
f 2359/1822/2361 3839/1825/2361 2361/1828/2361 882/1823/2361
f 780/1807/2362 2124/1116/2362 3839/1825/2362 2359/1822/2362
f 2124/1116/2363 279/1115/2363 2122/1826/2363 3839/1825/2363
f 1722/4130/2364 3840/1821/2364 2360/1824/2364 378/4131/2364
f 170/1059/2365 1580/1808/2365 3840/1821/2365 1722/4130/2365
f 1580/1808/2366 780/1807/2366 2359/1822/2366 3840/1821/2366
f 1178/342/2367 3841/1817/2367 1172/1820/2367 68/343/2367
f 378/4131/2368 2360/1824/2368 3841/1817/2368 1178/342/2368
f 2360/1824/2369 882/1823/2369 2358/1818/2369 3841/1817/2369
f 2355/1810/2370 3842/1813/2370 2357/1816/2370 881/1811/2370
f 381/2071/2371 1725/1028/2371 3842/1813/2371 2355/1810/2371
f 1725/1028/2372 173/1027/2372 2123/1814/2372 3842/1813/2372
f 1866/1982/2373 3843/1809/2373 2356/1812/2373 522/1983/2373
f 71/347/2374 1181/2072/2374 3843/1809/2374 1866/1982/2374
f 1181/2072/2375 381/2071/2375 2355/1810/2375 3843/1809/2375
f 1322/1058/2376 3844/1805/2376 1580/1808/2376 170/1059/2376
f 522/1983/2377 2356/1812/2377 3844/1805/2377 1322/1058/2377
f 2356/1812/2378 881/1811/2378 2354/1806/2378 3844/1805/2378
f 2351/1798/2379 3845/1801/2379 2353/1804/2379 880/1799/2379
f 525/4099/2380 1869/352/2380 3845/1801/2380 2351/1798/2380
f 1869/352/2381 67/351/2381 1819/1802/2381 3845/1801/2381
f 2123/1814/2382 3846/1797/2382 2352/1800/2382 779/1815/2382
f 173/1027/2383 1325/4100/2383 3846/1797/2383 2123/1814/2383
f 1325/4100/2384 525/4099/2384 2351/1798/2384 3846/1797/2384
f 1579/1114/2385 3847/1793/2385 1581/1796/2385 279/1115/2385
f 779/1815/2386 2352/1800/2386 3847/1793/2386 1579/1114/2386
f 2352/1800/2387 880/1799/2387 2350/1794/2387 3847/1793/2387
f 2347/1786/2388 3848/1789/2388 2349/1792/2388 879/1787/2388
f 784/1771/2389 2128/1128/2389 3848/1789/2389 2347/1786/2389
f 2128/1128/2390 280/1127/2390 2126/1790/2390 3848/1789/2390
f 1726/4094/2391 3849/1785/2391 2348/1788/2391 382/4095/2391
f 174/1023/2392 1584/1772/2392 3849/1785/2392 1726/4094/2392
f 1584/1772/2393 784/1771/2393 2347/1786/2393 3849/1785/2393
f 1182/354/6 3850/1781/6 1797/1784/6 45/355/6
f 382/4095/6 2348/1788/6 3850/1781/6 1182/354/6
f 2348/1788/6 879/1787/6 2346/1782/6 3850/1781/6
f 2343/1774/2394 3851/1777/2394 2345/1780/2394 878/1775/2394
f 385/2179/2395 1729/992/2395 3851/1777/2395 2343/1774/2395
f 1729/992/2396 177/991/2396 2127/1778/2396 3851/1777/2396
f 1870/2090/2397 3852/1773/2397 2344/1776/2397 526/2091/2397
f 72/359/2398 1185/2180/2398 3852/1773/2398 1870/2090/2398
f 1185/2180/2399 385/2179/2399 2343/1774/2399 3852/1773/2399
f 1326/1022/2400 3853/1769/2400 1584/1772/2400 174/1023/2400
f 526/2091/2401 2344/1776/2401 3853/1769/2401 1326/1022/2401
f 2344/1776/2402 878/1775/2402 2342/1770/2402 3853/1769/2402
f 2339/1762/2403 3854/1765/2403 2341/1768/2403 877/1763/2403
f 529/4063/2404 1873/364/2404 3854/1765/2404 2339/1762/2404
f 1873/364/2405 66/363/2405 1818/1766/2405 3854/1765/2405
f 2127/1778/2406 3855/1761/2406 2340/1764/2406 783/1779/2406
f 177/991/2407 1329/4064/2407 3855/1761/2407 2127/1778/2407
f 1329/4064/2408 529/4063/2408 2339/1762/2408 3855/1761/2408
f 1583/1126/2409 3856/1757/2409 1585/1760/2409 280/1127/2409
f 783/1779/2410 2340/1764/2410 3856/1757/2410 1583/1126/2410
f 2340/1764/2411 877/1763/2411 2338/1758/2411 3856/1757/2411
f 2335/1750/2412 3857/1753/2412 2337/1756/2412 876/1751/2412
f 788/1735/2413 2132/1140/2413 3857/1753/2413 2335/1750/2413
f 2132/1140/2414 281/1139/2414 2130/1754/2414 3857/1753/2414
f 1730/4058/2415 3858/1749/2415 2336/1752/2415 386/4059/2415
f 178/987/2416 1588/1736/2416 3858/1749/2416 1730/4058/2416
f 1588/1736/2417 788/1735/2417 2335/1750/2417 3858/1749/2417
f 1186/366/2418 3859/1745/2418 1169/1748/2418 65/367/2418
f 386/4059/2419 2336/1752/2419 3859/1745/2419 1186/366/2419
f 2336/1752/2420 876/1751/2420 2334/1746/2420 3859/1745/2420
f 2331/1738/2421 3860/1741/2421 2333/1744/2421 875/1739/2421
f 389/2287/2422 1733/956/2422 3860/1741/2422 2331/1738/2422
f 1733/956/2423 181/955/2423 2131/1742/2423 3860/1741/2423
f 1874/2198/2424 3861/1737/2424 2332/1740/2424 530/2199/2424
f 73/371/2425 1189/2288/2425 3861/1737/2425 1874/2198/2425
f 1189/2288/2426 389/2287/2426 2331/1738/2426 3861/1737/2426
f 1330/986/2427 3862/1733/2427 1588/1736/2427 178/987/2427
f 530/2199/2428 2332/1740/2428 3862/1733/2428 1330/986/2428
f 2332/1740/2429 875/1739/2429 2330/1734/2429 3862/1733/2429
f 2327/1726/2430 3863/1729/2430 2329/1732/2430 874/1727/2430
f 533/4027/2431 1877/376/2431 3863/1729/2431 2327/1726/2431
f 1877/376/2432 50/375/2432 1802/1730/2432 3863/1729/2432
f 2131/1742/2433 3864/1725/2433 2328/1728/2433 787/1743/2433
f 181/955/2434 1333/4028/2434 3864/1725/2434 2131/1742/2434
f 1333/4028/2435 533/4027/2435 2327/1726/2435 3864/1725/2435
f 1587/1138/2436 3865/1721/2436 1589/1724/2436 281/1139/2436
f 787/1743/2437 2328/1728/2437 3865/1721/2437 1587/1138/2437
f 2328/1728/2438 874/1727/2438 2326/1722/2438 3865/1721/2438
f 2323/1714/2439 3866/1717/2439 2325/1720/2439 873/1715/2439
f 792/1699/2440 2136/1152/2440 3866/1717/2440 2323/1714/2440
f 2136/1152/2441 282/1151/2441 2134/1718/2441 3866/1717/2441
f 1734/4022/2442 3867/1713/2442 2324/1716/2442 390/4023/2442
f 182/951/2443 1592/1700/2443 3867/1713/2443 1734/4022/2443
f 1592/1700/2444 792/1699/2444 2323/1714/2444 3867/1713/2444
f 1190/378/2445 3868/1709/2445 1168/1712/2445 64/379/2445
f 390/4023/2446 2324/1716/2446 3868/1709/2446 1190/378/2446
f 2324/1716/2447 873/1715/2447 2322/1710/2447 3868/1709/2447
f 2319/1702/2448 3869/1705/2448 2321/1708/2448 872/1703/2448
f 393/2395/2449 1737/920/2449 3869/1705/2449 2319/1702/2449
f 1737/920/2450 185/919/2450 2135/1706/2450 3869/1705/2450
f 1878/2306/2451 3870/1701/2451 2320/1704/2451 534/2307/2451
f 74/383/2452 1193/2396/2452 3870/1701/2452 1878/2306/2452
f 1193/2396/2453 393/2395/2453 2319/1702/2453 3870/1701/2453
f 1334/950/2454 3871/1697/2454 1592/1700/2454 182/951/2454
f 534/2307/2455 2320/1704/2455 3871/1697/2455 1334/950/2455
f 2320/1704/2456 872/1703/2456 2318/1698/2456 3871/1697/2456
f 2315/1690/2457 3872/1693/2457 2317/1696/2457 871/1691/2457
f 537/3991/2458 1881/388/2458 3872/1693/2458 2315/1690/2458
f 1881/388/2459 63/387/2459 1815/1694/2459 3872/1693/2459
f 2135/1706/2460 3873/1689/2460 2316/1692/2460 791/1707/2460
f 185/919/2461 1337/3992/2461 3873/1689/2461 2135/1706/2461
f 1337/3992/2462 537/3991/2462 2315/1690/2462 3873/1689/2462
f 1591/1150/2463 3874/1685/2463 1593/1688/2463 282/1151/2463
f 791/1707/2464 2316/1692/2464 3874/1685/2464 1591/1150/2464
f 2316/1692/2465 871/1691/2465 2314/1686/2465 3874/1685/2465
f 2311/1678/2466 3875/1681/2466 2313/1684/2466 870/1679/2466
f 796/1663/2467 2140/1164/2467 3875/1681/2467 2311/1678/2467
f 2140/1164/2468 283/1163/2468 2138/1682/2468 3875/1681/2468
f 1738/3986/2469 3876/1677/2469 2312/1680/2469 394/3987/2469
f 186/915/2470 1596/1664/2470 3876/1677/2470 1738/3986/2470
f 1596/1664/2471 796/1663/2471 2311/1678/2471 3876/1677/2471
f 1194/390/6 3877/1673/6 1801/1676/6 49/391/6
f 394/3987/6 2312/1680/6 3877/1673/6 1194/390/6
f 2312/1680/6 870/1679/6 2310/1674/6 3877/1673/6
f 2307/1666/2472 3878/1669/2472 2309/1672/2472 869/1667/2472
f 397/2503/2473 1741/884/2473 3878/1669/2473 2307/1666/2473
f 1741/884/2474 189/883/2474 2139/1670/2474 3878/1669/2474
f 1882/2414/2475 3879/1665/2475 2308/1668/2475 538/2415/2475
f 75/395/2476 1197/2504/2476 3879/1665/2476 1882/2414/2476
f 1197/2504/2477 397/2503/2477 2307/1666/2477 3879/1665/2477
f 1338/914/2478 3880/1661/2478 1596/1664/2478 186/915/2478
f 538/2415/2479 2308/1668/2479 3880/1661/2479 1338/914/2479
f 2308/1668/2480 869/1667/2480 2306/1662/2480 3880/1661/2480
f 2303/1654/2481 3881/1657/2481 2305/1660/2481 868/1655/2481
f 541/3955/2482 1885/400/2482 3881/1657/2482 2303/1654/2482
f 1885/400/2483 62/399/2483 1814/1658/2483 3881/1657/2483
f 2139/1670/2484 3882/1653/2484 2304/1656/2484 795/1671/2484
f 189/883/2485 1341/3956/2485 3882/1653/2485 2139/1670/2485
f 1341/3956/2486 541/3955/2486 2303/1654/2486 3882/1653/2486
f 1595/1162/2487 3883/1649/2487 1597/1652/2487 283/1163/2487
f 795/1671/2488 2304/1656/2488 3883/1649/2488 1595/1162/2488
f 2304/1656/2489 868/1655/2489 2302/1650/2489 3883/1649/2489
f 2299/1642/2490 3884/1645/2490 2301/1648/2490 867/1643/2490
f 800/1627/2491 2144/1176/2491 3884/1645/2491 2299/1642/2491
f 2144/1176/2492 284/1175/2492 2142/1646/2492 3884/1645/2492
f 1742/3950/2493 3885/1641/2493 2300/1644/2493 398/3951/2493
f 190/879/2494 1600/1628/2494 3885/1641/2494 1742/3950/2494
f 1600/1628/2495 800/1627/2495 2299/1642/2495 3885/1641/2495
f 1198/402/2496 3886/1637/2496 1165/1640/2496 61/403/2496
f 398/3951/2497 2300/1644/2497 3886/1637/2497 1198/402/2497
f 2300/1644/2498 867/1643/2498 2298/1638/2498 3886/1637/2498
f 2295/1630/2499 3887/1633/2499 2297/1636/2499 866/1631/2499
f 401/2611/2500 1745/848/2500 3887/1633/2500 2295/1630/2500
f 1745/848/2501 193/847/2501 2143/1634/2501 3887/1633/2501
f 1886/2522/2502 3888/1629/2502 2296/1632/2502 542/2523/2502
f 76/407/2503 1201/2612/2503 3888/1629/2503 1886/2522/2503
f 1201/2612/2504 401/2611/2504 2295/1630/2504 3888/1629/2504
f 1342/878/2505 3889/1625/2505 1600/1628/2505 190/879/2505
f 542/2523/2506 2296/1632/2506 3889/1625/2506 1342/878/2506
f 2296/1632/2507 866/1631/2507 2294/1626/2507 3889/1625/2507
f 2291/1618/2508 3890/1621/2508 2293/1624/2508 865/1619/2508
f 545/3919/2509 1889/412/2509 3890/1621/2509 2291/1618/2509
f 1889/412/2510 51/411/2510 1803/1622/2510 3890/1621/2510
f 2143/1634/2511 3891/1617/2511 2292/1620/2511 799/1635/2511
f 193/847/2512 1345/3920/2512 3891/1617/2512 2143/1634/2512
f 1345/3920/2513 545/3919/2513 2291/1618/2513 3891/1617/2513
f 1599/1174/2514 3892/1613/2514 1601/1616/2514 284/1175/2514
f 799/1635/2515 2292/1620/2515 3892/1613/2515 1599/1174/2515
f 2292/1620/2516 865/1619/2516 2290/1614/2516 3892/1613/2516
f 2287/1606/2517 3893/1609/2517 2289/1612/2517 864/1607/2517
f 804/1591/2518 2148/1188/2518 3893/1609/2518 2287/1606/2518
f 2148/1188/2519 285/1187/2519 2146/1610/2519 3893/1609/2519
f 1746/3914/2520 3894/1605/2520 2288/1608/2520 402/3915/2520
f 194/843/2521 1604/1592/2521 3894/1605/2521 1746/3914/2521
f 1604/1592/2522 804/1591/2522 2287/1606/2522 3894/1605/2522
f 1202/414/2523 3895/1601/2523 1164/1604/2523 60/415/2523
f 402/3915/2524 2288/1608/2524 3895/1601/2524 1202/414/2524
f 2288/1608/2525 864/1607/2525 2286/1602/2525 3895/1601/2525
f 2283/1594/2526 3896/1597/2526 2285/1600/2526 863/1595/2526
f 405/2719/2527 1749/812/2527 3896/1597/2527 2283/1594/2527
f 1749/812/2528 197/811/2528 2147/1598/2528 3896/1597/2528
f 1890/2630/2529 3897/1593/2529 2284/1596/2529 546/2631/2529
f 77/419/2530 1205/2720/2530 3897/1593/2530 1890/2630/2530
f 1205/2720/2531 405/2719/2531 2283/1594/2531 3897/1593/2531
f 1346/842/2532 3898/1589/2532 1604/1592/2532 194/843/2532
f 546/2631/2533 2284/1596/2533 3898/1589/2533 1346/842/2533
f 2284/1596/2534 863/1595/2534 2282/1590/2534 3898/1589/2534
f 2279/1582/2535 3899/1585/2535 2281/1588/2535 862/1583/2535
f 549/3883/2536 1893/424/2536 3899/1585/2536 2279/1582/2536
f 1893/424/2537 59/423/2537 1811/1586/2537 3899/1585/2537
f 2147/1598/2538 3900/1581/2538 2280/1584/2538 803/1599/2538
f 197/811/2539 1349/3884/2539 3900/1581/2539 2147/1598/2539
f 1349/3884/2540 549/3883/2540 2279/1582/2540 3900/1581/2540
f 1603/1186/2541 3901/1577/2541 1605/1580/2541 285/1187/2541
f 803/1599/2542 2280/1584/2542 3901/1577/2542 1603/1186/2542
f 2280/1584/2543 862/1583/2543 2278/1578/2543 3901/1577/2543
f 2275/1570/2544 3902/1573/2544 2277/1576/2544 861/1571/2544
f 808/1555/2545 2152/1200/2545 3902/1573/2545 2275/1570/2545
f 2152/1200/2546 286/1199/2546 2150/1574/2546 3902/1573/2546
f 1750/3878/2547 3903/1569/2547 2276/1572/2547 406/3879/2547
f 198/807/2548 1608/1556/2548 3903/1569/2548 1750/3878/2548
f 1608/1556/2549 808/1555/2549 2275/1570/2549 3903/1569/2549
f 1206/426/2550 3904/1565/2550 1144/1568/2550 40/427/2550
f 406/3879/2551 2276/1572/2551 3904/1565/2551 1206/426/2551
f 2276/1572/2552 861/1571/2552 2274/1566/2552 3904/1565/2552
f 2271/1558/2553 3905/1561/2553 2273/1564/2553 860/1559/2553
f 409/2827/2554 1753/776/2554 3905/1561/2554 2271/1558/2554
f 1753/776/2555 201/775/2555 2151/1562/2555 3905/1561/2555
f 1894/2738/2556 3906/1557/2556 2272/1560/2556 550/2739/2556
f 78/431/2557 1209/2828/2557 3906/1557/2557 1894/2738/2557
f 1209/2828/2558 409/2827/2558 2271/1558/2558 3906/1557/2558
f 1350/806/2559 3907/1553/2559 1608/1556/2559 198/807/2559
f 550/2739/2560 2272/1560/2560 3907/1553/2560 1350/806/2560
f 2272/1560/2561 860/1559/2561 2270/1554/2561 3907/1553/2561
f 2267/1546/2562 3908/1549/2562 2269/1552/2562 859/1547/2562
f 553/3847/2563 1897/436/2563 3908/1549/2563 2267/1546/2563
f 1897/436/2564 58/435/2564 1810/1550/2564 3908/1549/2564
f 2151/1562/2565 3909/1545/2565 2268/1548/2565 807/1563/2565
f 201/775/2566 1353/3848/2566 3909/1545/2566 2151/1562/2566
f 1353/3848/2567 553/3847/2567 2267/1546/2567 3909/1545/2567
f 1607/1198/2568 3910/1541/2568 1609/1544/2568 286/1199/2568
f 807/1563/2569 2268/1548/2569 3910/1541/2569 1607/1198/2569
f 2268/1548/2570 859/1547/2570 2266/1542/2570 3910/1541/2570
f 2263/1534/6 3911/1537/6 2265/1540/6 858/1535/6
f 812/1519/6 2156/1212/6 3911/1537/6 2263/1534/6
f 2156/1212/6 287/1211/6 2154/1538/6 3911/1537/6
f 1754/3842/2571 3912/1533/2571 2264/1536/2571 410/3843/2571
f 202/771/6 1612/1520/6 3912/1533/6 1754/3842/6
f 1612/1520/6 812/1519/6 2263/1534/6 3912/1533/6
f 1210/438/2572 3913/1529/2572 1161/1532/2572 57/439/2572
f 410/3843/2573 2264/1536/2573 3913/1529/2573 1210/438/2573
f 2264/1536/6 858/1535/6 2262/1530/6 3913/1529/6
f 2259/1522/6 3914/1525/6 2261/1528/6 857/1523/6
f 413/2935/6 1757/740/6 3914/1525/6 2259/1522/6
f 1757/740/6 205/739/6 2155/1526/6 3914/1525/6
f 1898/2846/6 3915/1521/6 2260/1524/6 554/2847/6
f 79/443/6 1213/2936/6 3915/1521/6 1898/2846/6
f 1213/2936/6 413/2935/6 2259/1522/6 3915/1521/6
f 1354/770/6 3916/1517/6 1612/1520/6 202/771/6
f 554/2847/6 2260/1524/6 3916/1517/6 1354/770/6
f 2260/1524/6 857/1523/6 2258/1518/6 3916/1517/6
f 2255/1510/6 3917/1513/6 2257/1516/6 856/1511/6
f 557/3811/6 1901/448/6 3917/1513/6 2255/1510/6
f 1901/448/6 30/447/6 1134/1514/6 3917/1513/6
f 2155/1526/6 3918/1509/6 2256/1512/6 811/1527/6
f 205/739/6 1357/3812/6 3918/1509/6 2155/1526/6
f 1357/3812/6 557/3811/6 2255/1510/6 3918/1509/6
f 1611/1210/6 3919/1505/6 1613/1508/6 287/1211/6
f 811/1527/6 2256/1512/6 3919/1505/6 1611/1210/6
f 2256/1512/6 856/1511/6 2254/1506/6 3919/1505/6
f 2251/1498/2574 3920/1501/2574 2253/1504/2574 855/1499/2574
f 816/1483/2575 2160/1224/2575 3920/1501/2575 2251/1498/2575
f 2160/1224/2576 288/1223/2576 2158/1502/2576 3920/1501/2576
f 1758/3806/2577 3921/1497/2577 2252/1500/2577 414/3807/2577
f 206/735/2578 1616/1484/2578 3921/1497/2578 1758/3806/2578
f 1616/1484/2579 816/1483/2579 2251/1498/2579 3921/1497/2579
f 1214/450/2580 3922/1493/2580 1160/1496/2580 56/451/2580
f 414/3807/2581 2252/1500/2581 3922/1493/2581 1214/450/2581
f 2252/1500/2582 855/1499/2582 2250/1494/2582 3922/1493/2582
f 2247/1486/2583 3923/1489/2583 2249/1492/2583 854/1487/2583
f 417/3043/2584 1761/704/2584 3923/1489/2584 2247/1486/2584
f 1761/704/2585 209/703/2585 2159/1490/2585 3923/1489/2585
f 1902/2954/2586 3924/1485/2586 2248/1488/2586 558/2955/2586
f 80/455/2587 1217/3044/2587 3924/1485/2587 1902/2954/2587
f 1217/3044/2588 417/3043/2588 2247/1486/2588 3924/1485/2588
f 1358/734/2589 3925/1481/2589 1616/1484/2589 206/735/2589
f 558/2955/2590 2248/1488/2590 3925/1481/2590 1358/734/2590
f 2248/1488/2591 854/1487/2591 2246/1482/2591 3925/1481/2591
f 2243/1474/2592 3926/1477/2592 2245/1480/2592 853/1475/2592
f 561/3775/2593 1905/460/2593 3926/1477/2593 2243/1474/2593
f 1905/460/2594 55/459/2594 1807/1478/2594 3926/1477/2594
f 2159/1490/2595 3927/1473/2595 2244/1476/2595 815/1491/2595
f 209/703/2596 1361/3776/2596 3927/1473/2596 2159/1490/2596
f 1361/3776/2597 561/3775/2597 2243/1474/2597 3927/1473/2597
f 1615/1222/2598 3928/1469/2598 1617/1472/2598 288/1223/2598
f 815/1491/2599 2244/1476/2599 3928/1469/2599 1615/1222/2599
f 2244/1476/2600 853/1475/2600 2242/1470/2600 3928/1469/2600
f 2239/1462/2601 3929/1465/2601 2241/1468/2601 852/1463/2601
f 820/1447/2602 2164/1236/2602 3929/1465/2602 2239/1462/2602
f 2164/1236/2603 289/1235/2603 2162/1466/2603 3929/1465/2603
f 1762/3770/2604 3930/1461/2604 2240/1464/2604 418/3771/2604
f 210/699/2605 1620/1448/2605 3930/1461/2605 1762/3770/2605
f 1620/1448/2606 820/1447/2606 2239/1462/2606 3930/1461/2606
f 1218/462/2607 3931/1457/2607 1145/1460/2607 41/463/2607
f 418/3771/2608 2240/1464/2608 3931/1457/2608 1218/462/2608
f 2240/1464/2609 852/1463/2609 2238/1458/2609 3931/1457/2609
f 2235/1450/2610 3932/1453/2610 2237/1456/2610 851/1451/2610
f 421/3151/2611 1765/668/2611 3932/1453/2611 2235/1450/2611
f 1765/668/2612 213/667/2612 2163/1454/2612 3932/1453/2612
f 1906/3062/2613 3933/1449/2613 2236/1452/2613 562/3063/2613
f 81/467/2614 1221/3152/2614 3933/1449/2614 1906/3062/2614
f 1221/3152/2615 421/3151/2615 2235/1450/2615 3933/1449/2615
f 1362/698/2616 3934/1445/2616 1620/1448/2616 210/699/2616
f 562/3063/2617 2236/1452/2617 3934/1445/2617 1362/698/2617
f 2236/1452/2618 851/1451/2618 2234/1446/2618 3934/1445/2618
f 2231/1438/2619 3935/1441/2619 2233/1444/2619 850/1439/2619
f 565/3739/2620 1909/472/2620 3935/1441/2620 2231/1438/2620
f 1909/472/2621 54/471/2621 1806/1442/2621 3935/1441/2621
f 2163/1454/2622 3936/1437/2622 2232/1440/2622 819/1455/2622
f 213/667/2623 1365/3740/2623 3936/1437/2623 2163/1454/2623
f 1365/3740/2624 565/3739/2624 2231/1438/2624 3936/1437/2624
f 1619/1234/2625 3937/1433/2625 1621/1436/2625 289/1235/2625
f 819/1455/2626 2232/1440/2626 3937/1433/2626 1619/1234/2626
f 2232/1440/2627 850/1439/2627 2230/1434/2627 3937/1433/2627
f 2227/1426/2628 3938/1429/2628 2229/1432/2628 849/1427/2628
f 824/1411/2629 2168/1248/2629 3938/1429/2629 2227/1426/2629
f 2168/1248/2630 290/1247/2630 2166/1430/2630 3938/1429/2630
f 1766/3734/2631 3939/1425/2631 2228/1428/2631 422/3735/2631
f 214/663/2632 1624/1412/2632 3939/1425/2632 1766/3734/2632
f 1624/1412/2633 824/1411/2633 2227/1426/2633 3939/1425/2633
f 1222/474/2634 3940/1421/2634 1157/1424/2634 53/475/2634
f 422/3735/2635 2228/1428/2635 3940/1421/2635 1222/474/2635
f 2228/1428/2636 849/1427/2636 2226/1422/2636 3940/1421/2636
f 2223/1414/2637 3941/1417/2637 2225/1420/2637 848/1415/2637
f 425/3259/2638 1769/632/2638 3941/1417/2638 2223/1414/2638
f 1769/632/2639 217/631/2639 2167/1418/2639 3941/1417/2639
f 1910/3170/2640 3942/1413/2640 2224/1416/2640 566/3171/2640
f 82/479/2641 1225/3260/2641 3942/1413/2641 1910/3170/2641
f 1225/3260/2642 425/3259/2642 2223/1414/2642 3942/1413/2642
f 1366/662/2643 3943/1409/2643 1624/1412/2643 214/663/2643
f 566/3171/2644 2224/1416/2644 3943/1409/2644 1366/662/2644
f 2224/1416/2645 848/1415/2645 2222/1410/2645 3943/1409/2645
f 2219/1402/2646 3944/1405/2646 2221/1408/2646 847/1403/2646
f 569/3703/2647 1913/484/2647 3944/1405/2647 2219/1402/2647
f 1913/484/2648 42/483/2648 1146/1406/2648 3944/1405/2648
f 2167/1418/2649 3945/1401/2649 2220/1404/2649 823/1419/2649
f 217/631/2650 1369/3704/2650 3945/1401/2650 2167/1418/2650
f 1369/3704/2651 569/3703/2651 2219/1402/2651 3945/1401/2651
f 1623/1246/2652 3946/1397/2652 1625/1400/2652 290/1247/2652
f 823/1419/2653 2220/1404/2653 3946/1397/2653 1623/1246/2653
f 2220/1404/2654 847/1403/2654 2218/1398/2654 3946/1397/2654
f 2215/1390/2655 3947/1393/2655 2217/1396/2655 846/1391/2655
f 828/1375/2656 2172/1260/2656 3947/1393/2656 2215/1390/2656
f 2172/1260/2657 291/1259/2657 2170/1394/2657 3947/1393/2657
f 1770/3698/2658 3948/1389/2658 2216/1392/2658 426/3699/2658
f 218/627/2659 1628/1376/2659 3948/1389/2659 1770/3698/2659
f 1628/1376/2660 828/1375/2660 2215/1390/2660 3948/1389/2660
f 1226/486/2661 3949/1385/2661 1156/1388/2661 52/487/2661
f 426/3699/2662 2216/1392/2662 3949/1385/2662 1226/486/2662
f 2216/1392/2663 846/1391/2663 2214/1386/2663 3949/1385/2663
f 2211/1378/2664 3950/1381/2664 2213/1384/2664 845/1379/2664
f 429/3367/2665 1773/596/2665 3950/1381/2665 2211/1378/2665
f 1773/596/2666 221/595/2666 2171/1382/2666 3950/1381/2666
f 1914/3278/2667 3951/1377/2667 2212/1380/2667 570/3279/2667
f 83/491/2668 1229/3368/2668 3951/1377/2668 1914/3278/2668
f 1229/3368/2669 429/3367/2669 2211/1378/2669 3951/1377/2669
f 1370/626/2670 3952/1373/2670 1628/1376/2670 218/627/2670
f 570/3279/2671 2212/1380/2671 3952/1373/2671 1370/626/2671
f 2212/1380/2672 845/1379/2672 2210/1374/2672 3952/1373/2672
f 2207/1366/2673 3953/1369/2673 2209/1372/2673 844/1367/2673
f 573/3667/2674 1917/496/2674 3953/1369/2674 2207/1366/2674
f 1917/496/2675 39/495/2675 1791/1370/2675 3953/1369/2675
f 2171/1382/2676 3954/1365/2676 2208/1368/2676 827/1383/2676
f 221/595/2677 1373/3668/2677 3954/1365/2677 2171/1382/2677
f 1373/3668/2678 573/3667/2678 2207/1366/2678 3954/1365/2678
f 1627/1258/2679 3955/1361/2679 1629/1364/2679 291/1259/2679
f 827/1383/2680 2208/1368/2680 3955/1361/2680 1627/1258/2680
f 2208/1368/2681 844/1367/2681 2206/1362/2681 3955/1361/2681
f 2203/1354/6 3956/1357/6 2205/1360/6 843/1355/6
f 832/1339/2682 2176/1272/2682 3956/1357/2682 2203/1354/2682
f 2176/1272/2683 292/1271/2683 2174/1358/2683 3956/1357/2683
f 1774/3662/6 3957/1353/6 2204/1356/6 430/3663/6
f 222/591/2684 1632/1340/2684 3957/1353/2684 1774/3662/2684
f 1632/1340/2685 832/1339/2685 2203/1354/2685 3957/1353/2685
f 1230/498/6 3958/1349/6 1789/1352/6 37/499/6
f 430/3663/6 2204/1356/6 3958/1349/6 1230/498/6
f 2204/1356/6 843/1355/6 2202/1350/6 3958/1349/6
f 2199/1342/2686 3959/1345/2686 2201/1348/2686 842/1343/2686
f 433/3475/2687 1777/560/2687 3959/1345/2687 2199/1342/2687
f 1777/560/2688 225/559/2688 2175/1346/2688 3959/1345/2688
f 1918/3386/2689 3960/1341/2689 2200/1344/2689 574/3387/2689
f 84/503/2690 1233/3476/2690 3960/1341/2690 1918/3386/2690
f 1233/3476/2691 433/3475/2691 2199/1342/2691 3960/1341/2691
f 1374/590/2692 3961/1337/2692 1632/1340/2692 222/591/2692
f 574/3387/2693 2200/1344/2693 3961/1337/2693 1374/590/2693
f 2200/1344/2694 842/1343/2694 2198/1338/2694 3961/1337/2694
f 2195/1330/2695 3962/1333/2695 2197/1336/2695 841/1331/2695
f 577/3631/2696 1921/508/2696 3962/1333/2696 2195/1330/2696
f 1921/508/2697 38/507/2697 1790/1334/2697 3962/1333/2697
f 2175/1346/2698 3963/1329/2698 2196/1332/2698 831/1347/2698
f 225/559/2699 1377/3632/2699 3963/1329/2699 2175/1346/2699
f 1377/3632/2700 577/3631/2700 2195/1330/2700 3963/1329/2700
f 1631/1270/2701 3964/1325/2701 1633/1328/2701 292/1271/2701
f 831/1347/2702 2196/1332/2702 3964/1325/2702 1631/1270/2702
f 2196/1332/2703 841/1331/2703 2194/1326/2703 3964/1325/2703
f 2191/1318/6 3965/1321/6 2193/1324/6 840/1319/6
f 836/1303/6 2180/1284/6 3965/1321/6 2191/1318/6
f 2180/1284/6 293/1283/6 2178/1322/6 3965/1321/6
f 1778/3626/6 3966/1317/6 2192/1320/6 434/3627/6
f 226/555/6 1636/1304/6 3966/1317/6 1778/3626/6
f 1636/1304/6 836/1303/6 2191/1318/6 3966/1317/6
f 1234/510/6 3967/1313/6 1785/1316/6 33/511/6
f 434/3627/6 2192/1320/6 3967/1313/6 1234/510/6
f 2192/1320/6 840/1319/6 2190/1314/6 3967/1313/6
f 2187/1306/6 3968/1309/6 2189/1312/6 839/1307/6
f 437/3583/6 1781/524/6 3968/1309/6 2187/1306/6
f 1781/524/6 229/523/6 2179/1310/6 3968/1309/6
f 1922/3494/2704 3969/1305/2704 2188/1308/2704 578/3495/2704
f 85/515/2705 1237/3584/2705 3969/1305/2705 1922/3494/2705
f 1237/3584/2706 437/3583/2706 2187/1306/2706 3969/1305/2706
f 1378/554/6 3970/1301/6 1636/1304/6 226/555/6
f 578/3495/2707 2188/1308/2707 3970/1301/2707 1378/554/2707
f 2188/1308/6 839/1307/6 2186/1302/6 3970/1301/6
f 2183/1294/6 3971/1297/6 2185/1300/6 838/1295/6
f 581/3595/6 1925/520/6 3971/1297/6 2183/1294/6
f 1925/520/6 46/519/6 1150/1298/6 3971/1297/6
f 2179/1310/6 3972/1293/6 2184/1296/6 835/1311/6
f 229/523/6 1381/3596/6 3972/1293/6 2179/1310/6
f 1381/3596/6 581/3595/6 2183/1294/6 3972/1293/6
f 1635/1282/6 3973/1289/6 1637/1292/6 293/1283/6
f 835/1311/6 2184/1296/6 3973/1289/6 1635/1282/6
f 2184/1296/6 838/1295/6 2182/1290/6 3973/1289/6
f 2182/1290/6 3974/1285/6 2181/1288/6 837/1291/6
f 838/1295/6 2185/1300/6 3974/1285/6 2182/1290/6
f 2185/1300/6 350/1299/6 1694/1286/6 3974/1285/6
f 2186/1302/6 3975/1281/6 2180/1284/6 836/1303/6
f 839/1307/6 2189/1312/6 3975/1281/6 2186/1302/6
f 2189/1312/6 835/1311/6 1635/1282/6 3975/1281/6
f 2190/1314/6 3976/1277/6 1241/1280/6 441/1315/6
f 840/1319/6 2193/1324/6 3976/1277/6 2190/1314/6
f 2193/1324/6 834/1323/6 1634/1278/6 3976/1277/6
f 2194/1326/2708 3977/1273/2708 2177/1276/2708 833/1327/2708
f 841/1331/2709 2197/1336/2709 3977/1273/2709 2194/1326/2709
f 2197/1336/2710 446/1335/2710 1246/1274/2710 3977/1273/2710
f 2198/1338/2711 3978/1269/2711 2176/1272/2711 832/1339/2711
f 842/1343/2712 2201/1348/2712 3978/1269/2712 2198/1338/2712
f 2201/1348/2713 831/1347/2713 1631/1270/2713 3978/1269/2713
f 2202/1350/6 3979/1265/6 1245/1268/6 445/1351/6
f 843/1355/6 2205/1360/6 3979/1265/6 2202/1350/6
f 2205/1360/6 830/1359/6 1630/1266/6 3979/1265/6
f 2206/1362/2714 3980/1261/2714 2173/1264/2714 829/1363/2714
f 844/1367/2715 2209/1372/2715 3980/1261/2715 2206/1362/2715
f 2209/1372/2716 447/1371/2716 1247/1262/2716 3980/1261/2716
f 2210/1374/2717 3981/1257/2717 2172/1260/2717 828/1375/2717
f 845/1379/2718 2213/1384/2718 3981/1257/2718 2210/1374/2718
f 2213/1384/2719 827/1383/2719 1627/1258/2719 3981/1257/2719
f 2214/1386/2720 3982/1253/2720 1700/1256/2720 356/1387/2720
f 846/1391/2721 2217/1396/2721 3982/1253/2721 2214/1386/2721
f 2217/1396/2722 826/1395/2722 1626/1254/2722 3982/1253/2722
f 2218/1398/2723 3983/1249/2723 2169/1252/2723 825/1399/2723
f 847/1403/2724 2221/1408/2724 3983/1249/2724 2218/1398/2724
f 2221/1408/2725 346/1407/2725 1690/1250/2725 3983/1249/2725
f 2222/1410/2726 3984/1245/2726 2168/1248/2726 824/1411/2726
f 848/1415/2727 2225/1420/2727 3984/1245/2727 2222/1410/2727
f 2225/1420/2728 823/1419/2728 1623/1246/2728 3984/1245/2728
f 2226/1422/2729 3985/1241/2729 1701/1244/2729 357/1423/2729
f 849/1427/2730 2229/1432/2730 3985/1241/2730 2226/1422/2730
f 2229/1432/2731 822/1431/2731 1622/1242/2731 3985/1241/2731
f 2230/1434/2732 3986/1237/2732 2165/1240/2732 821/1435/2732
f 850/1439/2733 2233/1444/2733 3986/1237/2733 2230/1434/2733
f 2233/1444/2734 462/1443/2734 1262/1238/2734 3986/1237/2734
f 2234/1446/2735 3987/1233/2735 2164/1236/2735 820/1447/2735
f 851/1451/2736 2237/1456/2736 3987/1233/2736 2234/1446/2736
f 2237/1456/2737 819/1455/2737 1619/1234/2737 3987/1233/2737
f 2238/1458/2738 3988/1229/2738 1689/1232/2738 345/1459/2738
f 852/1463/2739 2241/1468/2739 3988/1229/2739 2238/1458/2739
f 2241/1468/2740 818/1467/2740 1618/1230/2740 3988/1229/2740
f 2242/1470/2741 3989/1225/2741 2161/1228/2741 817/1471/2741
f 853/1475/2742 2245/1480/2742 3989/1225/2742 2242/1470/2742
f 2245/1480/2743 463/1479/2743 1263/1226/2743 3989/1225/2743
f 2246/1482/2744 3990/1221/2744 2160/1224/2744 816/1483/2744
f 854/1487/2745 2249/1492/2745 3990/1221/2745 2246/1482/2745
f 2249/1492/2746 815/1491/2746 1615/1222/2746 3990/1221/2746
f 2250/1494/2747 3991/1217/2747 1704/1220/2747 360/1495/2747
f 855/1499/2748 2253/1504/2748 3991/1217/2748 2250/1494/2748
f 2253/1504/2749 814/1503/2749 1614/1218/2749 3991/1217/2749
f 2254/1506/6 3992/1213/6 2157/1216/6 813/1507/6
f 856/1511/6 2257/1516/6 3992/1213/6 2254/1506/6
f 2257/1516/6 334/1515/6 1678/1214/6 3992/1213/6
f 2258/1518/6 3993/1209/6 2156/1212/6 812/1519/6
f 857/1523/6 2261/1528/6 3993/1209/6 2258/1518/6
f 2261/1528/6 811/1527/6 1611/1210/6 3993/1209/6
f 2262/1530/6 3994/1205/6 1705/1208/6 361/1531/6
f 858/1535/6 2265/1540/6 3994/1205/6 2262/1530/6
f 2265/1540/6 810/1539/6 1610/1206/6 3994/1205/6
f 2266/1542/2750 3995/1201/2750 2153/1204/2750 809/1543/2750
f 859/1547/2751 2269/1552/2751 3995/1201/2751 2266/1542/2751
f 2269/1552/2752 466/1551/2752 1266/1202/2752 3995/1201/2752
f 2270/1554/2753 3996/1197/2753 2152/1200/2753 808/1555/2753
f 860/1559/2754 2273/1564/2754 3996/1197/2754 2270/1554/2754
f 2273/1564/2755 807/1563/2755 1607/1198/2755 3996/1197/2755
f 2274/1566/2756 3997/1193/2756 1688/1196/2756 344/1567/2756
f 861/1571/2757 2277/1576/2757 3997/1193/2757 2274/1566/2757
f 2277/1576/2758 806/1575/2758 1606/1194/2758 3997/1193/2758
f 2278/1578/2759 3998/1189/2759 2149/1192/2759 805/1579/2759
f 862/1583/2760 2281/1588/2760 3998/1189/2760 2278/1578/2760
f 2281/1588/2761 467/1587/2761 1267/1190/2761 3998/1189/2761
f 2282/1590/2762 3999/1185/2762 2148/1188/2762 804/1591/2762
f 863/1595/2763 2285/1600/2763 3999/1185/2763 2282/1590/2763
f 2285/1600/2764 803/1599/2764 1603/1186/2764 3999/1185/2764
f 2286/1602/2765 4000/1181/2765 1708/1184/2765 364/1603/2765
f 864/1607/2766 2289/1612/2766 4000/1181/2766 2286/1602/2766
f 2289/1612/2767 802/1611/2767 1602/1182/2767 4000/1181/2767
f 2290/1614/2768 4001/1177/2768 2145/1180/2768 801/1615/2768
f 865/1619/2769 2293/1624/2769 4001/1177/2769 2290/1614/2769
f 2293/1624/2770 459/1623/2770 1259/1178/2770 4001/1177/2770
f 2294/1626/2771 4002/1173/2771 2144/1176/2771 800/1627/2771
f 866/1631/2772 2297/1636/2772 4002/1173/2772 2294/1626/2772
f 2297/1636/2773 799/1635/2773 1599/1174/2773 4002/1173/2773
f 2298/1638/2774 4003/1169/2774 1709/1172/2774 365/1639/2774
f 867/1643/2775 2301/1648/2775 4003/1169/2775 2298/1638/2775
f 2301/1648/2776 798/1647/2776 1598/1170/2776 4003/1169/2776
f 2302/1650/2777 4004/1165/2777 2141/1168/2777 797/1651/2777
f 868/1655/2778 2305/1660/2778 4004/1165/2778 2302/1650/2778
f 2305/1660/2779 470/1659/2779 1270/1166/2779 4004/1165/2779
f 2306/1662/2780 4005/1161/2780 2140/1164/2780 796/1663/2780
f 869/1667/2781 2309/1672/2781 4005/1161/2781 2306/1662/2781
f 2309/1672/2782 795/1671/2782 1595/1162/2782 4005/1161/2782
f 2310/1674/6 4006/1157/6 1257/1160/6 457/1675/6
f 870/1679/2783 2313/1684/2783 4006/1157/2783 2310/1674/2783
f 2313/1684/2784 794/1683/2784 1594/1158/2784 4006/1157/2784
f 2314/1686/2785 4007/1153/2785 2137/1156/2785 793/1687/2785
f 871/1691/2786 2317/1696/2786 4007/1153/2786 2314/1686/2786
f 2317/1696/2787 471/1695/2787 1271/1154/2787 4007/1153/2787
f 2318/1698/2788 4008/1149/2788 2136/1152/2788 792/1699/2788
f 872/1703/2789 2321/1708/2789 4008/1149/2789 2318/1698/2789
f 2321/1708/2790 791/1707/2790 1591/1150/2790 4008/1149/2790
f 2322/1710/2791 4009/1145/2791 1712/1148/2791 368/1711/2791
f 873/1715/2792 2325/1720/2792 4009/1145/2792 2322/1710/2792
f 2325/1720/2793 790/1719/2793 1590/1146/2793 4009/1145/2793
f 2326/1722/2794 4010/1141/2794 2133/1144/2794 789/1723/2794
f 874/1727/2795 2329/1732/2795 4010/1141/2795 2326/1722/2795
f 2329/1732/2796 458/1731/2796 1258/1142/2796 4010/1141/2796
f 2330/1734/2797 4011/1137/2797 2132/1140/2797 788/1735/2797
f 875/1739/2798 2333/1744/2798 4011/1137/2798 2330/1734/2798
f 2333/1744/2799 787/1743/2799 1587/1138/2799 4011/1137/2799
f 2334/1746/2800 4012/1133/2800 1713/1136/2800 369/1747/2800
f 876/1751/2801 2337/1756/2801 4012/1133/2801 2334/1746/2801
f 2337/1756/2802 786/1755/2802 1586/1134/2802 4012/1133/2802
f 2338/1758/2803 4013/1129/2803 2129/1132/2803 785/1759/2803
f 877/1763/2804 2341/1768/2804 4013/1129/2804 2338/1758/2804
f 2341/1768/2805 474/1767/2805 1274/1130/2805 4013/1129/2805
f 2342/1770/2806 4014/1125/2806 2128/1128/2806 784/1771/2806
f 878/1775/2807 2345/1780/2807 4014/1125/2807 2342/1770/2807
f 2345/1780/2808 783/1779/2808 1583/1126/2808 4014/1125/2808
f 2346/1782/6 4015/1121/6 1253/1124/6 453/1783/6
f 879/1787/6 2349/1792/6 4015/1121/6 2346/1782/6
f 2349/1792/6 782/1791/6 1582/1122/6 4015/1121/6
f 2350/1794/2809 4016/1117/2809 2125/1120/2809 781/1795/2809
f 880/1799/2810 2353/1804/2810 4016/1117/2810 2350/1794/2810
f 2353/1804/2811 475/1803/2811 1275/1118/2811 4016/1117/2811
f 2354/1806/2812 4017/1113/2812 2124/1116/2812 780/1807/2812
f 881/1811/2813 2357/1816/2813 4017/1113/2813 2354/1806/2813
f 2357/1816/2814 779/1815/2814 1579/1114/2814 4017/1113/2814
f 2358/1818/2815 4018/1109/2815 1716/1112/2815 372/1819/2815
f 882/1823/2816 2361/1828/2816 4018/1109/2816 2358/1818/2816
f 2361/1828/2817 778/1827/2817 1578/1110/2817 4018/1109/2817
f 2362/1830/2818 4019/1105/2818 2121/1108/2818 777/1831/2818
f 883/1835/2819 2365/1840/2819 4019/1105/2819 2362/1830/2819
f 2365/1840/2820 338/1839/2820 1682/1106/2820 4019/1105/2820
f 2366/1842/2821 4020/1101/2821 2120/1104/2821 776/1843/2821
f 884/1847/2822 2369/1852/2822 4020/1101/2822 2366/1842/2822
f 2369/1852/2823 775/1851/2823 1575/1102/2823 4020/1101/2823
f 2370/1854/2824 4021/1097/2824 1717/1100/2824 373/1855/2824
f 885/1859/2825 2373/1864/2825 4021/1097/2825 2370/1854/2825
f 2373/1864/2826 774/1863/2826 1574/1098/2826 4021/1097/2826
f 2374/1866/2827 4022/1093/2827 2117/1096/2827 773/1867/2827
f 886/1871/2828 2377/1876/2828 4022/1093/2828 2374/1866/2828
f 2377/1876/2829 518/1875/2829 1318/1094/2829 4022/1093/2829
f 2378/1878/2830 4023/1089/2830 2116/1092/2830 772/1879/2830
f 887/1883/2831 2381/1888/2831 4023/1089/2831 2378/1878/2831
f 2381/1888/2832 771/1887/2832 1571/1090/2832 4023/1089/2832
f 2382/1890/2833 4024/1085/2833 1677/1088/2833 333/1891/2833
f 888/1895/2834 2385/1900/2834 4024/1085/2834 2382/1890/2834
f 2385/1900/2835 770/1899/2835 1570/1086/2835 4024/1085/2835
f 2386/1902/2836 4025/1081/2836 2113/1084/2836 769/1903/2836
f 889/1907/2837 2389/1912/2837 4025/1081/2837 2386/1902/2837
f 2389/1912/2838 519/1911/2838 1319/1082/2838 4025/1081/2838
f 2390/1914/2839 4026/1077/2839 2112/1080/2839 768/1915/2839
f 890/1919/2840 2393/1924/2840 4026/1077/2840 2390/1914/2840
f 2393/1924/2841 767/1923/2841 1567/1078/2841 4026/1077/2841
f 2394/1926/2842 4027/1073/2842 1720/1076/2842 376/1927/2842
f 891/1931/2843 2397/1936/2843 4027/1073/2843 2394/1926/2843
f 2397/1936/2844 766/1935/2844 1566/1074/2844 4027/1073/2844
f 2398/1938/2845 4028/1069/2845 2109/1072/2845 765/1939/2845
f 892/1943/2846 2401/1948/2846 4028/1069/2846 2398/1938/2846
f 2401/1948/2847 298/1947/2847 1642/1070/2847 4028/1069/2847
f 2402/1950/2848 4029/1065/2848 2108/1068/2848 764/1951/2848
f 893/1955/2849 2405/1960/2849 4029/1065/2849 2402/1950/2849
f 2405/1960/2850 763/1959/2850 1563/1066/2850 4029/1065/2850
f 2406/1962/2851 4030/1061/2851 1721/1064/2851 377/1963/2851
f 894/1967/2852 2409/1972/2852 4030/1061/2852 2406/1962/2852
f 2409/1972/2853 762/1971/2853 1562/1062/2853 4030/1061/2853
f 2410/1974/2854 4031/1057/2854 2105/1060/2854 761/1975/2854
f 895/1979/2855 2413/1984/2855 4031/1057/2855 2410/1974/2855
f 2413/1984/2856 522/1983/2856 1322/1058/2856 4031/1057/2856
f 2414/1986/2857 4032/1053/2857 2104/1056/2857 760/1987/2857
f 896/1991/2858 2417/1996/2858 4032/1053/2858 2414/1986/2858
f 2417/1996/2859 759/1995/2859 1559/1054/2859 4032/1053/2859
f 2418/1998/2860 4033/1049/2860 1676/1052/2860 332/1999/2860
f 897/2003/2861 2421/2008/2861 4033/1049/2861 2418/1998/2861
f 2421/2008/2862 758/2007/2862 1558/1050/2862 4033/1049/2862
f 2422/2010/2863 4034/1045/2863 2101/1048/2863 757/2011/2863
f 898/2015/2864 2425/2020/2864 4034/1045/2864 2422/2010/2864
f 2425/2020/2865 523/2019/2865 1323/1046/2865 4034/1045/2865
f 2426/2022/2866 4035/1041/2866 2100/1044/2866 756/2023/2866
f 899/2027/2867 2429/2032/2867 4035/1041/2867 2426/2022/2867
f 2429/2032/2868 755/2031/2868 1555/1042/2868 4035/1041/2868
f 2430/2034/2869 4036/1037/2869 1724/1040/2869 380/2035/2869
f 900/2039/2870 2433/2044/2870 4036/1037/2870 2430/2034/2870
f 2433/2044/2871 754/2043/2871 1554/1038/2871 4036/1037/2871
f 2434/2046/2872 4037/1033/2872 2097/1036/2872 753/2047/2872
f 901/2051/2873 2437/2056/2873 4037/1033/2873 2434/2046/2873
f 2437/2056/2874 515/2055/2874 1315/1034/2874 4037/1033/2874
f 2438/2058/2875 4038/1029/2875 2096/1032/2875 752/2059/2875
f 902/2063/2876 2441/2068/2876 4038/1029/2876 2438/2058/2876
f 2441/2068/2877 751/2067/2877 1551/1030/2877 4038/1029/2877
f 2442/2070/2878 4039/1025/2878 1725/1028/2878 381/2071/2878
f 903/2075/2879 2445/2080/2879 4039/1025/2879 2442/2070/2879
f 2445/2080/2880 750/2079/2880 1550/1026/2880 4039/1025/2880
f 2446/2082/2881 4040/1021/2881 2093/1024/2881 749/2083/2881
f 904/2087/2882 2449/2092/2882 4040/1021/2882 2446/2082/2882
f 2449/2092/2883 526/2091/2883 1326/1022/2883 4040/1021/2883
f 2450/2094/2884 4041/1017/2884 2092/1020/2884 748/2095/2884
f 905/2099/2885 2453/2104/2885 4041/1017/2885 2450/2094/2885
f 2453/2104/2886 747/2103/2886 1547/1018/2886 4041/1017/2886
f 2454/2106/2887 4042/1013/2887 1293/1016/2887 493/2107/2887
f 906/2111/2888 2457/2116/2888 4042/1013/2888 2454/2106/2888
f 2457/2116/2889 746/2115/2889 1546/1014/2889 4042/1013/2889
f 2458/2118/2890 4043/1009/2890 2089/1012/2890 745/2119/2890
f 907/2123/2891 2461/2128/2891 4043/1009/2891 2458/2118/2891
f 2461/2128/2892 527/2127/2892 1327/1010/2892 4043/1009/2892
f 2462/2130/2893 4044/1005/2893 2088/1008/2893 744/2131/2893
f 908/2135/2894 2465/2140/2894 4044/1005/2894 2462/2130/2894
f 2465/2140/2895 743/2139/2895 1543/1006/2895 4044/1005/2895
f 2466/2142/2896 4045/1001/2896 1728/1004/2896 384/2143/2896
f 909/2147/2897 2469/2152/2897 4045/1001/2897 2466/2142/2897
f 2469/2152/2898 742/2151/2898 1542/1002/2898 4045/1001/2898
f 2470/2154/2899 4046/997/2899 2085/1000/2899 741/2155/2899
f 910/2159/2900 2473/2164/2900 4046/997/2900 2470/2154/2900
f 2473/2164/2901 514/2163/2901 1314/998/2901 4046/997/2901
f 2474/2166/2902 4047/993/2902 2084/996/2902 740/2167/2902
f 911/2171/2903 2477/2176/2903 4047/993/2903 2474/2166/2903
f 2477/2176/2904 739/2175/2904 1539/994/2904 4047/993/2904
f 2478/2178/2905 4048/989/2905 1729/992/2905 385/2179/2905
f 912/2183/2906 2481/2188/2906 4048/989/2906 2478/2178/2906
f 2481/2188/2907 738/2187/2907 1538/990/2907 4048/989/2907
f 2482/2190/2908 4049/985/2908 2081/988/2908 737/2191/2908
f 913/2195/2909 2485/2200/2909 4049/985/2909 2482/2190/2909
f 2485/2200/2910 530/2199/2910 1330/986/2910 4049/985/2910
f 2486/2202/2911 4050/981/2911 2080/984/2911 736/2203/2911
f 914/2207/2912 2489/2212/2912 4050/981/2912 2486/2202/2912
f 2489/2212/2913 735/2211/2913 1535/982/2913 4050/981/2913
f 2490/2214/2914 4051/977/2914 1673/980/2914 329/2215/2914
f 915/2219/2915 2493/2224/2915 4051/977/2915 2490/2214/2915
f 2493/2224/2916 734/2223/2916 1534/978/2916 4051/977/2916
f 2494/2226/2917 4052/973/2917 2077/976/2917 733/2227/2917
f 916/2231/2918 2497/2236/2918 4052/973/2918 2494/2226/2918
f 2497/2236/2919 531/2235/2919 1331/974/2919 4052/973/2919
f 2498/2238/6 4053/969/6 2076/972/6 732/2239/6
f 917/2243/6 2501/2248/6 4053/969/6 2498/2238/6
f 2501/2248/6 731/2247/6 1531/970/6 4053/969/6
f 2502/2250/2920 4054/965/2920 1732/968/2920 388/2251/2920
f 918/2255/2921 2505/2260/2921 4054/965/2921 2502/2250/2921
f 2505/2260/2922 730/2259/2922 1530/966/2922 4054/965/2922
f 2506/2262/2923 4055/961/2923 2073/964/2923 729/2263/2923
f 919/2267/2924 2509/2272/2924 4055/961/2924 2506/2262/2924
f 2509/2272/2925 498/2271/2925 1298/962/2925 4055/961/2925
f 2510/2274/2926 4056/957/2926 2072/960/2926 728/2275/2926
f 920/2279/2927 2513/2284/2927 4056/957/2927 2510/2274/2927
f 2513/2284/2928 727/2283/2928 1527/958/2928 4056/957/2928
f 2514/2286/2929 4057/953/2929 1733/956/2929 389/2287/2929
f 921/2291/2930 2517/2296/2930 4057/953/2930 2514/2286/2930
f 2517/2296/2931 726/2295/2931 1526/954/2931 4057/953/2931
f 2518/2298/2932 4058/949/2932 2069/952/2932 725/2299/2932
f 922/2303/2933 2521/2308/2933 4058/949/2933 2518/2298/2933
f 2521/2308/2934 534/2307/2934 1334/950/2934 4058/949/2934
f 2522/2310/6 4059/945/6 2068/948/6 724/2311/6
f 923/2315/6 2525/2320/6 4059/945/6 2522/2310/6
f 2525/2320/6 723/2319/6 1523/946/6 4059/945/6
f 2526/2322/6 4060/941/6 1672/944/6 328/2323/6
f 924/2327/6 2529/2332/6 4060/941/6 2526/2322/6
f 2529/2332/2935 722/2331/2935 1522/942/2935 4060/941/2935
f 2530/2334/2936 4061/937/2936 2065/940/2936 721/2335/2936
f 925/2339/2937 2533/2344/2937 4061/937/2937 2530/2334/2937
f 2533/2344/2938 535/2343/2938 1335/938/2938 4061/937/2938
f 2534/2346/2939 4062/933/2939 2064/936/2939 720/2347/2939
f 926/2351/2940 2537/2356/2940 4062/933/2940 2534/2346/2940
f 2537/2356/2941 719/2355/2941 1519/934/2941 4062/933/2941
f 2538/2358/6 4063/929/6 1736/932/6 392/2359/6
f 927/2363/6 2541/2368/6 4063/929/6 2538/2358/6
f 2541/2368/6 718/2367/6 1518/930/6 4063/929/6
f 2542/2370/6 4064/925/6 2061/928/6 717/2371/6
f 928/2375/6 2545/2380/6 4064/925/6 2542/2370/6
f 2545/2380/6 511/2379/6 1311/926/6 4064/925/6
f 2546/2382/2942 4065/921/2942 2060/924/2942 716/2383/2942
f 929/2387/2943 2549/2392/2943 4065/921/2943 2546/2382/2943
f 2549/2392/2944 715/2391/2944 1515/922/2944 4065/921/2944
f 2550/2394/2945 4066/917/2945 1737/920/2945 393/2395/2945
f 930/2399/2946 2553/2404/2946 4066/917/2946 2550/2394/2946
f 2553/2404/2947 714/2403/2947 1514/918/2947 4066/917/2947
f 2554/2406/2948 4067/913/2948 2057/916/2948 713/2407/2948
f 931/2411/2949 2557/2416/2949 4067/913/2949 2554/2406/2949
f 2557/2416/2950 538/2415/2950 1338/914/2950 4067/913/2950
f 2558/2418/6 4068/909/6 2056/912/6 712/2419/6
f 932/2423/6 2561/2428/6 4068/909/6 2558/2418/6
f 2561/2428/6 711/2427/6 1511/910/6 4068/909/6
f 2562/2430/6 4069/905/6 1297/908/6 497/2431/6
f 933/2435/6 2565/2440/6 4069/905/6 2562/2430/6
f 2565/2440/6 710/2439/6 1510/906/6 4069/905/6
f 2566/2442/2951 4070/901/2951 2053/904/2951 709/2443/2951
f 934/2447/2952 2569/2452/2952 4070/901/2952 2566/2442/2952
f 2569/2452/2953 539/2451/2953 1339/902/2953 4070/901/2953
f 2570/2454/6 4071/897/6 2052/900/6 708/2455/6
f 935/2459/6 2573/2464/6 4071/897/6 2570/2454/6
f 2573/2464/2954 707/2463/2954 1507/898/2954 4071/897/2954
f 2574/2466/6 4072/893/6 1740/896/6 396/2467/6
f 936/2471/6 2577/2476/6 4072/893/6 2574/2466/6
f 2577/2476/2955 706/2475/2955 1506/894/2955 4072/893/2955
f 2578/2478/2956 4073/889/2956 2049/892/2956 705/2479/2956
f 937/2483/2957 2581/2488/2957 4073/889/2957 2578/2478/2957
f 2581/2488/2958 510/2487/2958 1310/890/2958 4073/889/2958
f 2582/2490/2959 4074/885/2959 2048/888/2959 704/2491/2959
f 938/2495/2960 2585/2500/2960 4074/885/2960 2582/2490/2960
f 2585/2500/2961 703/2499/2961 1503/886/2961 4074/885/2961
f 2586/2502/2962 4075/881/2962 1741/884/2962 397/2503/2962
f 939/2507/2963 2589/2512/2963 4075/881/2963 2586/2502/2963
f 2589/2512/2964 702/2511/2964 1502/882/2964 4075/881/2964
f 2590/2514/2965 4076/877/2965 2045/880/2965 701/2515/2965
f 940/2519/2966 2593/2524/2966 4076/877/2966 2590/2514/2966
f 2593/2524/2967 542/2523/2967 1342/878/2967 4076/877/2967
f 2594/2526/2968 4077/873/2968 2044/876/2968 700/2527/2968
f 941/2531/2969 2597/2536/2969 4077/873/2969 2594/2526/2969
f 2597/2536/2970 699/2535/2970 1499/874/2970 4077/873/2970
f 2598/2538/2971 4078/869/2971 1669/872/2971 325/2539/2971
f 942/2543/2972 2601/2548/2972 4078/869/2972 2598/2538/2972
f 2601/2548/2973 698/2547/2973 1498/870/2973 4078/869/2973
f 2602/2550/2974 4079/865/2974 2041/868/2974 697/2551/2974
f 943/2555/2975 2605/2560/2975 4079/865/2975 2602/2550/2975
f 2605/2560/2976 543/2559/2976 1343/866/2976 4079/865/2976
f 2606/2562/2977 4080/861/2977 2040/864/2977 696/2563/2977
f 944/2567/2978 2609/2572/2978 4080/861/2978 2606/2562/2978
f 2609/2572/2979 695/2571/2979 1495/862/2979 4080/861/2979
f 2610/2574/2980 4081/857/2980 1744/860/2980 400/2575/2980
f 945/2579/2981 2613/2584/2981 4081/857/2981 2610/2574/2981
f 2613/2584/2982 694/2583/2982 1494/858/2982 4081/857/2982
f 2614/2586/2983 4082/853/2983 2037/856/2983 693/2587/2983
f 946/2591/2984 2617/2596/2984 4082/853/2984 2614/2586/2984
f 2617/2596/6 499/2595/6 1299/854/6 4082/853/6
f 2618/2598/2985 4083/849/2985 2036/852/2985 692/2599/2985
f 947/2603/2986 2621/2608/2986 4083/849/2986 2618/2598/2986
f 2621/2608/2987 691/2607/2987 1491/850/2987 4083/849/2987
f 2622/2610/2988 4084/845/2988 1745/848/2988 401/2611/2988
f 948/2615/2989 2625/2620/2989 4084/845/2989 2622/2610/2989
f 2625/2620/2990 690/2619/2990 1490/846/2990 4084/845/2990
f 2626/2622/2991 4085/841/2991 2033/844/2991 689/2623/2991
f 949/2627/2992 2629/2632/2992 4085/841/2992 2626/2622/2992
f 2629/2632/2993 546/2631/2993 1346/842/2993 4085/841/2993
f 2630/2634/6 4086/837/6 2032/840/6 688/2635/6
f 950/2639/6 2633/2644/6 4086/837/6 2630/2634/6
f 2633/2644/6 687/2643/6 1487/838/6 4086/837/6
f 2634/2646/6 4087/833/6 1668/836/6 324/2647/6
f 951/2651/6 2637/2656/6 4087/833/6 2634/2646/6
f 2637/2656/6 686/2655/6 1486/834/6 4087/833/6
f 2638/2658/6 4088/829/6 2029/832/6 685/2659/6
f 952/2663/6 2641/2668/6 4088/829/6 2638/2658/6
f 2641/2668/6 547/2667/6 1347/830/6 4088/829/6
f 2642/2670/6 4089/825/6 2028/828/6 684/2671/6
f 953/2675/6 2645/2680/6 4089/825/6 2642/2670/6
f 2645/2680/6 683/2679/6 1483/826/6 4089/825/6
f 2646/2682/6 4090/821/6 1748/824/6 404/2683/6
f 954/2687/6 2649/2692/6 4090/821/6 2646/2682/6
f 2649/2692/6 682/2691/6 1482/822/6 4090/821/6
f 2650/2694/2994 4091/817/2994 2025/820/2994 681/2695/2994
f 955/2699/2995 2653/2704/2995 4091/817/2995 2650/2694/2995
f 2653/2704/2996 507/2703/2996 1307/818/2996 4091/817/2996
f 2654/2706/2997 4092/813/2997 2024/816/2997 680/2707/2997
f 956/2711/2998 2657/2716/2998 4092/813/2998 2654/2706/2998
f 2657/2716/2999 679/2715/2999 1479/814/2999 4092/813/2999
f 2658/2718/3000 4093/809/3000 1749/812/3000 405/2719/3000
f 957/2723/3001 2661/2728/3001 4093/809/3001 2658/2718/3001
f 2661/2728/3002 678/2727/3002 1478/810/3002 4093/809/3002
f 2662/2730/3003 4094/805/3003 2021/808/3003 677/2731/3003
f 958/2735/3004 2665/2740/3004 4094/805/3004 2662/2730/3004
f 2665/2740/3005 550/2739/3005 1350/806/3005 4094/805/3005
f 2666/2742/3006 4095/801/3006 2020/804/3006 676/2743/3006
f 959/2747/3007 2669/2752/3007 4095/801/3007 2666/2742/3007
f 2669/2752/3008 675/2751/3008 1475/802/3008 4095/801/3008
f 2670/2754/3009 4096/797/3009 1648/800/3009 304/2755/3009
f 960/2759/3010 2673/2764/3010 4096/797/3010 2670/2754/3010
f 2673/2764/3011 674/2763/3011 1474/798/3011 4096/797/3011
f 2674/2766/3012 4097/793/3012 2017/796/3012 673/2767/3012
f 961/2771/3013 2677/2776/3013 4097/793/3013 2674/2766/3013
f 2677/2776/3014 551/2775/3014 1351/794/3014 4097/793/3014
f 2678/2778/6 4098/789/6 2016/792/6 672/2779/6
f 962/2783/6 2681/2788/6 4098/789/6 2678/2778/6
f 2681/2788/6 671/2787/6 1471/790/6 4098/789/6
f 2682/2790/6 4099/785/6 1752/788/6 408/2791/6
f 963/2795/6 2685/2800/6 4099/785/6 2682/2790/6
f 2685/2800/6 670/2799/6 1470/786/6 4099/785/6
f 2686/2802/3015 4100/781/3015 2013/784/3015 669/2803/3015
f 964/2807/3016 2689/2812/3016 4100/781/3016 2686/2802/3016
f 2689/2812/3017 506/2811/3017 1306/782/3017 4100/781/3017
f 2690/2814/3018 4101/777/3018 2012/780/3018 668/2815/3018
f 965/2819/3019 2693/2824/3019 4101/777/3019 2690/2814/3019
f 2693/2824/3020 667/2823/3020 1467/778/3020 4101/777/3020
f 2694/2826/3021 4102/773/3021 1753/776/3021 409/2827/3021
f 966/2831/3022 2697/2836/3022 4102/773/3022 2694/2826/3022
f 2697/2836/3023 666/2835/3023 1466/774/3023 4102/773/3023
f 2698/2838/3024 4103/769/3024 2009/772/3024 665/2839/3024
f 967/2843/3025 2701/2848/3025 4103/769/3025 2698/2838/3025
f 2701/2848/6 554/2847/6 1354/770/6 4103/769/6
f 2702/2850/3026 4104/765/3026 2008/768/3026 664/2851/3026
f 968/2855/3027 2705/2860/3027 4104/765/3027 2702/2850/3027
f 2705/2860/3028 663/2859/3028 1463/766/3028 4104/765/3028
f 2706/2862/3029 4105/761/3029 1665/764/3029 321/2863/3029
f 969/2867/3030 2709/2872/3030 4105/761/3030 2706/2862/3030
f 2709/2872/3031 662/2871/3031 1462/762/3031 4105/761/3031
f 2710/2874/6 4106/757/6 2005/760/6 661/2875/6
f 970/2879/6 2713/2884/6 4106/757/6 2710/2874/6
f 2713/2884/6 555/2883/6 1355/758/6 4106/757/6
f 2714/2886/6 4107/753/6 2004/756/6 660/2887/6
f 971/2891/6 2717/2896/6 4107/753/6 2714/2886/6
f 2717/2896/6 659/2895/6 1459/754/6 4107/753/6
f 2718/2898/6 4108/749/6 1756/752/6 412/2899/6
f 972/2903/6 2721/2908/6 4108/749/6 2718/2898/6
f 2721/2908/6 658/2907/6 1458/750/6 4108/749/6
f 2722/2910/6 4109/745/6 2001/748/6 657/2911/6
f 973/2915/6 2725/2920/6 4109/745/6 2722/2910/6
f 2725/2920/6 294/2919/6 1638/746/6 4109/745/6
f 2726/2922/6 4110/741/6 2000/744/6 656/2923/6
f 974/2927/6 2729/2932/6 4110/741/6 2726/2922/6
f 2729/2932/6 655/2931/6 1455/742/6 4110/741/6
f 2730/2934/6 4111/737/6 1757/740/6 413/2935/6
f 975/2939/6 2733/2944/6 4111/737/6 2730/2934/6
f 2733/2944/6 654/2943/6 1454/738/6 4111/737/6
f 2734/2946/3032 4112/733/3032 1997/736/3032 653/2947/3032
f 976/2951/3033 2737/2956/3033 4112/733/3033 2734/2946/3033
f 2737/2956/3034 558/2955/3034 1358/734/3034 4112/733/3034
f 2738/2958/3035 4113/729/3035 1996/732/3035 652/2959/3035
f 977/2963/3036 2741/2968/3036 4113/729/3036 2738/2958/3036
f 2741/2968/3037 651/2967/3037 1451/730/3037 4113/729/3037
f 2742/2970/3038 4114/725/3038 1664/728/3038 320/2971/3038
f 978/2975/3039 2745/2980/3039 4114/725/3039 2742/2970/3039
f 2745/2980/3040 650/2979/3040 1450/726/3040 4114/725/3040
f 2746/2982/3041 4115/721/3041 1993/724/3041 649/2983/3041
f 979/2987/3042 2749/2992/3042 4115/721/3042 2746/2982/3042
f 2749/2992/3043 559/2991/3043 1359/722/3043 4115/721/3043
f 2750/2994/3044 4116/717/3044 1992/720/3044 648/2995/3044
f 980/2999/3045 2753/3004/3045 4116/717/3045 2750/2994/3045
f 2753/3004/3046 647/3003/3046 1447/718/3046 4116/717/3046
f 2754/3006/3047 4117/713/3047 1760/716/3047 416/3007/3047
f 981/3011/3048 2757/3016/3048 4117/713/3048 2754/3006/3048
f 2757/3016/3049 646/3015/3049 1446/714/3049 4117/713/3049
f 2758/3018/6 4118/709/6 1989/712/6 645/3019/6
f 982/3023/6 2761/3028/6 4118/709/6 2758/3018/6
f 2761/3028/6 503/3027/6 1303/710/6 4118/709/6
f 2762/3030/3050 4119/705/3050 1988/708/3050 644/3031/3050
f 983/3035/3051 2765/3040/3051 4119/705/3051 2762/3030/3051
f 2765/3040/3052 643/3039/3052 1443/706/3052 4119/705/3052
f 2766/3042/3053 4120/701/3053 1761/704/3053 417/3043/3053
f 984/3047/3054 2769/3052/3054 4120/701/3054 2766/3042/3054
f 2769/3052/3055 642/3051/3055 1442/702/3055 4120/701/3055
f 2770/3054/3056 4121/697/3056 1985/700/3056 641/3055/3056
f 985/3059/3057 2773/3064/3057 4121/697/3057 2770/3054/3057
f 2773/3064/3058 562/3063/3058 1362/698/3058 4121/697/3058
f 2774/3066/3059 4122/693/3059 1984/696/3059 640/3067/3059
f 986/3071/3060 2777/3076/3060 4122/693/3060 2774/3066/3060
f 2777/3076/3061 639/3075/3061 1439/694/3061 4122/693/3061
f 2778/3078/3062 4123/689/3062 1649/692/3062 305/3079/3062
f 987/3083/3063 2781/3088/3063 4123/689/3063 2778/3078/3063
f 2781/3088/3064 638/3087/3064 1438/690/3064 4123/689/3064
f 2782/3090/3065 4124/685/3065 1981/688/3065 637/3091/3065
f 988/3095/3066 2785/3100/3066 4124/685/3066 2782/3090/3066
f 2785/3100/3067 563/3099/3067 1363/686/3067 4124/685/3067
f 2786/3102/3068 4125/681/3068 1980/684/3068 636/3103/3068
f 989/3107/3069 2789/3112/3069 4125/681/3069 2786/3102/3069
f 2789/3112/3070 635/3111/3070 1435/682/3070 4125/681/3070
f 2790/3114/3071 4126/677/3071 1764/680/3071 420/3115/3071
f 990/3119/3072 2793/3124/3072 4126/677/3072 2790/3114/3072
f 2793/3124/3073 634/3123/3073 1434/678/3073 4126/677/3073
f 2794/3126/3074 4127/673/3074 1977/676/3074 633/3127/3074
f 991/3131/3075 2797/3136/3075 4127/673/3075 2794/3126/3075
f 2797/3136/3076 502/3135/3076 1302/674/3076 4127/673/3076
f 2798/3138/3077 4128/669/3077 1976/672/3077 632/3139/3077
f 992/3143/3078 2801/3148/3078 4128/669/3078 2798/3138/3078
f 2801/3148/3079 631/3147/3079 1431/670/3079 4128/669/3079
f 2802/3150/3080 4129/665/3080 1765/668/3080 421/3151/3080
f 993/3155/3081 2805/3160/3081 4129/665/3081 2802/3150/3081
f 2805/3160/3082 630/3159/3082 1430/666/3082 4129/665/3082
f 2806/3162/3083 4130/661/3083 1973/664/3083 629/3163/3083
f 994/3167/3084 2809/3172/3084 4130/661/3084 2806/3162/3084
f 2809/3172/3085 566/3171/3085 1366/662/3085 4130/661/3085
f 2810/3174/3086 4131/657/3086 1972/660/3086 628/3175/3086
f 995/3179/3087 2813/3184/3087 4131/657/3087 2810/3174/3087
f 2813/3184/3088 627/3183/3088 1427/658/3088 4131/657/3088
f 2814/3186/3089 4132/653/3089 1661/656/3089 317/3187/3089
f 996/3191/3090 2817/3196/3090 4132/653/3090 2814/3186/3090
f 2817/3196/3091 626/3195/3091 1426/654/3091 4132/653/3091
f 2818/3198/3092 4133/649/3092 1969/652/3092 625/3199/3092
f 997/3203/3093 2821/3208/3093 4133/649/3093 2818/3198/3093
f 2821/3208/3094 567/3207/3094 1367/650/3094 4133/649/3094
f 2822/3210/3095 4134/645/3095 1968/648/3095 624/3211/3095
f 998/3215/3096 2825/3220/3096 4134/645/3096 2822/3210/3096
f 2825/3220/3097 623/3219/3097 1423/646/3097 4134/645/3097
f 2826/3222/3098 4135/641/3098 1768/644/3098 424/3223/3098
f 999/3227/3099 2829/3232/3099 4135/641/3099 2826/3222/3099
f 2829/3232/3100 622/3231/3100 1422/642/3100 4135/641/3100
f 2830/3234/6 4136/637/6 1965/640/6 621/3235/6
f 1000/3239/6 2833/3244/6 4136/637/6 2830/3234/6
f 2833/3244/6 306/3243/6 1650/638/6 4136/637/6
f 2834/3246/6 4137/633/6 1964/636/6 620/3247/6
f 1001/3251/6 2837/3256/6 4137/633/6 2834/3246/6
f 2837/3256/6 619/3255/6 1419/634/6 4137/633/6
f 2838/3258/3101 4138/629/3101 1769/632/3101 425/3259/3101
f 1002/3263/3102 2841/3268/3102 4138/629/3102 2838/3258/3102
f 2841/3268/3103 618/3267/3103 1418/630/3103 4138/629/3103
f 2842/3270/3104 4139/625/3104 1961/628/3104 617/3271/3104
f 1003/3275/3105 2845/3280/3105 4139/625/3105 2842/3270/3105
f 2845/3280/3106 570/3279/3106 1370/626/3106 4139/625/3106
f 2846/3282/3107 4140/621/3107 1960/624/3107 616/3283/3107
f 1004/3287/3108 2849/3292/3108 4140/621/3108 2846/3282/3108
f 2849/3292/3109 615/3291/3109 1415/622/3109 4140/621/3109
f 2850/3294/6 4141/617/6 1660/620/6 316/3295/6
f 1005/3299/6 2853/3304/6 4141/617/6 2850/3294/6
f 2853/3304/6 614/3303/6 1414/618/6 4141/617/6
f 2854/3306/3110 4142/613/3110 1957/616/3110 613/3307/3110
f 1006/3311/3111 2857/3316/3111 4142/613/3111 2854/3306/3111
f 2857/3316/3112 571/3315/3112 1371/614/3112 4142/613/3112
f 2858/3318/3113 4143/609/3113 1956/612/3113 612/3319/3113
f 1007/3323/3114 2861/3328/3114 4143/609/3114 2858/3318/3114
f 2861/3328/3115 611/3327/3115 1411/610/3115 4143/609/3115
f 2862/3330/3116 4144/605/3116 1772/608/3116 428/3331/3116
f 1008/3335/3117 2865/3340/3117 4144/605/3117 2862/3330/3117
f 2865/3340/3118 610/3339/3118 1410/606/3118 4144/605/3118
f 2866/3342/3119 4145/601/3119 1953/604/3119 609/3343/3119
f 1009/3347/3120 2869/3352/3120 4145/601/3120 2866/3342/3120
f 2869/3352/3121 487/3351/3121 1287/602/3121 4145/601/3121
f 2870/3354/3122 4146/597/3122 1952/600/3122 608/3355/3122
f 1010/3359/3123 2873/3364/3123 4146/597/3123 2870/3354/3123
f 2873/3364/3124 607/3363/3124 1407/598/3124 4146/597/3124
f 2874/3366/3125 4147/593/3125 1773/596/3125 429/3367/3125
f 1011/3371/3126 2877/3376/3126 4147/593/3126 2874/3366/3126
f 2877/3376/3127 606/3375/3127 1406/594/3127 4147/593/3127
f 2878/3378/3128 4148/589/3128 1949/592/3128 605/3379/3128
f 1012/3383/3129 2881/3388/3129 4148/589/3129 2878/3378/3129
f 2881/3388/3130 574/3387/3130 1374/590/3130 4148/589/3130
f 2882/3390/3131 4149/585/3131 1948/588/3131 604/3391/3131
f 1013/3395/3132 2885/3400/3132 4149/585/3132 2882/3390/3132
f 2885/3400/3133 603/3399/3133 1403/586/3133 4149/585/3133
f 2886/3402/3134 4150/581/3134 1285/584/3134 485/3403/3134
f 1014/3407/3135 2889/3412/3135 4150/581/3135 2886/3402/3135
f 2889/3412/3136 602/3411/3136 1402/582/3136 4150/581/3136
f 2890/3414/3137 4151/577/3137 1945/580/3137 601/3415/3137
f 1015/3419/3138 2893/3424/3138 4151/577/3138 2890/3414/3138
f 2893/3424/3139 575/3423/3139 1375/578/3139 4151/577/3139
f 2894/3426/3140 4152/573/3140 1944/576/3140 600/3427/3140
f 1016/3431/3141 2897/3436/3141 4152/573/3141 2894/3426/3141
f 2897/3436/3142 599/3435/3142 1399/574/3142 4152/573/3142
f 2898/3438/3143 4153/569/3143 1776/572/3143 432/3439/3143
f 1017/3443/3144 2901/3448/3144 4153/569/3144 2898/3438/3144
f 2901/3448/3145 598/3447/3145 1398/570/3145 4153/569/3145
f 2902/3450/3146 4154/565/3146 1941/568/3146 597/3451/3146
f 1018/3455/3147 2905/3460/3147 4154/565/3147 2902/3450/3147
f 2905/3460/3148 486/3459/3148 1286/566/3148 4154/565/3148
f 2906/3462/3149 4155/561/3149 1940/564/3149 596/3463/3149
f 1019/3467/3150 2909/3472/3150 4155/561/3150 2906/3462/3150
f 2909/3472/3151 595/3471/3151 1395/562/3151 4155/561/3151
f 2910/3474/3152 4156/557/3152 1777/560/3152 433/3475/3152
f 1020/3479/3153 2913/3484/3153 4156/557/3153 2910/3474/3153
f 2913/3484/3154 594/3483/3154 1394/558/3154 4156/557/3154
f 2914/3486/3155 4157/553/3155 1937/556/3155 593/3487/3155
f 1021/3491/3156 2917/3496/3156 4157/553/3156 2914/3486/3156
f 2917/3496/3157 578/3495/3157 1378/554/3157 4157/553/3157
f 2918/3498/3158 4158/549/3158 1936/552/3158 592/3499/3158
f 1022/3503/3159 2921/3508/3159 4158/549/3159 2918/3498/3159
f 2921/3508/3160 591/3507/3160 1391/550/3160 4158/549/3160
f 2922/3510/6 4159/545/6 1281/548/6 481/3511/6
f 1023/3515/3161 2925/3520/3161 4159/545/3161 2922/3510/3161
f 2925/3520/3162 590/3519/3162 1390/546/3162 4159/545/3162
f 2926/3522/3163 4160/541/3163 1933/544/3163 589/3523/3163
f 1024/3527/3164 2929/3532/3164 4160/541/3164 2926/3522/3164
f 2929/3532/3165 579/3531/3165 1379/542/3165 4160/541/3165
f 2930/3534/3166 4161/537/3166 1932/540/3166 588/3535/3166
f 1025/3539/3167 2933/3544/3167 4161/537/3167 2930/3534/3167
f 2933/3544/3168 587/3543/3168 1387/538/3168 4161/537/3168
f 2934/3546/3169 4162/533/3169 1780/536/3169 436/3547/3169
f 1026/3551/3170 2937/3556/3170 4162/533/3170 2934/3546/3170
f 2937/3556/3171 586/3555/3171 1386/534/3171 4162/533/3171
f 2938/3558/3172 4163/529/3172 1929/532/3172 585/3559/3172
f 1027/3563/3173 2941/3568/3173 4163/529/3173 2938/3558/3173
f 2941/3568/3174 310/3567/3174 1654/530/3174 4163/529/3174
f 2942/3570/3175 4164/525/3175 1928/528/3175 584/3571/3175
f 1028/3575/3176 2945/3580/3176 4164/525/3176 2942/3570/3176
f 2945/3580/3177 583/3579/3177 1383/526/3177 4164/525/3177
f 2946/3582/6 4165/521/6 1781/524/6 437/3583/6
f 1029/3587/3178 2949/3592/3178 4165/521/3178 2946/3582/3178
f 2949/3592/6 582/3591/6 1382/522/6 4165/521/6
f 2950/3594/6 4166/517/6 1925/520/6 581/3595/6
f 1030/3599/6 2953/3604/6 4166/517/6 2950/3594/6
f 2953/3604/6 454/3603/6 1798/518/6 4166/517/6
f 2954/3606/3179 4167/513/3179 1924/516/3179 580/3607/3179
f 1031/3611/3180 2957/3616/3180 4167/513/3180 2954/3606/3180
f 2957/3616/3181 435/3615/3181 1235/514/3181 4167/513/3181
f 2958/3618/6 4168/509/6 1137/512/6 337/3619/6
f 1032/3623/6 2961/3628/6 4168/509/6 2958/3618/6
f 2961/3628/6 434/3627/6 1234/510/6 4168/509/6
f 2962/3630/3182 4169/505/3182 1921/508/3182 577/3631/3182
f 1033/3635/3183 2965/3640/3183 4169/505/3183 2962/3630/3183
f 2965/3640/3184 342/3639/3184 1142/506/3184 4169/505/3184
f 2966/3642/3185 4170/501/3185 1920/504/3185 576/3643/3185
f 1034/3647/3186 2969/3652/3186 4170/501/3186 2966/3642/3186
f 2969/3652/3187 431/3651/3187 1231/502/3187 4170/501/3187
f 2970/3654/6 4171/497/6 1141/500/6 341/3655/6
f 1035/3659/3188 2973/3664/3188 4171/497/3188 2970/3654/3188
f 2973/3664/6 430/3663/6 1230/498/6 4171/497/6
f 2974/3666/3189 4172/493/3189 1917/496/3189 573/3667/3189
f 1036/3671/3190 2977/3676/3190 4172/493/3190 2974/3666/3190
f 2977/3676/3191 343/3675/3191 1143/494/3191 4172/493/3191
f 2978/3678/3192 4173/489/3192 1916/492/3192 572/3679/3192
f 1037/3683/3193 2981/3688/3193 4173/489/3193 2978/3678/3193
f 2981/3688/3194 427/3687/3194 1227/490/3194 4173/489/3194
f 2982/3690/3195 4174/485/3195 1804/488/3195 460/3691/3195
f 1038/3695/3196 2985/3700/3196 4174/485/3196 2982/3690/3196
f 2985/3700/3197 426/3699/3197 1226/486/3197 4174/485/3197
f 2986/3702/3198 4175/481/3198 1913/484/3198 569/3703/3198
f 1039/3707/6 2989/3712/6 4175/481/6 2986/3702/6
f 2989/3712/6 450/3711/6 1794/482/6 4175/481/6
f 2990/3714/3199 4176/477/3199 1912/480/3199 568/3715/3199
f 1040/3719/3200 2993/3724/3200 4176/477/3200 2990/3714/3200
f 2993/3724/3201 423/3723/3201 1223/478/3201 4176/477/3201
f 2994/3726/3202 4177/473/3202 1805/476/3202 461/3727/3202
f 1041/3731/3203 2997/3736/3203 4177/473/3203 2994/3726/3203
f 2997/3736/3204 422/3735/3204 1222/474/3204 4177/473/3204
f 2998/3738/3205 4178/469/3205 1909/472/3205 565/3739/3205
f 1042/3743/3206 3001/3748/3206 4178/469/3206 2998/3738/3206
f 3001/3748/3207 358/3747/3207 1158/470/3207 4178/469/3207
f 3002/3750/3208 4179/465/3208 1908/468/3208 564/3751/3208
f 1043/3755/3209 3005/3760/3209 4179/465/3209 3002/3750/3209
f 3005/3760/3210 419/3759/3210 1219/466/3210 4179/465/3210
f 3006/3762/3211 4180/461/3211 1793/464/3211 449/3763/3211
f 1044/3767/3212 3009/3772/3212 4180/461/3212 3006/3762/3212
f 3009/3772/3213 418/3771/3213 1218/462/3213 4180/461/3213
f 3010/3774/6 4181/457/6 1905/460/6 561/3775/6
f 1045/3779/6 3013/3784/6 4181/457/6 3010/3774/6
f 3013/3784/6 359/3783/6 1159/458/6 4181/457/6
f 3014/3786/3214 4182/453/3214 1904/456/3214 560/3787/3214
f 1046/3791/3215 3017/3796/3215 4182/453/3215 3014/3786/3215
f 3017/3796/3216 415/3795/3216 1215/454/3216 4182/453/3216
f 3018/3798/6 4183/449/6 1808/452/6 464/3799/6
f 1047/3803/6 3021/3808/6 4183/449/6 3018/3798/6
f 3021/3808/3217 414/3807/3217 1214/450/3217 4183/449/3217
f 3022/3810/6 4184/445/6 1901/448/6 557/3811/6
f 1048/3815/6 3025/3820/6 4184/445/6 3022/3810/6
f 3025/3820/6 438/3819/6 1782/446/6 4184/445/6
f 3026/3822/6 4185/441/6 1900/444/6 556/3823/6
f 1049/3827/6 3029/3832/6 4185/441/6 3026/3822/6
f 3029/3832/6 411/3831/6 1211/442/6 4185/441/6
f 3030/3834/3218 4186/437/3218 1809/440/3218 465/3835/3218
f 1050/3839/3219 3033/3844/3219 4186/437/3219 3030/3834/3219
f 3033/3844/3220 410/3843/3220 1210/438/3220 4186/437/3220
f 3034/3846/3221 4187/433/3221 1897/436/3221 553/3847/3221
f 1051/3851/3222 3037/3856/3222 4187/433/3222 3034/3846/3222
f 3037/3856/3223 362/3855/3223 1162/434/3223 4187/433/3223
f 3038/3858/3224 4188/429/3224 1896/432/3224 552/3859/3224
f 1052/3863/6 3041/3868/6 4188/429/6 3038/3858/6
f 3041/3868/3225 407/3867/3225 1207/430/3225 4188/429/3225
f 3042/3870/3226 4189/425/3226 1792/428/3226 448/3871/3226
f 1053/3875/3227 3045/3880/3227 4189/425/3227 3042/3870/3227
f 3045/3880/3228 406/3879/3228 1206/426/3228 4189/425/3228
f 3046/3882/3229 4190/421/3229 1893/424/3229 549/3883/3229
f 1054/3887/3230 3049/3892/3230 4190/421/3230 3046/3882/3230
f 3049/3892/3231 363/3891/3231 1163/422/3231 4190/421/3231
f 3050/3894/6 4191/417/6 1892/420/6 548/3895/6
f 1055/3899/6 3053/3904/6 4191/417/6 3050/3894/6
f 3053/3904/3232 403/3903/3232 1203/418/3232 4191/417/3232
f 3054/3906/3233 4192/413/3233 1812/416/3233 468/3907/3233
f 1056/3911/3234 3057/3916/3234 4192/413/3234 3054/3906/3234
f 3057/3916/3235 402/3915/3235 1202/414/3235 4192/413/3235
f 3058/3918/3236 4193/409/3236 1889/412/3236 545/3919/3236
f 1057/3923/3237 3061/3928/3237 4193/409/3237 3058/3918/3237
f 3061/3928/3238 355/3927/3238 1155/410/3238 4193/409/3238
f 3062/3930/3239 4194/405/3239 1888/408/3239 544/3931/3239
f 1058/3935/3240 3065/3940/3240 4194/405/3240 3062/3930/3240
f 3065/3940/3241 399/3939/3241 1199/406/3241 4194/405/3241
f 3066/3942/3242 4195/401/3242 1813/404/3242 469/3943/3242
f 1059/3947/3243 3069/3952/3243 4195/401/3243 3066/3942/3243
f 3069/3952/3244 398/3951/3244 1198/402/3244 4195/401/3244
f 3070/3954/3245 4196/397/3245 1885/400/3245 541/3955/3245
f 1060/3959/3246 3073/3964/3246 4196/397/3246 3070/3954/3246
f 3073/3964/3247 366/3963/3247 1166/398/3247 4196/397/3247
f 3074/3966/3248 4197/393/3248 1884/396/3248 540/3967/3248
f 1061/3971/3249 3077/3976/3249 4197/393/3249 3074/3966/3249
f 3077/3976/3250 395/3975/3250 1195/394/3250 4197/393/3250
f 3078/3978/6 4198/389/6 1153/392/6 353/3979/6
f 1062/3983/6 3081/3988/6 4198/389/6 3078/3978/6
f 3081/3988/6 394/3987/6 1194/390/6 4198/389/6
f 3082/3990/3251 4199/385/3251 1881/388/3251 537/3991/3251
f 1063/3995/3252 3085/4000/3252 4199/385/3252 3082/3990/3252
f 3085/4000/3253 367/3999/3253 1167/386/3253 4199/385/3253
f 3086/4002/6 4200/381/6 1880/384/6 536/4003/6
f 1064/4007/6 3089/4012/6 4200/381/6 3086/4002/6
f 3089/4012/6 391/4011/6 1191/382/6 4200/381/6
f 3090/4014/3254 4201/377/3254 1816/380/3254 472/4015/3254
f 1065/4019/3255 3093/4024/3255 4201/377/3255 3090/4014/3255
f 3093/4024/3256 390/4023/3256 1190/378/3256 4201/377/3256
f 3094/4026/3257 4202/373/3257 1877/376/3257 533/4027/3257
f 1066/4031/3258 3097/4036/3258 4202/373/3258 3094/4026/3258
f 3097/4036/3259 354/4035/3259 1154/374/3259 4202/373/3259
f 3098/4038/3260 4203/369/3260 1876/372/3260 532/4039/3260
f 1067/4043/3261 3101/4048/3261 4203/369/3261 3098/4038/3261
f 3101/4048/3262 387/4047/3262 1187/370/3262 4203/369/3262
f 3102/4050/3263 4204/365/3263 1817/368/3263 473/4051/3263
f 1068/4055/3264 3105/4060/3264 4204/365/3264 3102/4050/3264
f 3105/4060/3265 386/4059/3265 1186/366/3265 4204/365/3265
f 3106/4062/3266 4205/361/3266 1873/364/3266 529/4063/3266
f 1069/4067/3267 3109/4072/3267 4205/361/3267 3106/4062/3267
f 3109/4072/3268 370/4071/3268 1170/362/3268 4205/361/3268
f 3110/4074/3269 4206/357/3269 1872/360/3269 528/4075/3269
f 1070/4079/3270 3113/4084/3270 4206/357/3270 3110/4074/3270
f 3113/4084/3271 383/4083/3271 1183/358/3271 4206/357/3271
f 3114/4086/6 4207/353/6 1149/356/6 349/4087/6
f 1071/4091/3272 3117/4096/3272 4207/353/3272 3114/4086/3272
f 3117/4096/3273 382/4095/3273 1182/354/3273 4207/353/3273
f 3118/4098/3274 4208/349/3274 1869/352/3274 525/4099/3274
f 1072/4103/3275 3121/4108/3275 4208/349/3275 3118/4098/3275
f 3121/4108/3276 371/4107/3276 1171/350/3276 4208/349/3276
f 3122/4110/3277 4209/345/3277 1868/348/3277 524/4111/3277
f 1073/4115/3278 3125/4120/3278 4209/345/3278 3122/4110/3278
f 3125/4120/3279 379/4119/3279 1179/346/3279 4209/345/3279
f 3126/4122/3280 4210/341/3280 1820/344/3280 476/4123/3280
f 1074/4127/3281 3129/4132/3281 4210/341/3281 3126/4122/3281
f 3129/4132/3282 378/4131/3282 1178/342/3282 4210/341/3282
f 3130/4134/3283 4211/337/3283 1865/340/3283 521/4135/3283
f 1075/4139/3284 3133/4144/3284 4211/337/3284 3130/4134/3284
f 3133/4144/3285 442/4143/3285 1786/338/3285 4211/337/3285
f 3134/4146/3286 4212/333/3286 1864/336/3286 520/4147/3286
f 1076/4151/3287 3137/4156/3287 4212/333/3287 3134/4146/3287
f 3137/4156/3288 375/4155/3288 1175/334/3288 4212/333/3288
f 3138/4158/3289 4213/329/3289 1821/332/3289 477/4159/3289
f 1077/4163/3290 3141/4168/3290 4213/329/3290 3138/4158/3290
f 3141/4168/3291 374/4167/3291 1174/330/3291 4213/329/3291
f 3142/4170/3292 4214/325/3292 1861/328/3292 517/4171/3292
f 1078/4175/3293 3145/4180/3293 4214/325/3293 3142/4170/3293
f 3145/4180/3294 482/4179/3294 1826/326/3294 4214/325/3294
f 3146/4182/3295 4215/321/3295 1860/324/3295 516/4183/3295
f 1079/4187/3296 3149/4192/3296 4215/321/3296 3146/4182/3296
f 3149/4192/3297 331/4191/3297 1131/322/3297 4215/321/3297
f 3150/4194/6 4216/317/6 1109/320/6 309/4195/6
f 1080/4199/3298 3153/4204/3298 4216/317/3298 3150/4194/3298
f 3153/4204/3299 330/4203/3299 1130/318/3299 4216/317/3299
f 3154/4206/3300 4217/313/3300 1857/316/3300 513/4207/3300
f 1081/4211/3301 3157/4216/3301 4217/313/3301 3154/4206/3301
f 3157/4216/3302 314/4215/3302 1114/314/3302 4217/313/3302
f 3158/4218/3303 4218/309/3303 1856/312/3303 512/4219/3303
f 1082/4223/3304 3161/4228/3304 4218/309/3304 3158/4218/3304
f 3161/4228/3305 327/4227/3305 1127/310/3305 4218/309/3305
f 3162/4230/3306 4219/305/3306 1113/308/3306 313/4231/3306
f 1083/4235/3307 3165/4240/3307 4219/305/3307 3162/4230/3307
f 3165/4240/3308 326/4239/3308 1126/306/3308 4219/305/3308
f 3166/4242/3309 4220/301/3309 1853/304/3309 509/4243/3309
f 1084/4247/3310 3169/4252/3310 4220/301/3310 3166/4242/3310
f 3169/4252/3311 315/4251/3311 1115/302/3311 4220/301/3311
f 3170/4254/3312 4221/297/3312 1852/300/3312 508/4255/3312
f 1085/4259/3313 3173/4264/3313 4221/297/3313 3170/4254/3313
f 3173/4264/3314 323/4263/3314 1123/298/3314 4221/297/3314
f 3174/4266/3315 4222/293/3315 1832/296/3315 488/4267/3315
f 1086/4271/3316 3177/4276/3316 4222/293/3316 3174/4266/3316
f 3177/4276/6 322/4275/6 1122/294/6 4222/293/6
f 3178/4278/6 4223/289/6 1849/292/6 505/4279/6
f 1087/4283/6 3181/4288/6 4223/289/6 3178/4278/6
f 3181/4288/6 478/4287/6 1822/290/6 4223/289/6
f 3182/4290/3317 4224/285/3317 1848/288/3317 504/4291/3317
f 1088/4295/3318 3185/4300/3318 4224/285/3318 3182/4290/3318
f 3185/4300/3319 319/4299/3319 1119/286/3319 4224/285/3319
f 3186/4302/3320 4225/281/3320 1833/284/3320 489/4303/3320
f 1089/4307/3321 3189/4312/3321 4225/281/3321 3186/4302/3321
f 3189/4312/3322 318/4311/3322 1118/282/3322 4225/281/3322
f 3190/4314/3323 4226/277/3323 1845/280/3323 501/4315/3323
f 1090/4319/3324 3193/4324/3324 4226/277/3324 3190/4314/3324
f 3193/4324/3325 490/4323/3325 1834/278/3325 4226/277/3325
f 3194/4326/3326 4227/273/3326 1844/276/3326 500/4327/3326
f 1091/4331/3327 3197/4336/3327 4227/273/3327 3194/4326/3327
f 3197/4336/3328 303/4335/3328 1103/274/3328 4227/273/3328
f 3198/4338/3329 4228/269/3329 1101/272/3329 301/4339/3329
f 1092/4343/3330 3201/4348/3330 4228/269/3330 3198/4338/3330
f 3201/4348/3331 302/4347/3331 1102/270/3331 4228/269/3331
f 3202/4350/6 4229/265/6 1097/268/6 297/4351/6
f 1093/4355/6 3205/4360/6 4229/265/6 3202/4350/6
f 3205/4360/6 494/4359/6 1838/266/6 4229/265/6
